,"Company name: ABB
Company sector: Technology
Company location: Global
Pages: 76","Company name: ABB
Company sector: Technology
Company location: Global
Pages: 76","Company name: ABB
Company sector: Technology
Company location: Global
Pages: 76","Company name: ABB
Company sector: Technology
Company location: Global
Pages: 76","Company name: ABB
Company sector: Technology
Company location: Global
Pages: 76","Company name: ABB
Company sector: Technology
Company location: Global
Pages: 76","Company name: ABB
Company sector: Technology
Company location: Global
Pages: 76","Company name: ABB
Company sector: Technology
Company location: Global
Pages: 76","Company name: ABB
Company sector: Technology
Company location: Global
Pages: 76","Company name: ABB
Company sector: Technology
Company location: Global
Pages: 76","Company name: ABB
Company sector: Technology
Company location: Global
Pages: 76"
,tcfd_1,tcfd_2,tcfd_3,tcfd_4,tcfd_5,tcfd_6,tcfd_7,tcfd_8,tcfd_9,tcfd_10,tcfd_11
ANSWER,"ABB's sustainability report does not provide specific information on how the board oversees climate-related risks and opportunities. However, the report mentions that the company benchmarks peer companies and maps regulatory risks and macro trends to establish a comprehensive sustainability issues landscape. ABB also engages with stakeholders through a sustainability report review panel to challenge the company's approach to sustainable development and review the most material issues.","ABB involves all functions, regions, divisions, and country organizations in its global, integrated risk management process. The company also benchmarks peer companies and maps regulatory risks and macro trends to establish a comprehensive sustainability issues landscape. However, the report lacks specific information on the role of management in assessing and managing climate-related risks and opportunities.","ABB has identified climate change as a material issue and has set a long-term greenhouse gas reduction target. The company also recognizes the UN Sustainable Development Goals as relevant. However, the report lacks clear identification of climate-related risks and opportunities over the short, medium, and long term.","ABB's sustainability report mentions benchmarking key sustainability focus areas of peer companies and mapping regulatory risks and macro trends to establish a comprehensive sustainability issues landscape. The report also highlights the company's ongoing program to ensure that suppliers meet ABB's sustainability requirements, as well as business needs. However, the report lacks concrete data on how climate-related risks and opportunities impact the organization's business strategy, economic and financial performance, and financial planning.","The report does not provide sufficient information to determine the resilience of ABB's strategy in different climate-related scenarios or physical risks. The report only mentions benchmarking and mapping regulatory risks and macro trends, but does not provide any specific details on how the company plans to address these risks. The report also lacks specific targets and measurable goals to assess the effectiveness of the company's sustainability strategy.","ABB integrates Group-wide sustainability criteria into its risk assessment processes for projects, supplier selection guidelines, due diligence processes for potential acquisitions, and product design and development model. The company also benchmarks key sustainability focus areas of peer companies and maps regulatory risks and macro trends to establish a comprehensive sustainability issues landscape.","ABB integrates sustainability criteria into its global, integrated risk management process, benchmarking key sustainability focus areas of peer companies and mapping regulatory risks and macro trends. Due diligence is conducted to ensure the company understands its risks and avoids causing or contributing to negative human rights impacts. ABB also engages with human rights specialists and has an ongoing program to ensure that suppliers meet its sustainability requirements. ABB targets energy and resource efficiency and mitigation of climate change for its customers and its own operations, progressively increasing the efficiency of its own operations. ABB has a physical security program to minimize the possibility of malicious harm to anybody under its legal care and to reduce the likelihood of loss of or damage to property, information, and/or reputation. ABB requires all suppliers to be certified according to ISO 9001 or a similar quality management standard and strongly recommends suppliers of materials or services classified as high HSE risk to be certified to ISO 14001 and OHSAS 18001 for environmental and health and safety management.","ABB integrates climate-related risks into its risk assessment processes for projects, supplier selection guidelines, due diligence processes for potential acquisitions, and product design and development model. However, the report lacks specific details on how this integration is achieved and how it is aligned with the overall risk management process.",ABB uses a balanced dashboard of KPIs to assess achievements in the focus areas of integrity and human rights. The company also collects monthly health and safety data inputs from all entities in every country and annual social and environmental data from every manufacturing and service site and the majority of office locations. The report does not provide sufficient information on how these metrics help ensure that the performance is in line with its strategy and risk management process.,"Yes, ABB discloses its Scope 1, Scope 2, and Scope 3 GHG emissions. The related risks are not specified in the report.","The report mentions a suite of targets, but some are not specific or measurable, and others are indicators rather than targets. The report recommends reviewing the targets to ensure they are specific and measurable. There is no information on how the organization is performing against these targets."
SOURCES,"[188, 420, 187, 191, 192]","[166, 188, 201]","[29, 303, 404, 5]","[188, 81]","[33, 188, 303, 442, 187, 81, 38, 420, 338, 39, 29, 443, 67, 339, 416, 310, 404, 21, 189]","[166, 167, 188]","[166, 188, 261, 270, 81, 334, 339, 303, 310, 39, 513, 433, 442, 420, 67]","[166, 188, 167, 334, 441, 310, 33, 503, 30, 168, 339, 5]","[408, 441, 491]","[459, 445, 495, 494, 366, 232, 188, 31, 39, 493, 446, 433, 406, 480, 340, 497]",[443]
PAGE,"[62, 31]","[32, 28, 31]","[2, 60, 45, 7]","[13, 31]","[65, 6, 7, 8, 12, 13, 45, 46, 50, 51, 60, 61, 62, 31]","[28, 31]","[64, 65, 8, 41, 42, 75, 12, 13, 45, 46, 48, 51, 28, 62, 31]","[65, 2, 7, 74, 46, 48, 51, 28, 29, 31]","[73, 65, 60]","[64, 65, 68, 38, 7, 8, 73, 72, 51, 53, 60, 31]",[65]
ANALYSIS,"The given disclosure does not provide sufficient information to evaluate the board's oversight of climate-related risks and opportunities. The report does not discuss the processes and frequency by which the board and/or board committees are informed about climate-related issues, nor does it mention whether the board and/or board committees consider climate-related issues when reviewing and guiding strategy, major plans of action, risk management policies, annual budgets, and business plans. The report also does not provide information on how the board monitors and oversees progress against goals and targets for addressing climate-related issues. As a result, the report fails to meet the requirements for high-quality disclosure pertaining to the critical element of how the company's board oversees climate-related risks and opportunities.","The given disclosure does not provide sufficient information to assess management's role in assessing and managing climate-related risks and opportunities. The disclosure does not mention whether the organization has assigned climate-related responsibilities to management-level positions or committees, nor does it describe the associated organizational structure. The disclosure does not provide information on how management is informed about climate-related issues or how management monitors climate-related issues. Therefore, the disclosure does not meet any of the requirements outlined for high-quality disclosure pertaining to the critical element of management's role in assessing and managing climate-related risks and opportunities.","The given disclosure does not provide sufficient information to rate the quality of disclosure on the critical element. The disclosure does not provide a clear description of the relevant climate-related risks and opportunities that the organization has identified over the short, medium, and long term. The disclosure does not provide a description of the specific climate-related issues potentially arising in each time horizon that could have a material financial impact on the organization. The disclosure does not provide a description of the process used to determine which risks and opportunities could have a material financial impact on the organization. The disclosure does not consider providing a description of their risks and opportunities by sector and/or geography, as appropriate.","The given disclosure does not provide sufficient information to rate the quality of disclosure on how climate-related risks and opportunities impact the organization's business strategy, economic and financial performance, and financial planning. The disclosure does not discuss how identified climate-related issues have affected their businesses, strategy, and financial planning. It does not describe the impact of climate-related issues on their financial performance and financial position. The disclosure does not reflect a holistic picture of the interdependencies among the factors that affect their ability to create value over time. The disclosure does not describe the impact of climate-related issues on their investment in research and development, acquisitions or divestments, and access to capital. The disclosure does not describe their plans for transitioning to a low-carbon economy.","The given disclosure does not satisfy the requirements for the critical element. The disclosure does not provide any information on how resilient the organization's strategy is when considering different climate-related scenarios, including a 2°C target or lower scenario. There is no discussion on how the organization's strategies might change to address potential risks and opportunities. The disclosure does not provide any information on the potential impact of climate-related issues on financial performance and financial position. The disclosure does not mention any climate-related scenarios and associated time horizon considered. The given disclosure only discusses the company's sustainability objectives, stakeholder engagement, and materiality assessment. Therefore, the disclosure lacks the necessary components for high-quality disclosure pertaining to the critical element.","The sustainability report provides some information on the organization's processes for identifying and assessing climate-related risks. The report mentions that ABB maintains a global, integrated risk management process that involves all ABB Group functions, regions, divisions, and the majority of ABB's country organizations and global business units. The report also states that ABB has integrated Group-wide sustainability criteria into its risk assessment processes for projects, supplier selection guidelines, due diligence processes for potential acquisitions, and product design and development model. However, the report does not provide specific details on how ABB determines the relative significance of climate-related risks in relation to other risks, whether it considers existing and emerging regulatory requirements related to climate change, or the processes for assessing the potential size and scope of identified climate-related risks. The report also does not provide definitions of risk terminology used or references to existing risk classification frameworks used. Therefore, the report partially meets the requirements, and the score is 60.","The sustainability report provides some information on ABB's risk management processes, including the involvement of various departments and stakeholders in identifying and prioritizing climate-related risks. However, the report lacks specific details on how the company makes decisions to mitigate, transfer, accept, or control those risks. Additionally, the report does not provide information on how materiality determinations are made within the organization. Overall, while the report provides some information on the organization's processes for managing climate-related risks, it lacks specific details and does not fully meet the requirements for high-quality disclosure.","The sustainability report provides some information on how climate-related risks are integrated into the organization's overall risk management. The report mentions that ABB maintains a global, integrated risk management process that involves all ABB Group functions, regions, divisions, and the majority of ABB's country organizations and global business units. The report also states that sustainability criteria are integrated into the risk assessment processes for projects, supplier selection guidelines, due diligence processes for potential acquisitions, and product design and development model. However, the report lacks specific details on how climate-related risks are identified, assessed, and managed. The report could have provided more information on how climate-related risks are integrated into the organization's overall risk management. Therefore, the report partially meets the requirements for high-quality disclosure pertaining to the critical element.","The given disclosure does not provide sufficient information to evaluate the metrics used by the organization to assess climate-related risks and opportunities. The report mentions benchmarking and mapping regulatory risks and macro trends, but it does not provide any specific metrics or methodologies used to measure and manage climate-related risks and opportunities. The report does not provide metrics on climate-related risks associated with water, energy, land use, and waste management. The report does not describe whether and how related performance metrics are incorporated into remuneration policies. The report does not provide internal carbon prices or climate-related opportunity metrics. The report does not provide forward-looking metrics for the cross-industry. Overall, the disclosure is insufficient to evaluate the organization's metrics for assessing climate-related risks and opportunities.","The sustainability report provides a comprehensive disclosure of Scope 1 and Scope 2 GHG emissions, including CO2 from the use of energy, SF6, CO2 from transport by own fleet, district heat consumption, and electricity consumption. The report also discloses Scope 3 GHG emissions from air travel and provides a description of the methodology used to calculate or estimate the metrics. However, the report does not provide a clear description of the related risks associated with GHG emissions. The report also lacks information on generally accepted industry-specific GHG efficiency ratios. Overall, the report meets some of the requirements for high-quality disclosure pertaining to the critical element, but there is room for improvement.","The sustainability report provides some information on the targets used by the organization to manage climate-related risks and opportunities and performance against targets. However, the report lacks specific and measurable targets, and the targets reported are not in line with the cross-industry or anticipated regulatory requirements. The report does not provide information on whether the targets are absolute or intensity-based, time frames over which the target applies, base year from which progress is measured, and key performance indicators used to assess progress against targets. The report does not disclose associated interim targets in aggregate or by business line, where available. The report does not provide a description of the methodologies used to calculate targets and measures. Therefore, the report does not meet most of the TCFD guidelines."
SCORE,0,0,0,0,0,60,60,70,0,80,20
