,"Company name: Apollo Global Management, Inc.
Company sector: Asset Management
Company location: ['New York, NY', 'Los Angeles, CA', 'San Diego, CA', 'Woodland Hills, CA', 'Palm Beach, FL', 'London', 'Frankfurt', 'Houston, TX', 'Purchase, NY', 'Bethesda, MD', 'Powai, Mumbai, Maharashtra', 'Shanghai', 'Singapore']
Pages: 71","Company name: Apollo Global Management, Inc.
Company sector: Asset Management
Company location: ['New York, NY', 'Los Angeles, CA', 'San Diego, CA', 'Woodland Hills, CA', 'Palm Beach, FL', 'London', 'Frankfurt', 'Houston, TX', 'Purchase, NY', 'Bethesda, MD', 'Powai, Mumbai, Maharashtra', 'Shanghai', 'Singapore']
Pages: 71","Company name: Apollo Global Management, Inc.
Company sector: Asset Management
Company location: ['New York, NY', 'Los Angeles, CA', 'San Diego, CA', 'Woodland Hills, CA', 'Palm Beach, FL', 'London', 'Frankfurt', 'Houston, TX', 'Purchase, NY', 'Bethesda, MD', 'Powai, Mumbai, Maharashtra', 'Shanghai', 'Singapore']
Pages: 71","Company name: Apollo Global Management, Inc.
Company sector: Asset Management
Company location: ['New York, NY', 'Los Angeles, CA', 'San Diego, CA', 'Woodland Hills, CA', 'Palm Beach, FL', 'London', 'Frankfurt', 'Houston, TX', 'Purchase, NY', 'Bethesda, MD', 'Powai, Mumbai, Maharashtra', 'Shanghai', 'Singapore']
Pages: 71","Company name: Apollo Global Management, Inc.
Company sector: Asset Management
Company location: ['New York, NY', 'Los Angeles, CA', 'San Diego, CA', 'Woodland Hills, CA', 'Palm Beach, FL', 'London', 'Frankfurt', 'Houston, TX', 'Purchase, NY', 'Bethesda, MD', 'Powai, Mumbai, Maharashtra', 'Shanghai', 'Singapore']
Pages: 71","Company name: Apollo Global Management, Inc.
Company sector: Asset Management
Company location: ['New York, NY', 'Los Angeles, CA', 'San Diego, CA', 'Woodland Hills, CA', 'Palm Beach, FL', 'London', 'Frankfurt', 'Houston, TX', 'Purchase, NY', 'Bethesda, MD', 'Powai, Mumbai, Maharashtra', 'Shanghai', 'Singapore']
Pages: 71","Company name: Apollo Global Management, Inc.
Company sector: Asset Management
Company location: ['New York, NY', 'Los Angeles, CA', 'San Diego, CA', 'Woodland Hills, CA', 'Palm Beach, FL', 'London', 'Frankfurt', 'Houston, TX', 'Purchase, NY', 'Bethesda, MD', 'Powai, Mumbai, Maharashtra', 'Shanghai', 'Singapore']
Pages: 71","Company name: Apollo Global Management, Inc.
Company sector: Asset Management
Company location: ['New York, NY', 'Los Angeles, CA', 'San Diego, CA', 'Woodland Hills, CA', 'Palm Beach, FL', 'London', 'Frankfurt', 'Houston, TX', 'Purchase, NY', 'Bethesda, MD', 'Powai, Mumbai, Maharashtra', 'Shanghai', 'Singapore']
Pages: 71","Company name: Apollo Global Management, Inc.
Company sector: Asset Management
Company location: ['New York, NY', 'Los Angeles, CA', 'San Diego, CA', 'Woodland Hills, CA', 'Palm Beach, FL', 'London', 'Frankfurt', 'Houston, TX', 'Purchase, NY', 'Bethesda, MD', 'Powai, Mumbai, Maharashtra', 'Shanghai', 'Singapore']
Pages: 71","Company name: Apollo Global Management, Inc.
Company sector: Asset Management
Company location: ['New York, NY', 'Los Angeles, CA', 'San Diego, CA', 'Woodland Hills, CA', 'Palm Beach, FL', 'London', 'Frankfurt', 'Houston, TX', 'Purchase, NY', 'Bethesda, MD', 'Powai, Mumbai, Maharashtra', 'Shanghai', 'Singapore']
Pages: 71","Company name: Apollo Global Management, Inc.
Company sector: Asset Management
Company location: ['New York, NY', 'Los Angeles, CA', 'San Diego, CA', 'Woodland Hills, CA', 'Palm Beach, FL', 'London', 'Frankfurt', 'Houston, TX', 'Purchase, NY', 'Bethesda, MD', 'Powai, Mumbai, Maharashtra', 'Shanghai', 'Singapore']
Pages: 71"
,tcfd_1,tcfd_2,tcfd_3,tcfd_4,tcfd_5,tcfd_6,tcfd_7,tcfd_8,tcfd_9,tcfd_10,tcfd_11
ANSWER,"The Board has an oversight role, as a whole and at the committee level, in overseeing management of Apollo’s risks, including those related to climate. Apollo integrates ESG, which includes climate-related risks and opportunities, at a management level through the Business and Management Committees. Apollo engaged a third-party consultant in 2021 to assist the Firm in identifying and addressing climate risks and opportunities. However, the report lacks specific details on the board's actions and policies regarding climate-related risks and opportunities.","Apollo Global Management integrates ESG, including climate-related risks and opportunities, into its management structure. The Board has an oversight role in managing climate-related risks. Apollo identifies and assesses climate-related risks and opportunities and integrates them into its overall risk management. Apollo believes that climate-related risks and opportunities offer a substantial opportunity for the company to play a leading role in the energy and carbon transition.","Apollo Global Management has identified physical and transition risks associated with climate change over the short, medium, and long term. The risks can impact the properties, facilities, and infrastructure of Apollo and the businesses in which Apollo-managed funds invest. The report mentions opportunities in the energy and carbon transition, but it lacks concrete targets and metrics to assess climate-related risks and opportunities.","Apollo Global Management has identified climate-related risks and opportunities that impact its businesses, strategy, and financial planning. The company recognizes the importance of integrating climate risk into investment decisions and has developed a comprehensive set of climate strategy recommendations. However, the report lacks concrete data and metrics to assess the company's progress and the effectiveness of its climate strategy.","Apollo Global Management's sustainability report mentions that the organization's strategy is resilient when considering different climate-related scenarios, including a 2°C or lower scenario. However, the report lacks specific details on how the strategy is resilient. The report also acknowledges physical risks that can directly impact the properties, facilities, and infrastructure of Apollo and the businesses in which Apollo-managed funds invest. The report mentions that the organization has identified climate-related risks and opportunities over the short, medium, and long term, but it lacks specific metrics and targets used to assess climate-related risks and opportunities in line with its strategy and risk management process.",Apollo Global Management has initiated a project to enhance carbon assessment as part of its climate strategy. The company is actively implementing three new carbon-specific processes for new flagship equity funds that will be embedded into the existing diligence life cycle proportional to risk and opportunity. Climate-related risks are frequently assessed and documented as part of Apollo's comprehensive due diligence processes. Apollo's strategy for identifying and addressing climate risks and opportunities encompasses its investment strategy and business operations.,"Apollo integrates ESG, which includes climate-related risks and opportunities, at a management level through the Business and Management Committee. The credit investment teams integrate ESG considerations as a core component of the investment process. Apollo made significant progress in developing data collection infrastructure and processes for its Firm and initiated a project to enhance carbon assessment as part of its overarching climate strategy.","Apollo Global Management integrates climate-related risks into its Enterprise Risk Management Framework, which covers market, credit, liquidity, operational, reputational, and strategic risks. The credit investment teams integrate ESG considerations as a core component of the investment process. Apollo engaged a third-party consultant to assist in developing a formal climate strategy covering the spectrum of investments of Apollo-managed funds and Apollo as a firm itself.","Apollo Global Management uses Scope 1, Scope 2, and, if appropriate, Scope 3 GHG emissions to assess climate-related risks and opportunities. The organization's processes for identifying, assessing, and managing climate-related risks are integrated into its overall risk management. Apollo engaged a third-party consultant to assist in developing its climate strategy. However, the report lacks specific details on how the metrics help ensure performance is in line with its strategy and risk management process.","Apollo Global Management publicly discloses its Scope 1, Scope 2, and Scope 3 GHG emissions, including emissions from business travel and employee commuting. The related risks are not specified in the report.","Apollo Global Management has made significant progress in developing data collection infrastructure and processes for the firm and is conducting an internal evaluation of the market environment, regulatory landscape, and investor expectations to better understand its current climate maturity, determine its climate ambition, and develop a formal climate strategy covering the spectrum of investments of Apollo-managed funds, and Apollo as a firm itself. However, the report lacks specific targets and performance against them."
SOURCES,"[306, 154, 314, 351]","[154, 305, 318, 321, 335, 354]","[161, 314, 319, 347, 375]","[314, 351, 161, 305, 319, 169, 173, 163, 375, 159, 363, 156, 313, 325, 347, 334, 316]","[314, 351, 161, 318, 375, 319, 159, 316, 160, 315, 305, 173, 325, 363, 169, 234, 156]","[234, 314, 354]","[305, 314, 363, 375]","[62, 305, 313, 318, 321, 351, 354, 363, 375]","[375, 351, 314, 305, 363, 315, 161, 159, 318, 354, 234, 377, 156, 316, 62, 169, 160, 154, 308, 163]","[375, 376, 152, 153, 379]","[159, 305, 314, 315, 316, 318, 351, 363, 375, 377, 387, 428, 429]"
PAGE,"[57, 58, 61, 30]","[57, 58, 59, 61, 30]","[58, 60, 63, 31]","[32, 63, 62, 57, 58, 59, 60, 61, 30, 31]","[32, 43, 62, 57, 58, 59, 31, 61, 30, 63]","[58, 43, 61]","[57, 58, 62, 63]","[14, 57, 58, 61, 62, 63]","[32, 43, 14, 30, 57, 58, 31, 61, 62, 63]","[29, 63]","[65, 70, 30, 57, 58, 61, 62, 63]"
ANALYSIS,"The report provides some information on the board's oversight of climate-related risks and opportunities. It mentions that the board has an oversight role in overseeing management of Apollo's risks, including those related to climate, and that ESG, which includes climate-related risks and opportunities, is integrated into its management structure. However, the report lacks specific details on the processes and frequency by which the board and/or board committees are informed about climate-related issues, whether the board and/or board committees consider climate-related issues when reviewing and guiding strategy, and how the board monitors and oversees progress against goals and targets for addressing climate-related issues. Therefore, the report partially meets the requirements for high-quality disclosure pertaining to the critical element of how the company's board oversees climate-related risks and opportunities.","The sustainability report provides some information on management's role in assessing and managing climate-related risks and opportunities. It mentions that climate-related risks are integrated into the organization's overall risk management, and the Board has an oversight role in overseeing management of Apollo's risks, including those related to climate. However, the report lacks specific details on whether the organization has assigned climate-related responsibilities to management-level positions or committees, the associated organizational structure, processes by which management is informed about climate-related issues, and how management monitors climate-related issues. Therefore, the report does not fully satisfy the TCFD guidelines for high-quality disclosure pertaining to the TCFD recommendation point.","The sustainability report provides some information on climate-related risks and opportunities that the organization has identified over the short, medium, and long term. The report describes the two categories of climate-related risks, physical risks, and transition risks, and how they can impact the organization's businesses, strategy, and financial planning. However, the report lacks specific details on the climate-related issues potentially arising in each time horizon that could have a material financial impact on the organization. The report also does not provide a description of the process used to determine which risks and opportunities could have a material financial impact on the organization. The report meets some of the requirements but falls short of providing a comprehensive disclosure.","The sustainability report provides some information on the impact of climate-related risks and opportunities on the organization's businesses, strategy, and financial planning. The report discusses the identified climate-related issues and their impact on the organization's businesses, strategy, and financial planning. It also describes the impact of climate-related issues on the organization's financial performance and position. However, the report lacks specific details on how climate-related issues serve as an input to the financial planning process, the time period used, and how these risks and opportunities are prioritized. The report also does not describe the organization's plans for transitioning to a low-carbon economy, which could include GHG emissions targets and specific activities intended to reduce GHG emissions in their operations and value chain or to otherwise support the transition.","The sustainability report provides some information on the resilience of the organization's strategy to climate-related risks and opportunities, including a 2°C or lower scenario. The report discusses the physical and transition risks that the organization faces and how they can impact its businesses, strategy, and financial planning. However, the report lacks specific details on how the organization's strategy might change to address potential risks and opportunities, the potential impact of climate-related issues on financial performance and position, and the climate-related scenarios and associated time horizon considered. Overall, the report provides a basic level of disclosure on the TCFD recommendation point but lacks the necessary details to fully satisfy the TCFD guidelines.","The sustainability report provides some information on the organization's processes for identifying and assessing climate-related risks. The report mentions that processes for identifying, assessing, and managing climate-related risks are integrated into the organization's overall risk management. The report also describes the impact of climate-related risks and opportunities on the organization's businesses, strategy, and financial planning. However, the report lacks specific details on how the organization determines the relative significance of climate-related risks in relation to other risks. The report does not disclose the processes for assessing the potential size and scope of identified climate-related risks and definitions of risk terminology used or references to existing risk classification frameworks used. Overall, the report provides some information but lacks specific details, resulting in a score of 60.","The sustainability report provides a comprehensive disclosure of the organization's processes for managing climate-related risks. The report describes the processes for identifying, assessing, and managing climate-related risks, including how they make decisions to mitigate, transfer, accept, or control those risks. The report also describes the processes for prioritizing climate-related risks, including how materiality determinations are made within their organizations. The report provides details on the integration of climate-related risks into the organization's overall risk management. However, the report lacks specific details on the metrics used by the organization to assess climate-related risks and opportunities in line with its strategy and risk management process. Overall, the report meets most of the requirements and scores 85 out of 100.","The report provides a comprehensive description of the organization's processes for identifying, assessing, and managing climate-related risks, which are integrated into the overall risk management framework. The report describes how climate-related risks are assessed and documented as part of Apollo's comprehensive due diligence processes. The report also highlights the integration of ESG considerations as a core component of the investment process. However, the report lacks specific details on how the organization's processes for identifying, assessing, and managing climate-related risks are integrated into their overall risk management. The report also lacks specific details on metrics used by the organization to assess climate-related risks and opportunities in line with its strategy and risk management process. Overall, the report provides a good level of disclosure on the TCFD recommendation point.","The sustainability report provides some information on the metrics used to assess climate-related risks and opportunities. The report mentions Scope 1, Scope 2, and, if appropriate, Scope 3 GHG emissions, and the related risks. It also includes targets used by the organization to manage climate-related risks and opportunities and performance against targets. However, the report lacks specific details on the metrics used to measure and manage climate-related risks and opportunities, and it does not provide metrics consistent with the cross-industry. The report does not include metrics on climate-related risks associated with water, energy, land use, and waste management. The report does not describe whether and how related performance metrics are incorporated into remuneration policies. The report does not provide internal carbon prices as well as climate-related opportunity metrics such as revenue from products and services designed for a low-carbon economy. The report does not provide forward-looking metrics for the cross-industry, consistent with their business or strategic planning time horizons. The report does not provide a description of the methodologies used to calculate or estimate climate-related metrics.","The sustainability report provides a comprehensive disclosure of Scope 1, Scope 2, and Scope 3 GHG emissions, and the related risks. The report also mentions that the emissions are calculated in line with the GHG Protocol methodology to allow for aggregation and comparability across organizations and jurisdictions. However, the report lacks specific details on the methodologies used to calculate or estimate the metrics. The report also mentions that organizations should consider providing related, generally accepted industry-specific GHG efficiency ratios, but it does not provide any such ratios. Overall, the report meets most of the TCFD guidelines, but the lack of specific details on methodologies and industry-specific ratios results in a score of 80 out of 100.","The sustainability report provides some information on the targets used by the organization to manage climate-related risks and opportunities and performance against targets. The report mentions the metrics used by the organization to assess climate-related risks and opportunities in line with its strategy and risk management process, including Scope 1, Scope 2, and, if appropriate, Scope 3 GHG emissions, and the related risks. However, the report lacks specific details on the targets, such as whether the target is absolute or intensity-based, time frames over which the target applies, base year from which progress is measured, and key performance indicators used to assess progress against targets. The report also does not disclose associated interim targets in aggregate or by business line, where available. Overall, the report partially meets the requirements, and the score is 60."
SCORE,60,50,60,70,60,60,85,80,40,80,60
