,"Company name: ASGN Incorporated
Company sector: Professional staffing and IT solutions
Company location: Headquarters: 4400 Cox Road, Suite 110, Glen Allen, VA 23060, Countries: US, Canada, Mexico, India, Spain, Netherlands, UK
Pages: 82","Company name: ASGN Incorporated
Company sector: Professional staffing and IT solutions
Company location: Headquarters: 4400 Cox Road, Suite 110, Glen Allen, VA 23060, Countries: US, Canada, Mexico, India, Spain, Netherlands, UK
Pages: 82","Company name: ASGN Incorporated
Company sector: Professional staffing and IT solutions
Company location: Headquarters: 4400 Cox Road, Suite 110, Glen Allen, VA 23060, Countries: US, Canada, Mexico, India, Spain, Netherlands, UK
Pages: 82","Company name: ASGN Incorporated
Company sector: Professional staffing and IT solutions
Company location: Headquarters: 4400 Cox Road, Suite 110, Glen Allen, VA 23060, Countries: US, Canada, Mexico, India, Spain, Netherlands, UK
Pages: 82","Company name: ASGN Incorporated
Company sector: Professional staffing and IT solutions
Company location: Headquarters: 4400 Cox Road, Suite 110, Glen Allen, VA 23060, Countries: US, Canada, Mexico, India, Spain, Netherlands, UK
Pages: 82","Company name: ASGN Incorporated
Company sector: Professional staffing and IT solutions
Company location: Headquarters: 4400 Cox Road, Suite 110, Glen Allen, VA 23060, Countries: US, Canada, Mexico, India, Spain, Netherlands, UK
Pages: 82","Company name: ASGN Incorporated
Company sector: Professional staffing and IT solutions
Company location: Headquarters: 4400 Cox Road, Suite 110, Glen Allen, VA 23060, Countries: US, Canada, Mexico, India, Spain, Netherlands, UK
Pages: 82","Company name: ASGN Incorporated
Company sector: Professional staffing and IT solutions
Company location: Headquarters: 4400 Cox Road, Suite 110, Glen Allen, VA 23060, Countries: US, Canada, Mexico, India, Spain, Netherlands, UK
Pages: 82","Company name: ASGN Incorporated
Company sector: Professional staffing and IT solutions
Company location: Headquarters: 4400 Cox Road, Suite 110, Glen Allen, VA 23060, Countries: US, Canada, Mexico, India, Spain, Netherlands, UK
Pages: 82","Company name: ASGN Incorporated
Company sector: Professional staffing and IT solutions
Company location: Headquarters: 4400 Cox Road, Suite 110, Glen Allen, VA 23060, Countries: US, Canada, Mexico, India, Spain, Netherlands, UK
Pages: 82","Company name: ASGN Incorporated
Company sector: Professional staffing and IT solutions
Company location: Headquarters: 4400 Cox Road, Suite 110, Glen Allen, VA 23060, Countries: US, Canada, Mexico, India, Spain, Netherlands, UK
Pages: 82"
,tcfd_1,tcfd_2,tcfd_3,tcfd_4,tcfd_5,tcfd_6,tcfd_7,tcfd_8,tcfd_9,tcfd_10,tcfd_11
ANSWER,"ASGN's Board-level Nominating and Corporate Governance Committee  oversees inherent and emerging climate-related risks and opportunities. The NCGC evaluates and prioritizes these risks, and the Board-level Audit Committee oversees the quality and integrity of related financial reporting. However, the report lacks specific details on the board's actions and strategies to address climate risks and opportunities.","The Board, the NCGC, and the CEO share the responsibility for overseeing, assessing, and managing climate-related risks and opportunities. However, ASGN currently does not have a formal process in place for managing climate-related risks. In 2022, ASGN commits to engaging the Board of Directors on Climate-related Enterprise Risk Management  and identifying inherent and emerging climate risks and impacts on their business strategy, and explore ways to strengthen business resilience and the possibility of establishing an ERM Program.","ASGN Incorporated has identified reputational risk as a climate-related risk over the short, medium, and long term. The company also sees climate change as a potential threat to its operations and those of its clients. However, ASGN also recognizes the opportunity for innovation in technology, engagement, and service delivery, which can lead to business expansion. The company has committed to reducing its greenhouse gas emissions by 55% by 2030 and engaging its Board of Directors on climate-related Enterprise Risk Management in 2022.","ASGN Incorporated acknowledges the risks of climate change to its reputation, business activities, and employees. However, the company has not yet integrated processes for identifying, assessing, and managing climate-related risks into its overall risk management procedures and processes. The company sees climate change as an opportunity for innovation in technology, engagement, and service delivery, which can lead to business expansion. ASGN is committed to reducing its greenhouse gas emissions by 55% by 2030 and engaging its Board of Directors on climate-related Enterprise Risk Management in 2022.","ASGN has committed to reducing GHG emissions by 55% by 2030, but has yet to integrate processes for identifying, assessing, and managing climate-related risks into its overall risk management procedures. The report mentions opportunities for innovation in technology and service delivery, but lacks concrete targets for managing climate-related risks and opportunities.","ASGN Incorporated has yet to integrate processes for identifying, assessing, and managing climate-related risks into their overall risk management procedures and processes. However, they plan to engage their Board of Directors on Climate-related Enterprise Risk Management  in 2022 to identify inherent and emerging climate risks and explore ways to strengthen business resilience.","ASGN currently does not have a formal process in place for managing climate-related risks. However, in 2022, ASGN commits to engaging the Board of Directors on Climate-related Enterprise Risk Management  and identifying inherent and emerging climate risks and impacts on their business strategy, exploring ways to strengthen business resilience and the possibility of establishing an ERM Program. They also recognize the opportunities for innovation in technology, engagement, and service delivery that can lead to business expansion.","ASGN has yet to integrate processes for identifying, assessing and managing climate-related risks into their overall risk management procedures and processes. However, they have committed to engaging their Board of Directors on Climate-related Enterprise Risk Management  in 2022 to identify inherent and emerging climate risks and explore ways to strengthen business resilience.","ASGN Incorporated has identified climate-related risks and opportunities, including reputational risk, and plans to engage the Board of Directors on climate-related Enterprise Risk Management  in 2022. The company has set a target to reduce greenhouse gas emissions by 55% by 2030 and acknowledges that managing climate risks can lead to business expansion and innovation. However, ASGN currently lacks formal processes for identifying, assessing, and managing climate-related risks.","ASGN Incorporated discloses its Scope 1 and Scope 2 GHG emissions, but not its Scope 3 emissions. The company has committed to reducing its GHG emissions by 55% by 2030 per its 2019 baseline. The report does not provide specific figures on emissions. The related risks are not specified in the report.","ASGN Incorporated has committed to reducing their greenhouse gas emissions by 55% by 2030, with a focus on the average emissions intensity of their employees. They plan to establish science-based GHG reduction targets and become a signatory of the Science Based Targets Initiative . However, they do not yet have a formal process in place for identifying or assessing climate-related risks, but plan to engage their Board of Directors on Climate-related Enterprise Risk Management  in 2022 to identify inherent and emerging climate risks and impacts on their business strategy and explore ways to strengthen business resilience."
SOURCES,"[306, 310, 110, 109, 314, 307, 115, 323]","[310, 323, 314, 319, 321]","[314, 315, 316, 321, 323, 325, 327]","[314, 315, 306, 325, 319, 320, 321, 323, 324, 342]","[321, 319, 314, 224, 320, 323, 324, 327, 315, 306, 325, 251, 108, 43]","[325, 324]","[319, 324, 320, 321, 314, 306]","[325, 324]","[314, 321, 323, 324, 327]","[289, 290, 327, 341, 108, 223, 321]","[319, 314, 327, 323, 310, 320, 306, 324, 321, 224, 50, 108, 110, 325, 48, 263, 109, 223, 98, 272]"
PAGE,"[70, 71, 72, 74, 25]","[72, 73, 74, 71]","[72, 73, 74, 75]","[70, 72, 73, 74, 79]","[70, 72, 73, 74, 75, 12, 49, 54, 25]",[74],"[72, 73, 74, 70]",[74],"[72, 73, 74, 75]","[64, 73, 75, 79, 49, 25]","[70, 71, 72, 73, 74, 75, 12, 49, 23, 56, 25, 58]"
ANALYSIS,"The sustainability report provides some information on the board's oversight of climate-related risks and opportunities. It mentions that the Board-level Nominating and Corporate Governance Committee  is responsible for the company's oversight of inherent and emerging climate-related risks and opportunities. However, the report lacks specific details on the processes and frequency by which the board and/or board committees are informed about climate-related issues. It also does not provide sufficient information on whether the board and/or board committees consider climate-related issues when reviewing and guiding strategy, major plans of action, risk management policies, annual budgets, and business plans. The report does mention that the board monitors and oversees progress against goals and targets for addressing climate-related issues. Overall, the disclosure is insufficient and lacks specific details.","The disclosure provides some information on management's role in assessing and managing climate-related risks and opportunities. It mentions that the Board, the NCGC, and the CEO share the responsibility for ESG overseeing, assessing, and managing climate-related risks and opportunities. However, the disclosure lacks specific details on the organizational structure, processes for informing management about climate-related issues, and how management monitors climate-related issues. Additionally, the disclosure mentions that the organization does not have a formal process in place for managing climate-related risks. Overall, the disclosure partially meets the requirements for high-quality disclosure pertaining to the critical element of management's role in assessing and managing climate-related risks and opportunities.","The sustainability report provides some information on climate-related risks and opportunities, but it falls short of meeting the TCFD guidelines. The report does not provide a clear description of the relevant short-, medium-, and long-term time horizons, nor does it describe the specific climate-related issues that could have a material financial impact on the organization. The report also lacks a description of the process used to determine which risks and opportunities could have a material financial impact on the organization. While the report mentions the need to engage the Board of Directors on climate-related enterprise risk management, it does not provide any details on how this will be done. The report does not provide a description of risks and opportunities by sector and/or geography. Overall, the report lacks specificity and detail, resulting in a low score.","The sustainability report provides some information on climate-related risks and opportunities, but it falls short of meeting the TCFD guidelines for high-quality disclosure. The report mentions the potential impact of climate-related risks and opportunities on the organization's business, strategy, and financial planning, but it lacks specific details on how these risks and opportunities are prioritized and how they affect the organization's financial performance and position. The report also fails to describe the organization's processes for managing climate-related risks and integrating them into its overall risk management procedures. While the report mentions the organization's commitment to reducing greenhouse gas emissions, it does not provide specific targets or activities to support the transition to a low-carbon economy. Overall, the report lacks the necessary level of detail to provide a holistic picture of the organization's climate-related risks and opportunities.","The sustainability report provides some information on the organization's strategy resilience to climate-related risks and opportunities, including a 2°C or lower scenario. The report discusses potential impacts of climate-related issues on financial performance and the climate-related scenarios considered. However, the report lacks specific details on how the organization's strategies might change to address potential risks and opportunities. The report also does not provide information on how the organization's strategy is resilient to physical climate risks. The report mentions that the organization has yet to integrate processes for identifying, assessing, and managing climate-related risks into its overall risk management procedures and processes. Overall, the report partially meets the requirements for high-quality disclosure pertaining to the critical element.","The sustainability report provides some information on the organization's processes for identifying and assessing climate-related risks. However, the report lacks specific details on how the organization determines the relative significance of climate-related risks in relation to other risks. The report also does not disclose whether the organization considers existing and emerging regulatory requirements related to climate change. Additionally, the report does not provide any information on the processes for assessing the potential size and scope of identified climate-related risks or definitions of risk terminology used or references to existing risk classification frameworks used. Overall, the report provides limited information on the organization's processes for identifying and assessing climate-related risks.","The disclosure provides some information on the organization's processes for managing climate-related risks, but it falls short of meeting the TCFD guidelines. The report acknowledges that the organization does not have a formal process in place for managing climate-related risks, but it commits to engaging the Board of Directors on Climate-related Enterprise Risk Management  in 2022. The report also mentions the opportunities presented by climate risks and the impact of climate-related risks and opportunities on the organization's business, strategy, and financial planning. However, the report does not provide any information on how the organization prioritizes climate-related risks or how materiality determinations are made within the organization. Overall, the disclosure lacks specificity and detail, and it does not fully meet the TCFD guidelines.","The disclosure provided by ASGN on the integration of processes for identifying, assessing, and managing climate-related risks into their overall risk management is insufficient. The company has acknowledged that it does not have a formal process in place for managing climate-related risks and has committed to engaging its Board of Directors on Climate-related Enterprise Risk Management  in 2022. However, the report lacks specific details on how the company plans to integrate climate-related risks into its overall risk management. As a result, the disclosure does not meet the TCFD guidelines outlined for high-quality disclosure on this TCFD recommendation point.","The sustainability report provides limited information on the metrics used to assess climate-related risks and opportunities. The report mentions the company's commitment to reducing greenhouse gas emissions and identifies reputational risk as a climate-related risk. However, the report does not provide specific metrics or targets for managing climate-related risks and opportunities. The report also lacks information on how climate-related metrics are integrated into the company's strategy and risk management process. Overall, the report does not meet most of the TCFD guidelines for high-quality disclosure pertaining to the TCFD recommendation point.","The sustainability report provides some information on GHG emissions, but it does not meet the TCFD guidelines for high-quality disclosure. The report discloses Scope 1 and Scope 2 GHG emissions, but it does not provide Scope 3 GHG emissions and the related risks. The report does not provide GHG emissions for historical periods, nor does it describe the methodologies used to calculate or estimate the metrics. The report does not provide generally accepted industry-specific GHG efficiency ratios. The report does not calculate GHG emissions in line with the GHG Protocol methodology. The report does not provide a clear description of the related risks and how they differ depending on the scope. Therefore, the report's disclosure quality on the TCFD recommendation point is low.","The sustainability report provides some information on the targets used by the organization to manage climate-related risks and opportunities and performance against targets. The report mentions a target to reduce GHG emissions by 55% by 2030, but it does not provide details on whether the target is absolute or intensity-based, time frames over which the target applies, base year from which progress is measured, or key performance indicators used to assess progress against targets. The report also lacks information on methodologies used to calculate targets and measures. The report does not disclose associated interim targets in aggregate or by business line, where available. The report mentions the possibility of establishing an ERM program, but it does not provide details on the process for managing climate-related risks. Overall, the report provides limited information on the targets used by the organization to manage climate-related risks and opportunities and performance against targets."
SCORE,50,60,30,40,60,40,40,20,20,30,40
