,"Company name: Elanco
Company sector: Healthcare - Biotechnology & Pharmaceuticals
Company location: Global Headquarters: 2500 Innovation Way, Greenfield, IN 46140
Pages: 103","Company name: Elanco
Company sector: Healthcare - Biotechnology & Pharmaceuticals
Company location: Global Headquarters: 2500 Innovation Way, Greenfield, IN 46140
Pages: 103","Company name: Elanco
Company sector: Healthcare - Biotechnology & Pharmaceuticals
Company location: Global Headquarters: 2500 Innovation Way, Greenfield, IN 46140
Pages: 103","Company name: Elanco
Company sector: Healthcare - Biotechnology & Pharmaceuticals
Company location: Global Headquarters: 2500 Innovation Way, Greenfield, IN 46140
Pages: 103","Company name: Elanco
Company sector: Healthcare - Biotechnology & Pharmaceuticals
Company location: Global Headquarters: 2500 Innovation Way, Greenfield, IN 46140
Pages: 103","Company name: Elanco
Company sector: Healthcare - Biotechnology & Pharmaceuticals
Company location: Global Headquarters: 2500 Innovation Way, Greenfield, IN 46140
Pages: 103","Company name: Elanco
Company sector: Healthcare - Biotechnology & Pharmaceuticals
Company location: Global Headquarters: 2500 Innovation Way, Greenfield, IN 46140
Pages: 103","Company name: Elanco
Company sector: Healthcare - Biotechnology & Pharmaceuticals
Company location: Global Headquarters: 2500 Innovation Way, Greenfield, IN 46140
Pages: 103","Company name: Elanco
Company sector: Healthcare - Biotechnology & Pharmaceuticals
Company location: Global Headquarters: 2500 Innovation Way, Greenfield, IN 46140
Pages: 103","Company name: Elanco
Company sector: Healthcare - Biotechnology & Pharmaceuticals
Company location: Global Headquarters: 2500 Innovation Way, Greenfield, IN 46140
Pages: 103","Company name: Elanco
Company sector: Healthcare - Biotechnology & Pharmaceuticals
Company location: Global Headquarters: 2500 Innovation Way, Greenfield, IN 46140
Pages: 103"
,tcfd_1,tcfd_2,tcfd_3,tcfd_4,tcfd_5,tcfd_6,tcfd_7,tcfd_8,tcfd_9,tcfd_10,tcfd_11
ANSWER,"Elanco's Board oversees climate-related risks and opportunities through the Nominating and Corporate Governance Committee, which provides oversight and guidance for the overall sustainability program. The Audit Committee reviews policies and practices related to environmental protection and the health and safety of employees. The Board maintains active oversight of the company's strategy and risk management, including ESG risks, cybersecurity, and human capital management. However, the report lacks specific details on the Board's actions and the effectiveness of its oversight.","Elanco maintains an enterprise risk management program to identify, assess, manage, monitor, and report any risks that may have an impact on their business, including those related to climate change. The global HSE Steering Committee assesses and manages climate-related risks and opportunities, which are escalated to the Healthy Purpose Committee and the Executive Committee as appropriate. Elanco also installs and updates business continuity plans and risk mitigation measures to protect their ability to navigate uncertainties.","Elanco has identified climate-related risks and opportunities that may impact its ability to operate and serve customers. The company recognizes the negative impact of climate change on the health and well-being of farm animals and has installed business continuity plans and risk mitigation measures to strengthen its operational resilience. Elanco is committed to reducing energy use, minimizing emissions, and managing waste. The company aims to source 100% renewable energy by 2030 and track and implement programs to reduce Scope 1 and Scope 2 greenhouse gas emissions. However, the report lacks concrete data on the company's progress towards these goals.","Elanco acknowledges the potential impacts of climate-related risks on its business operations and has committed to conducting business in an environmentally responsible manner. The company has installed business continuity plans and risk mitigation measures to strengthen its operational resilience. However, the report lacks concrete data on the company's climate-related risks and opportunities impact on its financial performance and planning.","Elanco's sustainability report acknowledges the potential impact of climate-related risks on its business operations and has committed to minimizing its environmental footprint. However, the report lacks specific details on the resilience of its strategy in different climate-related scenarios and physical risks. The report mentions the company's commitment to address climate challenges through its Healthy Purpose framework, but it is unclear how this translates into concrete actions.","Elanco's sustainability report states that the organization identifies and assesses climate-related risks through both top-down and bottom-up processes. The global HSE Steering Committee manages climate-related risks, which are escalated to the Healthy Purpose Committee and further to the Executive Committee, as appropriate. More information on risk management is available in their Form 10-K.","Elanco manages climate-related risks by monitoring and addressing potential impacts on business strategy and operations through its Healthy Purpose framework aligned with the UN 2030 Sustainable Development Goals. The company installs and updates business continuity plans and risk mitigation measures to strengthen operational resilience and protect its ability to navigate uncertainties. Climate-related risks, issues, and opportunities are assessed and managed by the global HSE Steering Committee and escalated to the Healthy Purpose Committee and Executive Committee. Elanco also follows the Task Force on Climate-Related Financial Disclosures  recommendations on climate-related financial disclosures.","Elanco's sustainability report mentions that they maintain an enterprise risk management program that includes climate-related risks. The risks are assessed and managed by the global HSE Steering Committee and escalated to the Healthy Purpose Committee and further to the Executive Committee. However, the report lacks specific details on how the processes for identifying, assessing, and managing climate-related risks are integrated into the organization's overall risk management.","Elanco's sustainability report does not provide specific metrics used to assess climate-related risks and opportunities. However, the report states that the company monitors and addresses potential impacts of climate-related risks on its business strategy and operations, aligned with the UN 2030 Sustainable Development Goals. The report also mentions that Elanco maintains an enterprise risk management program to identify, assess, manage, monitor, and report any risks that may have an impact on its business, including those related to the health and safety of its people and the planet.","Elanco discloses its Scope 1 and Scope 2 greenhouse gas emissions, but there is no information on Scope 3 emissions. The related risks include potential damage caused by pharmaceuticals being released into the environment and limited localized availability of water. However, the report lacks specific details on the risks and the emissions reduction programs are not ambitious enough to meet the Paris Agreement goals.","Elanco's sustainability report does not provide specific targets to understand/quantify/benchmark climate-related risks and opportunities. However, the company is committed to reducing its environmental footprint, including greenhouse gas emissions, and using 100% renewable energy by 2030. The report lacks concrete data and relies on vague statements, and the company's commitment to sustainability should be viewed with skepticism."
SOURCES,"[312, 320, 316, 471, 52, 161, 313, 50, 147, 49, 469, 157, 144, 304, 467, 151, 322, 71]","[316, 317, 320, 321, 322]","[316, 317, 322, 46, 302]","[316, 320, 317]","[316, 320, 317, 380, 62, 304, 318, 46, 63, 65, 302, 390, 322, 67, 359, 124, 381, 58, 17]","[316, 317, 320, 322]","[316, 317, 320, 321, 322, 311]","[316, 317, 321, 322]","[316, 320, 321, 322, 57, 50, 317, 304, 46, 63, 312, 313, 152, 380, 419, 58, 160, 466]","[70, 12, 67, 381, 50]","[46, 302, 306, 317]"
PAGE,"[33, 34, 67, 68, 36, 35, 65, 12, 17, 94]",[68],"[64, 11, 68]",[68],"[64, 65, 3, 68, 11, 75, 13, 14, 79, 15, 81, 16, 28]",[68],"[67, 68]",[68],"[65, 34, 67, 68, 36, 11, 12, 13, 14, 79, 86, 93]","[3, 12, 79, 16, 17]","[64, 66, 11, 68]"
ANALYSIS,"The sustainability report provides some information on the board's oversight of climate-related risks and opportunities. The report mentions that the Nominating and Corporate Governance Committee provides oversight and guidance for the overall sustainability program, and the Audit Committee reviews policies and practices related to environmental protection and the health and safety of employees. However, the report lacks specific details on the processes and frequency by which the board and/or board committees are informed about climate-related issues, and whether the board and/or board committees consider climate-related issues when reviewing and guiding strategy, major plans of action, risk management policies, annual budgets, and business plans. The report also does not provide information on how the board monitors and oversees progress against goals and targets for addressing climate-related issues.","The disclosure provides some information on management's role in assessing and managing climate-related risks and opportunities. It mentions that the organization has assigned climate-related responsibilities to management-level positions and committees, and that management monitors climate-related issues. However, the disclosure lacks specific details on the organizational structure, processes by which management is informed about climate-related issues, and how management assesses and manages climate-related issues. Additionally, the disclosure does not mention whether such management positions or committees report to the board or a committee of the board. Overall, the disclosure partially meets the requirements for high-quality disclosure pertaining to the role of management in assessing and managing climate-related risks and opportunities.","The sustainability report provides limited information on the most relevant climate-related risks and opportunities that the organization has identified over the short, medium, and long term. While the report mentions the potential impacts of climate-related risks on the organization's business strategy and operations, it does not provide a clear description of the specific climate-related issues that could have a material financial impact on the organization. The report also lacks information on the process used to determine which risks and opportunities could have a material financial impact on the organization. Overall, the disclosure is insufficient in meeting the TCFD guidelines for high-quality disclosure pertaining to the TCFD recommendation point.","The sustainability report provides some information on how climate-related risks and opportunities impact the organization's business strategy, economic and financial performance, and financial planning. The report mentions that the company takes active measures to reduce energy use, minimize emissions, and manage waste. It also discusses the potential impacts of climate-related risks on the company's operations and the measures taken to strengthen operational resilience. However, the report lacks specific details on how climate-related issues serve as an input to the company's financial planning process, the impact of climate-related issues on the company's financial performance and financial position, and the company's plans for transitioning to a low-carbon economy. The report also does not describe the impact of climate-related issues on the company's products and services, supply chain, investment in research and development, acquisitions or divestments, and access to capital. Therefore, the report's disclosure quality on the given TCFD recommendation point is low.","The sustainability report provides some information on the organization's strategy resilience to climate-related risks and opportunities. The report mentions that the organization monitors and addresses potential impacts of climate-related risks on its business strategy and operations, aligned with the UN 2030 Sustainable Development Goals. However, the report lacks specific details on how the organization's strategy might change to address potential risks and opportunities, the potential impact of climate-related issues on financial performance, and the climate-related scenarios and associated time horizon considered. The report also fails to describe how resilient the organization's strategy is when considering different climate-related scenarios, including a 2°C target or lower scenario. Overall, the report provides limited disclosure on the critical element, resulting in a score of 40.","The disclosure provides some information on the organization's processes for identifying and assessing climate-related risks. The report mentions that the organization maintains an enterprise risk management program and considers climate-related risks in relation to other risks. However, the report lacks specific details on how the organization determines the relative significance of climate-related risks and whether it considers existing and emerging regulatory requirements related to climate change. The report also does not disclose the processes for assessing the potential size and scope of identified climate-related risks and definitions of risk terminology used or references to existing risk classification frameworks used. Overall, the disclosure is insufficient in meeting the TCFD guidelines.","The disclosure provides some information on the organization's processes for managing climate-related risks. The report mentions that the organization maintains an enterprise risk management program to identify, assess, manage, monitor, and report any risks that may have an impact on their business, including those related to climate change. The report also states that climate-related risks, issues, and opportunities are assessed and managed by the global HSE Steering Committee and escalated to the Healthy Purpose Committee and further to the Executive Committee, as appropriate. However, the report lacks specific details on how the organization makes decisions to mitigate, transfer, accept, or control those risks and how materiality determinations are made within the organization. Therefore, the disclosure is insufficient to meet the TCFD guidelines.","The disclosure provides some information on how the organization integrates processes for identifying, assessing, and managing climate-related risks into its overall risk management. The report mentions that the organization maintains an enterprise risk management program and that climate-related risks are assessed and managed by the global HSE Steering Committee. However, the disclosure lacks specific details on how the organization identifies, assesses, and manages climate-related risks. The report also fails to describe how climate-related risks are integrated into the organization's overall risk management. Overall, the disclosure provides some information on the integration of climate-related risks into the organization's overall risk management, but it lacks specific details and does not fully meet the requirements.","The sustainability report provides limited information on the metrics used to assess climate-related risks and opportunities. While the report mentions the company's commitment to addressing climate challenges and its enterprise risk management program, it does not provide specific details on the metrics used to measure and manage climate-related risks and opportunities. The report does not include metrics on climate-related risks associated with water, energy, land use, and waste management. The report also does not describe whether and how related performance metrics are incorporated into remuneration policies. While the report mentions the company's internal carbon prices and climate-related opportunity metrics, it does not provide specific details on these metrics. The report does not provide forward-looking metrics for the cross-industry, consistent with their business or strategic planning time horizons.","The sustainability report provides a detailed disclosure of Scope 1 and Scope 2 GHG emissions for the years 2015 to 2021, which is in line with the GHG Protocol methodology. The report also mentions the organization's commitment to developing a comprehensive approach to addressing Scope 3 emissions. However, the report lacks specific details on the related risks and how they differ depending on the scope. Additionally, the report does not provide generally accepted industry-specific GHG efficiency ratios. Overall, the report partially meets the TCFD guidelines for high-quality disclosure pertaining to the TCFD recommendation point.","The sustainability report provides limited information on the targets used by the organization to manage climate-related risks and opportunities and performance against targets. While the report mentions some goals related to GHG emissions, energy usage, and renewable energy, it does not provide specific details on the targets, time frames, base year, or key performance indicators used to assess progress against targets. The report also lacks information on the methodologies used to calculate targets and measures. The report does not disclose any interim targets in aggregate or by business line. Overall, the report does not meet most of the TCFD guidelines for high-quality disclosure pertaining to the TCFD recommendation point."
SCORE,60,60,30,40,40,40,50,60,30,75,30
