,"Company name: H.B. Fuller
Company sector: Adhesives
Company location: World Headquarters, St. Paul, MN, U.S.
Pages: 37","Company name: H.B. Fuller
Company sector: Adhesives
Company location: World Headquarters, St. Paul, MN, U.S.
Pages: 37","Company name: H.B. Fuller
Company sector: Adhesives
Company location: World Headquarters, St. Paul, MN, U.S.
Pages: 37","Company name: H.B. Fuller
Company sector: Adhesives
Company location: World Headquarters, St. Paul, MN, U.S.
Pages: 37","Company name: H.B. Fuller
Company sector: Adhesives
Company location: World Headquarters, St. Paul, MN, U.S.
Pages: 37","Company name: H.B. Fuller
Company sector: Adhesives
Company location: World Headquarters, St. Paul, MN, U.S.
Pages: 37","Company name: H.B. Fuller
Company sector: Adhesives
Company location: World Headquarters, St. Paul, MN, U.S.
Pages: 37","Company name: H.B. Fuller
Company sector: Adhesives
Company location: World Headquarters, St. Paul, MN, U.S.
Pages: 37","Company name: H.B. Fuller
Company sector: Adhesives
Company location: World Headquarters, St. Paul, MN, U.S.
Pages: 37","Company name: H.B. Fuller
Company sector: Adhesives
Company location: World Headquarters, St. Paul, MN, U.S.
Pages: 37","Company name: H.B. Fuller
Company sector: Adhesives
Company location: World Headquarters, St. Paul, MN, U.S.
Pages: 37"
,tcfd_1,tcfd_2,tcfd_3,tcfd_4,tcfd_5,tcfd_6,tcfd_7,tcfd_8,tcfd_9,tcfd_10,tcfd_11
ANSWER,"The board oversees climate-related risks and opportunities through the Corporate Governance and Nominating Committee, which receives periodic updates from management on ESG policies and practices and ensures the right positioning, engagement, and disclosures to shareholders and other interested parties. The work of C-suite-led committees responsible for the coordination and integration of workplace environmental, health and safety, cybersecurity, and sustainability is monitored by the Board through direct reports from the CEO and other executives to the full Board or the relevant committee.","H.B. Fuller's management is responsible for ESG oversight, receiving periodic updates on ESG policies and practices, and ensuring the right positioning, engagement, and disclosures to shareholders and other interested parties. The company views sustainability as a fundamental responsibility and a strategic priority that touches every aspect of its business. However, the report lacks specific details on how management assesses and manages climate-related risks and opportunities.","The report does not provide a clear identification of climate-related risks and opportunities over the short, medium, and long term. The report only mentions the company's commitment to sustainability and its progress towards its sustainability goals. There are no concrete data or quantifiable information provided to support the company's claims.","H.B. Fuller views sustainability as a fundamental responsibility and a strategic priority that touches every aspect of its business. The company aims to enable its customers to achieve their sustainability goals, optimize its facilities' operations and process efficiency, and engage its employees to be responsible for safety, wellness, and achieving sustainability targets. However, the report lacks specific data and quantifiable information to support the company's claims.","The report does not provide sufficient information to determine the resilience of H.B. Fuller's strategy in different climate-related scenarios or physical risks. While the report outlines sustainability goals and metrics, it lacks specific details on how the company plans to achieve these goals and mitigate risks. Additionally, the report contains several cheap talks and vague statements that do not provide concrete evidence of the company's commitment to sustainability.","H.B. Fuller uses life cycle assessments  to identify and assess climate-related risks. They have completed LCAs for four top technologies to evaluate their products' environmental footprint across the value chain. They also work with their R&D and Strategic Sourcing teams to reduce CO2 emissions from their raw materials. However, the report lacks specific information on the processes used to identify and assess climate-related risks.","H.B. Fuller reduces CO2 emissions from raw materials and has obtained ISO certifications relevant to ESG. The company invests in climate protection projects and has a sustainability technical subcommittee. H.B. Fuller has a framework to guide innovation and focuses on sustainability metrics. The CEO leads the Sustainability Steering Committee, and the company has C-suite-led committees responsible for ESG. The company invests in renewable energy and recycling initiatives at its world headquarters campus.","The report does not provide specific information on how the processes for identifying, assessing, and managing climate-related risks are integrated into the organization's overall risk management. However, the report highlights the company's commitment to sustainability and ESG oversight as a responsibility of the Corporate Governance and Nominating Committee. The report also mentions the company's alignment with various sustainability frameworks and standards, including ISO 14001, ISO 45001, and ISO 50001.","H.B. Fuller uses four intensity-based sustainability metrics to assess climate-related risks and opportunities: energy intensity, greenhouse gas emissions intensity, waste intensity, and water withdrawal intensity. These metrics are normalized by metric tons of production to accommodate for changes in output. The company aligns with the Global Reporting Initiative  Standards and the Carbon Disclosure Project. However, the report lacks specific information on how these metrics help ensure that the performance is in line with its strategy and risk management process.","Yes, H.B. Fuller discloses its Scope 1 and Scope 2 greenhouse gas emissions. However, there is no mention of Scope 3 emissions. The report does not provide any specific figures on these emissions. The related risks are not mentioned in the report.","H.B. Fuller focuses on four key sustainability metrics: energy intensity, greenhouse gas emissions intensity, waste intensity, and water withdrawal intensity. The company set out to reach four primary sustainability goals by 2025, and some have already been achieved well before the target date. H.B. Fuller aligns with the Global Reporting Initiative  Standards and the Carbon Disclosure Project . The company has participated in and reported to CDP's supply chain program since 2013 to transparently disclose its environmental impacts."
SOURCES,"[172, 173]","[172, 41]","[28, 40, 45, 41, 20, 13, 8, 43, 19, 15, 18, 172, 36, 47, 9, 29, 38]","[20, 41, 42]","[40, 45, 48, 39, 18, 38, 42, 46, 20, 56, 28, 32, 142, 70, 43, 31, 41, 37, 47, 144]","[94, 95]","[40, 95, 28, 18, 15, 45, 14, 70, 41, 72, 172, 8, 24, 39, 42, 62, 175, 173, 31, 46]","[42, 172, 41, 18]","[39, 15, 38, 45, 28, 42, 13, 41, 18, 43, 175, 172, 31, 3]","[32, 9, 38]","[15, 39, 40, 41, 42, 31]"
PAGE,[29],"[9, 29]","[2, 4, 5, 6, 7, 8, 9, 29]","[9, 5]","[5, 6, 7, 8, 9, 11, 12, 24]",[16],"[2, 4, 5, 6, 7, 8, 9, 12, 13, 16, 29]","[9, 5, 29]","[1, 4, 5, 6, 7, 8, 9, 29]","[8, 2]","[8, 9, 5, 7]"
ANALYSIS,"The sustainability report provides some information on the board's oversight of climate-related risks and opportunities. It mentions that the Corporate Governance and Nominating Committee is responsible for ESG oversight and receives periodic updates from management on ESG policies and practices. The report also states that the CEO leads the Sustainability Steering Committee, which develops and monitors ESG values and strategy. However, the report does not provide details on whether the board and/or board committees consider climate-related issues when reviewing and guiding strategy, major plans of action, risk management policies, annual budgets, and business plans. Additionally, the report does not discuss how the board monitors and oversees progress against goals and targets for addressing climate-related issues. Overall, the disclosure is insufficient in meeting the TCFD guidelines.","The sustainability report does not provide sufficient information on management's role in assessing and managing climate-related risks and opportunities. While the report mentions the existence of a Corporate Governance and Nominating Committee responsible for ESG oversight, it does not provide any details on the committee's responsibilities or how it assesses and manages climate-related issues. The report also mentions a Global Environmental Compliance and Sustainability Leader, but it is unclear what their role is in managing climate-related risks and opportunities. Overall, the report lacks specific information on the organizational structure, processes, and monitoring mechanisms related to climate-related issues, which are necessary components for high-quality disclosure.","The sustainability report provided by H.B. Fuller lacks the necessary information to meet the requirements for this critical element. The report does not provide a description of the specific climate-related issues potentially arising in each time horizon  that could have a material financial impact on the organization. Additionally, the report does not provide a description of the process used to determine which risks and opportunities could have a material financial impact on the organization. The report only mentions the company's commitment to sustainability and its progress towards achieving its sustainability goals. Therefore, the report does not provide sufficient information to rate the disclosure quality on this critical element.","The given disclosure does not provide sufficient information to meet the requirements for high-quality disclosure pertaining to the critical element of how climate-related risks and opportunities impact the organization's business strategy, economic and financial performance, and financial planning. The disclosure lacks specific details on how climate-related issues have affected the organization's businesses, strategy, and financial planning. It does not describe the impact of climate-related issues on the organization's financial performance and financial position. The disclosure also does not provide information on how climate-related issues serve as an input to the organization's financial planning process, the time period used, and how these risks and opportunities are prioritized. The disclosure does not describe the organization's plans for transitioning to a low-carbon economy, which could include GHG emissions targets and specific activities intended to reduce GHG emissions in their operations and value chain or to otherwise support the transition.","The sustainability report provided by H.B. Fuller lacks sufficient information to evaluate the resilience of the organization's strategy when considering different climate-related scenarios, including a 2°C target or lower scenario, and climate physical risks. The report does not provide any information on how the organization's strategies might change to address potential risks and opportunities, the potential impact of climate-related issues on financial performance, and the climate-related scenarios and associated time horizon considered. The report mainly focuses on the organization's sustainability goals, metrics, and achievements, and does not provide any specific details on how the organization is addressing climate-related risks and opportunities.","The given sustainability report does not provide sufficient information on the processes used by the organization to identify and assess climate-related risks. The report does not describe the organization's risk management processes for identifying and assessing climate-related risks, nor does it provide information on how the organization determines the relative significance of climate-related risks in relation to other risks. The report does not disclose whether the organization considers existing and emerging regulatory requirements related to climate change, or provide information on the processes for assessing the potential size and scope of identified climate-related risks and definitions of risk terminology used or references to existing risk classification frameworks used. As a result, the report fails to meet the TCFD guidelines for high-quality disclosure pertaining to the TCFD recommendation point.","The given sustainability report does not provide sufficient information on how the organization manages climate-related risks. The report does not describe the organization's processes for managing climate-related risks, including how they make decisions to mitigate, transfer, accept, or control those risks. Additionally, the report does not describe the organization's processes for prioritizing climate-related risks, including how materiality determinations are made within their organizations. The report only provides general information on the organization's sustainability goals, progress, and external recognition. Therefore, the report does not meet the TCFD guidelines for high-quality disclosure pertaining to the TCFD recommendation point.","The sustainability report does not provide sufficient information on how the processes for identifying, assessing, and managing climate-related risks are integrated into the organization's overall risk management. The report does not describe the specific processes for identifying, assessing, and managing climate-related risks, nor does it explain how these processes are integrated into the organization's overall risk management. The report does not provide any details on the risk management framework or how climate-related risks are prioritized and managed. Therefore, the report does not meet the TCFD guidelines for high-quality disclosure pertaining to the TCFD recommendation point.","The sustainability report provides some information on the metrics used to assess climate-related risks and opportunities. The report mentions four key sustainability metrics: energy intensity, greenhouse gas emissions intensity, waste intensity, and water withdrawal intensity. However, the report does not provide any information on how these metrics help ensure that the performance is in line with its strategy and risk management process. The report does not provide any metrics on climate-related risks associated with water, energy, land use, and waste management where relevant and applicable. The report does not provide any information on whether and how related performance metrics are incorporated into remuneration policies. The report does not provide any internal carbon prices as well as climate-related opportunity metrics such as revenue from products and services designed for a low-carbon economy. The report does not provide any forward-looking metrics for the cross-industry, consistent with their business or strategic planning time horizons. The report does not provide a description of the methodologies used to calculate or estimate climate-related metrics.","The sustainability report provides some information on the organization's Scope 1 and Scope 2 GHG emissions, but it does not disclose Scope 3 GHG emissions and the related risks. The report does not provide GHG emissions for historical periods, nor does it describe the methodologies used to calculate or estimate the metrics. The report does not mention the GHG Protocol methodology or industry-specific GHG efficiency ratios. The report does not provide GHG emissions independent of a materiality assessment. Overall, the report lacks sufficient detail to meet the TCFD guidelines for high-quality disclosure pertaining to the TCFD recommendation point.","The sustainability report provides some information on the organization's sustainability goals and metrics, including energy intensity, greenhouse gas emissions intensity, waste intensity, and water withdrawal intensity. However, the report does not provide any specific targets or performance against targets. The report does not describe whether the targets are absolute or intensity-based, time frames over which the target applies, base year from which progress is measured, or key performance indicators used to assess progress against targets. The report also does not provide a description of the methodologies used to calculate targets and measures. Overall, the report lacks the necessary components for high-quality disclosure pertaining to the critical element."
SCORE,40,20,0,10,10,0,0,0,20,30,20
