,"Company name: Carrier Global Corporation
Company sector: HVAC, Refrigeration and Fire & Security
Company location: Palm Beach Gardens, Florida, U.S.A.
Pages: 83","Company name: Carrier Global Corporation
Company sector: HVAC, Refrigeration and Fire & Security
Company location: Palm Beach Gardens, Florida, U.S.A.
Pages: 83","Company name: Carrier Global Corporation
Company sector: HVAC, Refrigeration and Fire & Security
Company location: Palm Beach Gardens, Florida, U.S.A.
Pages: 83","Company name: Carrier Global Corporation
Company sector: HVAC, Refrigeration and Fire & Security
Company location: Palm Beach Gardens, Florida, U.S.A.
Pages: 83","Company name: Carrier Global Corporation
Company sector: HVAC, Refrigeration and Fire & Security
Company location: Palm Beach Gardens, Florida, U.S.A.
Pages: 83","Company name: Carrier Global Corporation
Company sector: HVAC, Refrigeration and Fire & Security
Company location: Palm Beach Gardens, Florida, U.S.A.
Pages: 83","Company name: Carrier Global Corporation
Company sector: HVAC, Refrigeration and Fire & Security
Company location: Palm Beach Gardens, Florida, U.S.A.
Pages: 83","Company name: Carrier Global Corporation
Company sector: HVAC, Refrigeration and Fire & Security
Company location: Palm Beach Gardens, Florida, U.S.A.
Pages: 83","Company name: Carrier Global Corporation
Company sector: HVAC, Refrigeration and Fire & Security
Company location: Palm Beach Gardens, Florida, U.S.A.
Pages: 83","Company name: Carrier Global Corporation
Company sector: HVAC, Refrigeration and Fire & Security
Company location: Palm Beach Gardens, Florida, U.S.A.
Pages: 83","Company name: Carrier Global Corporation
Company sector: HVAC, Refrigeration and Fire & Security
Company location: Palm Beach Gardens, Florida, U.S.A.
Pages: 83"
,tcfd_1,tcfd_2,tcfd_3,tcfd_4,tcfd_5,tcfd_6,tcfd_7,tcfd_8,tcfd_9,tcfd_10,tcfd_11
ANSWER,"The Governance Committee of the Board of Directors reviews and monitors actions related to climate risks and opportunities. The Audit Committee of the Board of Directors oversees the ERM program and DC&P, and the Executive Leadership Team and the Board of Directors are responsible for setting and overseeing the strategic direction of the company, including the risks and opportunities created by climate-related matters. However, the report lacks specific details on how the board integrates climate-related risks into its decision-making process and whether it has set any targets or goals to manage these risks.","Management assesses and manages climate-related risks and opportunities through a cross-functional team that conducts a climate-related scenario analysis to identify risks and opportunities and assess the company's resiliency. Risks are assessed and prioritized using the ERM rating system and validated by the team. The organization integrates climate-related risk identification, assessment, and management processes within its ERM program and DC&P. Climate-related metrics and emissions targets are disclosed in the 2030 ESG Goals Results. The Governance Committee of the Board of Directors reviews and monitors actions related to climate risks and opportunities.","Carrier Global Corporation has identified climate-related risks and opportunities over the short, medium, and long term. Risks include increased frequency and intensity of weather conditions, water scarcity, and indirect financial risks passed through the supply chain. Opportunities include investing over $2 billion to develop sustainable products and reducing customers' carbon footprint by more than 1 gigaton. The report is grounded in quantifiable data, but the company's commitment to achieving its goals is yet to be seen.","Carrier Global Corporation conducted a climate-related scenario analysis to identify risks and opportunities and assess the company's resiliency. Climate scenarios and time horizons were based on Intergovernmental Panel on Climate Change guidance to illustrate the potential pathways. The company integrates climate-related risk identification, assessment and management processes within its ERM program and DC&P. Climate-related risks are identified, assessed and mitigated annually through the ERM program. The company has set environmental, social and governance goals to be achieved by 2030, which include investing over $2 billion to develop long-term solutions. The company acknowledges that climate change could adversely affect its business, including increased frequency and intensity of weather conditions and water scarcity, creating financial risks to its business. The company is assessing the potential impacts of the SEC's proposed climate-related disclosure requirements.","Carrier Global Corporation conducted a climate-related scenario analysis to identify risks and opportunities and assess the company's resiliency. Climate scenarios and time horizons were based on Intergovernmental Panel on Climate Change guidance to illustrate the potential pathways and outcomes at each time horizon. The company integrates climate-related risk identification, assessment, and management processes within its ERM program and DC&P. Climate-related risks are identified, assessed, and mitigated annually through the ERM program. The company has set emissions targets and key performance indicators as part of its 2030 ESG Goals Results. However, the report lacks concrete data on the company's resilience to different climate-related scenarios and physical risks.","Carrier Global Corporation conducts a climate-related scenario analysis based on Intergovernmental Panel on Climate Change guidance to identify risks and opportunities and assess the company's resiliency. Risks are assessed and prioritized using the ERM rating system and validated by a cross-functional team composed of executives in supply chain; environment, health and safety; legal; finance; government relations; engineering; and sustainability. Climate-related risks are identified, assessed and mitigated annually through their ERM program.","Carrier Global Corporation integrates climate-related risk identification, assessment, and management processes within its ERM program and DC&P. The company conducted a climate-related scenario analysis based on IPCC guidance to identify risks and opportunities and assess its resiliency. Risks were assessed and prioritized using the ERM rating system and validated by a cross-functional team. The company's climate strategy and disclosures are informed by the assessed risks. The company has set emissions targets and key performance indicators as part of its 2030 ESG goals.","Carrier Global Corporation integrates climate-related risk identification, assessment, and management processes within its ERM program and DC&P. Risks are assessed and prioritized using the ERM rating system and validated by a cross-functional team. The Governance Committee of the Board of Directors reviews and monitors actions related to climate risks and opportunities. Climate-related metrics and emissions targets are disclosed in the 2030 ESG Goals Results.","Carrier Global Corporation integrates climate-related risk identification, assessment, and management processes within its ERM program and DC&P. Climate-related risks are identified, assessed, and mitigated annually through the ERM program. The organization conducted a climate-related scenario analysis to identify risks and opportunities and assess the company's resiliency. Climate scenarios and time horizons were based on Intergovernmental Panel on Climate Change guidance to illustrate the potential pathways and outcomes at each time horizon. Emissions targets and key performance indicators are listed as part of the 2030 ESG Goals Results.","Carrier Global Corporation discloses its Scope 1 and Scope 2 GHG emissions, but it is unclear if they disclose Scope 3 emissions. The report identifies risks related to GHG emissions, but they are not specific to each scope. The report lacks specific figures on GHG emissions, making it difficult to assess the company's environmental impact.""","Carrier Global Corporation discloses its climate-related metrics and emissions targets as part of its 2030 ESG Goals Results. However, the report does not provide any information on the specific targets used to manage climate-related risks and opportunities or the organization's performance against these targets."
SOURCES,"[374, 399]","[395, 400, 401, 402, 374, 375, 376, 377, 378, 379, 385, 389]","[375, 376, 377, 378, 385, 395, 396, 398, 399, 401, 402, 403]","[375, 395, 400, 401, 402, 403, 374, 376, 377, 378, 379, 384, 385, 389, 393, 396, 282, 281]","[395, 400, 401, 402, 398, 375, 376, 377, 378, 374, 385]","[395, 398]","[395, 398, 401, 402, 403]","[398, 401, 375, 374, 282, 402]","[398, 400, 401, 402, 403, 395, 375, 385, 374, 376, 377, 378, 248, 282, 281, 367, 396, 5, 284]","[1, 2, 3, 10, 305, 1, 305, 2, 305, 3, 281, 332, 374, 375, 379, 385]","[402, 403]"
PAGE,"[81, 79]","[80, 81, 79]","[80, 81, 79]","[80, 81, 52, 79]","[80, 81, 79]","[80, 81]","[80, 81]","[81, 52, 79]","[2, 77, 47, 80, 81, 79, 52, 53]","[65, 1, 3, 79, 80, 52, 57]",[81]
ANALYSIS,"The report provides some information on the board's oversight of climate-related risks and opportunities. It mentions that the Governance Committee of the Board of Directors reviews and monitors actions related to climate risks and opportunities. The report also describes how the board monitors and oversees progress against goals and targets for addressing climate-related issues. However, the report does not provide information on whether the board and/or board committees consider climate-related issues when reviewing and guiding strategy, major plans of action, risk management policies, annual budgets, and business plans as well as setting the organization’s performance objectives, monitoring implementation and performance, and overseeing major capital expenditures, acquisitions, and divestitures. Therefore, the report partially meets the requirements for high-quality disclosure pertaining to the critical element of how the company's board oversees climate-related risks and opportunities.","The sustainability report provides a detailed description of the organization's processes for managing climate-related risks and opportunities. The report describes the organizational structure, the processes for identifying, assessing, and managing climate-related risks, and the metrics and targets used to assess climate-related risks and opportunities. The report also describes the impact of climate-related risks and opportunities on the organization's businesses, strategy, and financial planning. However, the report does not provide information on whether the organization has assigned climate-related responsibilities to management-level positions or committees, and if so, whether such management positions or committees report to the board or a committee of the board. Therefore, the report partially meets the requirements, and the score is 80 out of 100.","The sustainability report provides a detailed description of the organization's processes for managing climate-related risks and opportunities. The report identifies climate-related risks and opportunities over the short, medium, and long term, and describes the specific climate-related issues that could have a material financial impact on the organization. The report also describes the process used to determine which risks and opportunities could have a material financial impact on the organization. However, the report does not provide a description of risks and opportunities by sector and/or geography, as appropriate. Overall, the report meets most of the requirements for high-quality disclosure pertaining to the critical element of identifying climate-related risks and opportunities.","The sustainability report provides some information on how climate-related risks and opportunities impact the organization's businesses strategy, economic and financial performance, and financial planning. The report describes the organization's processes for managing climate-related risks and identifies climate-related risks and opportunities. The report also discloses metrics and targets used by the organization to assess climate-related risks and opportunities. However, the report lacks specific details on the impact of climate-related issues on the organization's financial performance and financial position. The report does not describe how climate-related issues serve as an input to the organization's financial planning process, the time period used, and how these risks and opportunities are prioritized. The report also does not describe the organization's plans for transitioning to a low-carbon economy.","The sustainability report provides a detailed description of the organization's strategy and its resilience to climate-related risks and opportunities. The report discusses the potential impact of climate-related issues on financial performance and position, and the climate-related scenarios and associated time horizons considered. The report also describes the organization's processes for managing climate-related risks and how they are integrated into the overall risk management. However, the report lacks specific details on how the organization's strategy might change to address potential risks and opportunities. Additionally, the report does not disclose the metrics used to assess climate-related risks and opportunities in line with its strategy and risk management process. Overall, the report meets most of the requirements and provides a good level of disclosure.","The sustainability report provides a detailed description of the organization's processes for identifying and assessing climate-related risks. The report describes the risk management processes for identifying and assessing climate-related risks, including how the organization determines the relative significance of climate-related risks in relation to other risks. The report also discloses the processes for assessing the potential size and scope of identified climate-related risks and definitions of risk terminology used. However, the report does not provide information on whether the organization considers existing and emerging regulatory requirements related to climate change as well as other relevant factors considered. Overall, the report provides a comprehensive description of the organization's processes for identifying and assessing climate-related risks, but there is room for improvement in terms of regulatory considerations.","The disclosure provides a comprehensive description of the organization's processes for managing climate-related risks. The report describes the organization's processes for managing climate-related risks, including how they make decisions to mitigate, transfer, accept, or control those risks. The report also describes the organization's processes for prioritizing climate-related risks, including how materiality determinations are made within their organizations. The report discloses the metrics used by the organization to assess climate-related risks and opportunities in line with its strategy and risk management process. However, the report does not disclose the targets used by the organization to manage climate-related risks and opportunities and performance against targets. Overall, the disclosure meets most of the requirements and provides sufficient details to assess the organization's processes for managing climate-related risks.","The disclosure provides a detailed description of the organization's processes for identifying, assessing, and managing climate-related risks. The company conducted a climate-related scenario analysis to identify risks and opportunities and assess the company's resiliency. Risks were assessed and prioritized using the ERM rating system and validated by a cross-functional team. The disclosure also describes how processes for identifying, assessing, and managing climate-related risks are integrated into the organization's overall risk management. The disclosure meets all the TCFD guidelines outlined for the TCFD recommendation point.","The sustainability report provides some information on the metrics used to assess climate-related risks and opportunities. The report mentions that climate-related risks are identified, assessed, and mitigated annually through the ERM program. The report also describes the processes for managing climate-related risks and opportunities, including a climate-related scenario analysis to identify risks and opportunities and assess the company's resiliency. However, the report lacks specific details on the metrics used to measure and manage climate-related risks and opportunities. The report does not provide metrics on climate-related risks associated with water, energy, land use, and waste management. The report also does not provide information on whether and how related performance metrics are incorporated into remuneration policies. The report does not provide internal carbon prices or climate-related opportunity metrics. The report does not provide forward-looking metrics for the cross-industry, consistent with their business or strategic planning time horizons.","The sustainability report partially meets the requirements for disclosing Scope 1, Scope 2, and Scope 3 GHG emissions and related risks. The report discloses Scope 1 and Scope 2 GHG emissions, but it is unclear if Scope 3 GHG emissions are disclosed. The report mentions that climate-related risks are identified, assessed, and mitigated annually through the ERM program, but it does not provide a detailed description of the risks. The report provides historical GHG emissions data and describes the methodologies used to calculate the metrics. However, it does not provide generally accepted industry-specific GHG efficiency ratios. The report also describes the targets used to manage climate-related risks and opportunities and performance against targets. Overall, the report provides some information on the TCFD recommendation point, but it lacks specificity and completeness.","The sustainability report provides some information on the targets used by the organization to manage climate-related risks and opportunities and performance against targets. The report lists emissions targets and key performance indicators as part of the 2030 ESG Goals Results. However, the report lacks details on the targets such as whether they are absolute or intensity-based, time frames over which the target applies, base year from which progress is measured, and key performance indicators used to assess progress against targets. The report also does not provide a description of the methodologies used to calculate targets and measures. Overall, the disclosure is insufficient to meet the TCFD guidelines."
SCORE,70,80,90,70,85,80,90,100,50,70,40
