,"Company name: Aflac Incorporated
Company sector: Insurance
Company location: Columbus, GA, USA
Pages: 75","Company name: Aflac Incorporated
Company sector: Insurance
Company location: Columbus, GA, USA
Pages: 75","Company name: Aflac Incorporated
Company sector: Insurance
Company location: Columbus, GA, USA
Pages: 75","Company name: Aflac Incorporated
Company sector: Insurance
Company location: Columbus, GA, USA
Pages: 75","Company name: Aflac Incorporated
Company sector: Insurance
Company location: Columbus, GA, USA
Pages: 75","Company name: Aflac Incorporated
Company sector: Insurance
Company location: Columbus, GA, USA
Pages: 75","Company name: Aflac Incorporated
Company sector: Insurance
Company location: Columbus, GA, USA
Pages: 75","Company name: Aflac Incorporated
Company sector: Insurance
Company location: Columbus, GA, USA
Pages: 75","Company name: Aflac Incorporated
Company sector: Insurance
Company location: Columbus, GA, USA
Pages: 75","Company name: Aflac Incorporated
Company sector: Insurance
Company location: Columbus, GA, USA
Pages: 75","Company name: Aflac Incorporated
Company sector: Insurance
Company location: Columbus, GA, USA
Pages: 75"
,tcfd_1,tcfd_2,tcfd_3,tcfd_4,tcfd_5,tcfd_6,tcfd_7,tcfd_8,tcfd_9,tcfd_10,tcfd_11
ANSWER,"The Board's Corporate Social Responsibility and Sustainability Committee oversees the integration of climate-related risks into organizational strategies, plans of action, and conducts an annual enterprise-wide risk assessment. Extreme or major climate risks are escalated to the Global Risk Committee and ultimately to the Board's Audit and Risk Committee. The Audit and Risk Committee oversees the Company's policies, process, and structure related to enterprise risk engagement and management, which includes ESG risks and opportunities.","Aflac conducts an annual enterprise-wide risk assessment, including extreme or major climate risks, which are escalated to the Global Risk Committee and ultimately to the Board’s Audit and Risk Committee. The company identifies and evaluates environmental risks, including climate change, based on financial impact and probability. The Corporate Social Responsibility and Sustainability Committee oversees the integration of climate-related risks into organizational strategies, plans of action, and management policies.","Aflac Incorporated identifies climate-related risks and opportunities through an annual enterprise-wide risk assessment. Risks are categorized as minor, moderate, adverse, major or catastrophic. The company has developed a formal roadmap to achieve carbon neutrality and net zero emissions by 2040 and 2050, respectively. However, the report lacks concrete data on the financial implications of climate risks and opportunities and the methods used to manage them.","Aflac's sustainability report acknowledges the impact of climate-related risks and opportunities on its business strategy, economic and financial performance, and financial planning. The company conducts an annual enterprise-wide risk assessment that evaluates the materiality of all risks, including extreme or major climate risks. Aflac has developed a formal roadmap to achieve carbon neutrality and net-zero targets by 2040 and 2050, respectively. However, the report lacks concrete data on the financial implications of climate risks and opportunities and the methods used to manage them.","Aflac has set carbon neutrality and net-zero emissions targets by 2040 and 2050, respectively. The company conducts an annual enterprise-wide risk assessment, including extreme climate risks, and uses a risk scale to evaluate materiality. However, the report lacks specific information on the resilience of the organization's strategy to different climate scenarios and physical risks.","Aflac conducts an annual enterprise-wide risk assessment, using a risk scale to evaluate the materiality of all risks, including climate-related risks. Extreme or major climate risks are escalated to the Global Risk Committee and ultimately to the Board’s Audit and Risk Committee. The report also mentions the standards, methodologies, assumptions, and/or calculation tools used to identify and assess climate-related risks.","Aflac conducts an annual enterprise-wide risk assessment, and extreme or major climate risks are escalated to the Global Risk Committee and ultimately to the Board’s Audit and Risk Committee. The company identifies and evaluates environmental risks, including climate change, based on financial impact and probability. Aflac has achieved carbon neutrality in its Scopes 1 and 2 GHG emissions by reducing emissions and purchasing renewable energy credits and carbon offsets. The company has set goals to reduce absolute Scope 1 and 2 emissions 75% by 2030 from a 2007 baseline, achieve carbon neutrality in all Scopes by 2040, and net zero emissions by 2050.","Aflac conducts an annual enterprise-wide risk assessment that evaluates the materiality of all risks, including extreme or major climate risks. The Global Risk Committee and ultimately the Board’s Audit and Risk Committee are responsible for escalating these risks. The CSR&S Committee periodically meets with the ERM Department to consider direct company impacts on the environment and ensure continued efforts to reduce Aflac Incorporated’s carbon footprint.","Aflac conducts an annual enterprise-wide risk assessment that uses a risk scale to evaluate the materiality of all risks, including climate-related risks. The company identifies and evaluates environmental risks, including climate change, based on financial impact and probability. The Corporate Social Responsibility and Sustainability Committee oversees the integration of climate-related risks into organizational strategies, plans of action, and performance objectives. The report mentions several reporting frameworks and standards, including SASB, TCFD, UN SDGs, and GRI, but does not provide specific metrics used to assess climate-related risks and opportunities.","Aflac Incorporated discloses its Scope 1 and Scope 2 GHG emissions, but there is no information on Scope 3 emissions. The report mentions risks related to climate change, but there is no specific information on risks related to GHG emissions. The company aims to achieve carbon neutrality in all scopes by 2040 and net-zero emissions by 2050.","Aflac has developed a framework to achieve carbon neutrality and net zero emissions by 2040 and 2050, respectively. In 2020, Aflac achieved carbon neutrality in Scopes 1 and 2 GHG emissions. However, the report lacks specific targets to quantify and benchmark climate-related risks and opportunities."
SOURCES,"[177, 179, 183]","[183, 393, 247, 364, 179, 243, 249, 177, 182, 181]","[183, 393, 247, 364, 404, 408, 394, 377, 398, 149, 376, 181, 431, 182]","[183, 247, 364, 377, 390, 393, 398, 404, 408]","[183, 149, 404]","[183, 393, 404, 247, 185, 376, 207, 182, 407, 177, 39, 364, 206, 398, 181, 168, 394]","[183, 393, 247, 408, 249, 182, 364, 206, 243, 149, 407, 376, 394]","[183, 393, 247, 376, 185, 179, 182, 394, 377, 168, 177, 407]","[183, 179, 247, 177, 364, 181, 182, 394, 407]","[405, 408, 393, 407, 402, 399, 183, 149, 247, 157, 377, 355, 249, 179]","[149, 157, 407]"
PAGE,[33],"[33, 66, 41, 42, 43, 61]","[33, 66, 67, 68, 72, 42, 27, 61, 63]","[65, 33, 66, 67, 68, 42, 61, 63]","[33, 67, 27]","[33, 66, 67, 36, 68, 7, 42, 61, 30, 63]","[33, 66, 68, 36, 41, 42, 43, 27, 61, 63]","[33, 66, 68, 42, 30, 63]","[33, 66, 68, 42, 61]","[33, 66, 67, 68, 42, 43, 27, 60, 29, 63]","[27, 68, 29]"
ANALYSIS,"The disclosure provides some information on the board's oversight of climate-related risks and opportunities. It mentions that the Corporate Social Responsibility and Sustainability Committee oversees the integration of climate-related risks into organizational strategies, plans of action, and monitors implementation and performance towards attaining goals. The Board's Audit and Risk Committee is informed about climate-related issues through an annual enterprise-wide risk assessment. However, the disclosure lacks information on whether the board considers climate-related issues when reviewing and guiding strategy, major plans of action, risk management policies, annual budgets, and business plans. It also does not provide details on how the board monitors and oversees progress against goals and targets for addressing climate-related issues. Overall, the disclosure is insufficient in meeting the TCFD guidelines.","The disclosure provides some information on management's role in assessing and managing climate-related risks and opportunities. It mentions that the organization conducts an annual enterprise-wide risk assessment, and extreme or major climate risks are escalated to the Global Risk Committee and ultimately to the Board’s Audit and Risk Committee. However, the disclosure lacks specific details on the organizational structure, processes by which management is informed about climate-related issues, and how management monitors climate-related issues. The disclosure also does not mention whether the organization has assigned climate-related responsibilities to management-level positions or committees. Overall, the disclosure partially meets the requirements for high-quality disclosure pertaining to the critical element.","The sustainability report provides some information on climate-related risks and opportunities, but it does not meet all the requirements for high-quality disclosure. The report mentions that the organization conducts an annual enterprise-wide risk assessment and uses a risk scale to evaluate the materiality of all risks, including climate risks. However, the report does not provide a clear description of the specific climate-related issues potentially arising in each time horizon  that could have a material financial impact on the organization. Additionally, the report does not describe the process used to determine which risks and opportunities could have a material financial impact on the organization. The report does not provide a description of risks and opportunities by sector and/or geography, as appropriate. Overall, the report lacks specificity and detail, resulting in a score of 50.","The sustainability report provides some information on the impact of climate-related risks and opportunities on the organization's businesses, strategy, and financial planning. The report discusses the risks and opportunities posed by climate change and how they are evaluated through an annual enterprise-wide risk assessment. However, the report lacks specific details on the impact of climate-related issues on the organization's financial performance and financial position. The report also does not describe how climate-related issues serve as an input to their financial planning process, the time period used, and how these risks and opportunities are prioritized. Overall, the report partially meets the TCFD guidelines for high-quality disclosure pertaining to the TCFD recommendation point.","The sustainability report provides some information on the organization's resilience to climate-related risks and opportunities, including a transition to a low-carbon economy consistent with a 2°C or lower scenario. The report discusses the risks and opportunities posed by climate change and conducts an annual enterprise-wide risk assessment. It also provides information on the reduction of GHG emissions and the development of a framework to achieve carbon neutral and net-zero emissions. However, the report lacks specific details on how the organization's strategies might change to address potential risks and opportunities, the potential impact of climate-related issues on financial performance and position, and the climate-related scenarios and associated time horizons considered.","The sustainability report provides some information on the organization's processes for identifying and assessing climate-related risks. The report mentions that the organization conducts an annual enterprise-wide risk assessment, and extreme or major climate risks are escalated to the Global Risk Committee and ultimately to the Board’s Audit and Risk Committee. The report also mentions that the organization uses a risk scale to evaluate the materiality of all risks, considering the impact and probabilities of those identified. However, the report does not provide information on how the organization determines the relative significance of climate-related risks in relation to other risks. The report also does not disclose the processes for assessing the potential size and scope of identified climate-related risks and definitions of risk terminology used or references to existing risk classification frameworks used.","The disclosure provides some information on the organization's processes for managing climate-related risks. It mentions that the organization conducts an annual enterprise-wide risk assessment, and extreme or major climate risks are escalated to the Global Risk Committee and ultimately to the Board’s Audit and Risk Committee. The disclosure also mentions that the organization identifies and evaluates environmental risks, including climate change, based on financial impact and probability. However, the disclosure lacks specific details on how the organization makes decisions to mitigate, transfer, accept, or control those risks. It also does not provide information on how materiality determinations are made within the organization. Overall, the disclosure partially meets the requirements for high-quality disclosure pertaining to the critical element of how the organization manages climate-related risks.","The sustainability report provides some information on how climate-related risks are integrated into the organization's overall risk management. The report mentions that the company conducts an annual enterprise-wide risk assessment, and extreme or major climate risks are escalated to the Global Risk Committee and ultimately to the Board’s Audit and Risk Committee. The report also describes how risks are evaluated based on their materiality, impact, and probability. However, the report lacks specific details on the processes for identifying, assessing, and managing climate-related risks. The report does not provide information on the methods used to manage the risks or opportunities, the costs of actions taken to manage the risks or opportunities, or the standards, methodologies, assumptions, and/or calculation tools used. Therefore, the report partially meets the requirements for high-quality disclosure pertaining to the critical element.","The sustainability report provides some information on the metrics used to assess climate-related risks and opportunities. The report mentions that the organization conducts an annual enterprise-wide risk assessment and uses a risk scale to evaluate the materiality of all risks, including extreme or major climate risks. However, the report lacks specific details on the key metrics used to measure and manage climate-related risks and opportunities. The report does not provide metrics on climate-related risks associated with water, energy, land use, and waste management. The report also does not mention whether and how related performance metrics are incorporated into remuneration policies. While the report provides some information on internal carbon prices and climate-related opportunity metrics, it lacks specific details on the methodologies used to calculate or estimate climate-related metrics.","The sustainability report provides some information on greenhouse gas  emissions, but it does not fully meet the requirements for high-quality disclosure. The report discloses Scope 1 and Scope 2 GHG emissions, but it does not provide Scope 3 GHG emissions and the related risks. The report does not provide GHG emissions for historical periods, and it does not describe the methodologies used to calculate or estimate the metrics. However, the report provides some information on the gases included in the calculation and the standards, methodologies, assumptions, and/or calculation tools used. Overall, the report lacks some critical information required for high-quality disclosure on GHG emissions and related risks.","The sustainability report provides some information on the targets used by the organization to manage climate-related risks and opportunities and performance against targets. The report describes the company's annual enterprise-wide risk assessment and the use of a risk scale to evaluate the materiality of all risks. The report also mentions the development of a framework to achieve carbon neutral and net-zero emissions by 2040 and 2050, respectively. However, the report lacks specific details on the targets, such as whether they are absolute or intensity-based, time frames over which the target applies, base year from which progress is measured, and key performance indicators used to assess progress against targets. The report also does not provide a description of the methodologies used to calculate targets and measures."
SCORE,40,60,50,60,70,50,60,60,50,50,60
