,"Company name: Flowers Foods, Inc.
Company sector: Packaged bakery foods
Company location: United States
Pages: 20","Company name: Flowers Foods, Inc.
Company sector: Packaged bakery foods
Company location: United States
Pages: 20","Company name: Flowers Foods, Inc.
Company sector: Packaged bakery foods
Company location: United States
Pages: 20","Company name: Flowers Foods, Inc.
Company sector: Packaged bakery foods
Company location: United States
Pages: 20","Company name: Flowers Foods, Inc.
Company sector: Packaged bakery foods
Company location: United States
Pages: 20","Company name: Flowers Foods, Inc.
Company sector: Packaged bakery foods
Company location: United States
Pages: 20","Company name: Flowers Foods, Inc.
Company sector: Packaged bakery foods
Company location: United States
Pages: 20","Company name: Flowers Foods, Inc.
Company sector: Packaged bakery foods
Company location: United States
Pages: 20","Company name: Flowers Foods, Inc.
Company sector: Packaged bakery foods
Company location: United States
Pages: 20","Company name: Flowers Foods, Inc.
Company sector: Packaged bakery foods
Company location: United States
Pages: 20","Company name: Flowers Foods, Inc.
Company sector: Packaged bakery foods
Company location: United States
Pages: 20"
,tcfd_1,tcfd_2,tcfd_3,tcfd_4,tcfd_5,tcfd_6,tcfd_7,tcfd_8,tcfd_9,tcfd_10,tcfd_11
ANSWER,Flowers Foods' sustainability report does not provide specific information on how the company's board oversees climate-related risks and opportunities. The report only mentions that the company participated in the CDP Water Survey and expanded its water risk assessment. There is no evidence of concrete actions taken by the board to address climate risks and opportunities.,"Flowers Foods' sustainability report does not provide clear information on the role of management in assessing and managing climate-related risks and opportunities. While the report mentions the company's participation in the CDP Water Survey and its commitment to water stewardship, it does not provide specific details on the management's involvement in climate risk management.","The sustainability report of Flowers Foods, Inc. does not provide a clear identification of climate-related risks and opportunities over the short, medium, and long term. The report only mentions risks and opportunities related to commodity pricing, energy and raw material costs and availability, acquisitions, consolidation within the baking industry, and disruptions in the direct-store delivery system. However, these risks are not clearly associated with a horizon.","The sustainability report of Flowers Foods, Inc. mentions risks and opportunities related to commodity pricing, energy and raw material costs, consolidation within the baking industry, and disruptions in the direct-store delivery system. However, the report lacks specific information on how climate-related risks and opportunities impact the organization's business strategy, economic and financial performance, and financial planning.","The report does not provide sufficient information to determine the resilience of Flowers Foods' strategy to different climate-related scenarios or physical risks. The report only mentions the company's participation in the CDP Water Survey and its focus on water stewardship efforts at seven bakeries with substantive risk. However, it does not provide any specific details on how the company plans to address climate-related scenarios or physical risks.",Flowers Foods participated in the Carbon Disclosure Project  Water Survey to identify and assess water risks. The company also used the WRI Aqueduct Risk Filter to identify seven bakeries with substantive risk and will focus water stewardship efforts at these locations to reduce water risks.,"Flowers Foods manages climate-related risks by expanding its water risk assessment to include the WRI Aqueduct Risk Filter and identifying seven bakeries with substantive risk. The company will focus water stewardship efforts at these locations to reduce water risks. Flowers also launched a new Smart Saves initiative focused on water stewardship, and upgraded lighting at several bakeries to reduce energy use. However, the report lacks concrete data on emissions reduction and waste management.","Flowers Foods' sustainability report does not provide sufficient information on how the processes for identifying, assessing, and managing climate-related risks are integrated into the organization's overall risk management. The report only mentions the company's participation in the CDP Water Survey and its expansion of water risk assessment to seven bakeries. However, it lacks concrete data and specific actions taken to manage climate-related risks.","Flowers Foods, Inc. uses the Carbon Disclosure Project  Water Survey to assess water risks. The company also set new 2020 goals for greenhouse gas  emissions, water consumption, and waste. The report states that the company reduced its manufacturing GHG emissions by almost 7% per metric ton of product, achieving 66% of its 2020 goal in just one year. However, the report lacks specific metrics on how the company assesses climate-related risks and opportunities.","Yes, Flowers Foods, Inc. discloses its Scope 1 and Scope 2 greenhouse gas  emissions. However, there is no information on Scope 3 emissions. The report states that the company reduced its manufacturing GHG emissions by almost 7% per metric ton of product, achieving 66% of its 2020 goal in just one year. The related risks are not specified in the report.","Flowers Foods set a 2020 goal to reduce GHG emissions by 10% per metric ton of product. In 2016, they reduced manufacturing GHG emissions by almost 7% per metric ton of product, achieving 66% of their 2020 goal in just one year. No other targets related to climate-related risks and opportunities were found in the report."
SOURCES,[35],"[33, 35]","[64, 56, 33, 61, 35, 36, 2, 58, 57, 60, 3, 59, 32, 0, 62, 63, 65]",[64],"[2, 3, 4, 35, 36, 50, 52, 57, 58, 59, 60, 61, 63, 64]","[35, 36]","[35, 36, 33, 3, 1, 59, 58, 32, 20, 8, 39]",[35],"[35, 3, 8]","[58, 16, 6, 10, 13, 15, 3, 4, 56, 35, 1, 54, 57, 60, 8, 32, 50, 52, 15, 20, 64, 13, 55]","[3, 8, 16]"
PAGE,[11],"[10, 11]","[0, 1, 2, 10, 11, 17, 18, 19]",[19],"[1, 2, 11, 15, 17, 18, 19]",[11],"[1, 2, 3, 7, 10, 11, 12, 18]",[11],"[3, 2, 11]","[1, 2, 3, 4, 5, 6, 7, 10, 11, 15, 16, 17, 18, 19]","[2, 3, 6]"
ANALYSIS,"The sustainability report does not provide any information on how the company's board oversees climate-related risks and opportunities. There is no discussion of the processes and frequency by which the board and/or board committees are informed about climate-related issues, whether the board and/or board committees consider climate-related issues when reviewing and guiding strategy, major plans of action, risk management policies, annual budgets, and business plans, or how the board monitors and oversees progress against goals and targets for addressing climate-related issues. As a result, the report fails to meet any of the requirements for high-quality disclosure pertaining to the critical element of how the company's board oversees climate-related risks and opportunities.","The sustainability report does not provide any information on management's role in assessing and managing climate-related risks and opportunities. There is no mention of whether the organization has assigned climate-related responsibilities to management-level positions or committees, the associated organizational structure, processes by which management is informed about climate-related issues, or how management monitors climate-related issues. The report only provides information on the company's water stewardship initiatives, greenhouse gas emissions, waste management, and other sustainability efforts. As a result, the report fails to meet the TCFD guidelines outlined for this TCFD recommendation point.","The sustainability report fails to meet the requirements for disclosing the most relevant climate-related risks and opportunities. The report does not provide a clear description of the relevant short-, medium-, and long-term time horizons, nor does it identify specific climate-related issues that could have a material financial impact on the organization. The report also does not describe the process used to determine which risks and opportunities could have a material financial impact on the organization. While the report mentions water risks and emissions reduction goals, it does not provide sufficient detail to meet the requirements. Overall, the report lacks the necessary information to assess the organization's climate-related risks and opportunities.","The sustainability report lacks sufficient disclosure on how climate-related risks and opportunities impact the organization's business strategy, economic and financial performance, and financial planning. The report does not provide any specific information on how climate-related issues have affected the organization's businesses, strategy, and financial planning. The report does not describe the impact of climate-related issues on the organization's financial performance and financial position. The report does not describe how climate-related issues serve as an input to the organization's financial planning process, the time period used, and how these risks and opportunities are prioritized. The report does not describe the organization's plans for transitioning to a low-carbon economy, which could include GHG emissions targets and specific activities intended to reduce GHG emissions in their operations and value chain or to otherwise support the transition.","The sustainability report of Flowers Foods, Inc. does not provide sufficient information to evaluate the resilience of the organization's strategy to climate-related risks and opportunities. The report does not discuss how the organization's strategies might change to address potential risks and opportunities, the potential impact of climate-related issues on financial performance and position, and the climate-related scenarios considered. Although the report mentions the reduction of GHG emissions and water consumption, it does not provide any information on how the organization plans to achieve its goals. The report also lacks information on the physical risks associated with climate change. However, the report mentions the company's participation in the Carbon Disclosure Project  Water Survey and the WRI Aqueduct Risk Filter.","The report does not provide sufficient information on the processes used by Flowers Foods to identify and assess climate-related risks. The report does not describe the risk management processes for identifying and assessing climate-related risks, nor does it provide information on how the organization determines the relative significance of climate-related risks in relation to other risks. The report does not disclose whether the organization considers existing and emerging regulatory requirements related to climate change, as well as other relevant factors considered. The report does not provide information on the processes for assessing the potential size and scope of identified climate-related risks and definitions of risk terminology used or references to existing risk classification frameworks used. As a result, the report does not meet the TCFD guidelines for high-quality disclosure pertaining to the TCFD recommendation point.","The report provides some information on how Flowers Foods manages climate-related risks. It describes the company's water risk assessment and identifies seven bakeries with substantive risk. It also mentions the company's Smart Saves initiative focused on water stewardship. However, the report lacks details on how the company makes decisions to mitigate, transfer, accept, or control climate-related risks. It also does not describe the company's processes for prioritizing climate-related risks, including how materiality determinations are made within the organization. Overall, the disclosure is insufficient to meet the TCFD guidelines for high-quality disclosure pertaining to the TCFD recommendation point.","The report mentions that Flowers participated in the Carbon Disclosure Project  Water Survey, which provides insight for investors, non-governmental organizations, and others interested in how companies manage their water risks. The company also expanded its water risk assessment to include the WRI Aqueduct Risk Filter and identified seven bakeries with substantive risk. Flowers will focus water stewardship efforts at these locations to reduce water risks. However, the report does not provide a detailed description of how the processes for identifying, assessing, and managing climate-related risks are integrated into the organization's overall risk management. The report does not meet the TCFD guidelines for high-quality disclosure pertaining to the TCFD recommendation point.","The sustainability report of Flowers Foods, Inc. provides limited information on the metrics used to assess climate-related risks and opportunities. The report only includes a few metrics related to energy, water, and emissions, but it does not provide any information on how these metrics help ensure that the performance is in line with its strategy and risk management process. The report does not include any metrics on climate-related risks associated with land use and waste management. The report does not provide any information on whether and how related performance metrics are incorporated into remuneration policies. The report does not provide any internal carbon prices or climate-related opportunity metrics. The report does not provide any forward-looking metrics for the cross-industry. The report does not provide a description of the methodologies used to calculate or estimate climate-related metrics.","The report discloses Scope 1 and Scope 2 GHG emissions, but it does not disclose Scope 3 GHG emissions. The report provides GHG emissions intensity and reduction targets, but it does not provide industry-specific GHG efficiency ratios. The report provides historical GHG emissions data, but it does not provide a description of the methodologies used to calculate or estimate the metrics. Overall, the report partially meets the requirements for high-quality disclosure pertaining to the critical element of GHG emissions. The report could benefit from disclosing Scope 3 GHG emissions and providing industry-specific GHG efficiency ratios. The report could also benefit from providing a description of the methodologies used to calculate or estimate the metrics.","The report mentions that the company set new 2020 goals for greenhouse gas  emissions, water consumption, and waste reduction. However, the report does not provide any specific targets or details on how the company is performing against these targets. The report does not mention whether the targets are absolute or intensity-based, the time frames over which the targets apply, the base year from which progress is measured, or the key performance indicators used to assess progress against targets. The report does not provide a description of the methodologies used to calculate targets and measures. Overall, the report lacks the necessary components for high-quality disclosure pertaining to the critical element."
SCORE,0,0,10,10,20,0,40,20,20,60,20
