,"Company name: Graphic Packaging
Company sector: Packaging
Company location: {'Headquarters': '1500 Riveredge Parkway, Suite 100, Atlanta, Georgia 30328', 'Operations': '22 countries worldwide'}
Pages: 172","Company name: Graphic Packaging
Company sector: Packaging
Company location: {'Headquarters': '1500 Riveredge Parkway, Suite 100, Atlanta, Georgia 30328', 'Operations': '22 countries worldwide'}
Pages: 172","Company name: Graphic Packaging
Company sector: Packaging
Company location: {'Headquarters': '1500 Riveredge Parkway, Suite 100, Atlanta, Georgia 30328', 'Operations': '22 countries worldwide'}
Pages: 172","Company name: Graphic Packaging
Company sector: Packaging
Company location: {'Headquarters': '1500 Riveredge Parkway, Suite 100, Atlanta, Georgia 30328', 'Operations': '22 countries worldwide'}
Pages: 172","Company name: Graphic Packaging
Company sector: Packaging
Company location: {'Headquarters': '1500 Riveredge Parkway, Suite 100, Atlanta, Georgia 30328', 'Operations': '22 countries worldwide'}
Pages: 172","Company name: Graphic Packaging
Company sector: Packaging
Company location: {'Headquarters': '1500 Riveredge Parkway, Suite 100, Atlanta, Georgia 30328', 'Operations': '22 countries worldwide'}
Pages: 172","Company name: Graphic Packaging
Company sector: Packaging
Company location: {'Headquarters': '1500 Riveredge Parkway, Suite 100, Atlanta, Georgia 30328', 'Operations': '22 countries worldwide'}
Pages: 172","Company name: Graphic Packaging
Company sector: Packaging
Company location: {'Headquarters': '1500 Riveredge Parkway, Suite 100, Atlanta, Georgia 30328', 'Operations': '22 countries worldwide'}
Pages: 172","Company name: Graphic Packaging
Company sector: Packaging
Company location: {'Headquarters': '1500 Riveredge Parkway, Suite 100, Atlanta, Georgia 30328', 'Operations': '22 countries worldwide'}
Pages: 172","Company name: Graphic Packaging
Company sector: Packaging
Company location: {'Headquarters': '1500 Riveredge Parkway, Suite 100, Atlanta, Georgia 30328', 'Operations': '22 countries worldwide'}
Pages: 172","Company name: Graphic Packaging
Company sector: Packaging
Company location: {'Headquarters': '1500 Riveredge Parkway, Suite 100, Atlanta, Georgia 30328', 'Operations': '22 countries worldwide'}
Pages: 172"
,tcfd_1,tcfd_2,tcfd_3,tcfd_4,tcfd_5,tcfd_6,tcfd_7,tcfd_8,tcfd_9,tcfd_10,tcfd_11
ANSWER,"Graphic Packaging completed a preliminary climate change enterprise risk assessment in 2020, which informs their business strategy and plans to advance their climate goals. The board oversees climate-related risks and opportunities through enterprise risk assessment and ESG materiality assessment processes, and by progressing their GHG and energy climate goals. The CEO and members of the executive leadership team are responsible for day-to-day management of economic, environmental, and social risks and opportunities, while the board delegates authority. The Nominating and Corporate Governance Committee nominates directors based on their experience and expertise in climate, environmental, safety, diversity, equity and inclusion, and other sustainability topics.","Graphic Packaging has established a preliminary climate change enterprise risk assessment, which informs their business strategy and plans to advance their climate goals. They continue to track and manage climate-related opportunities and risks through the enterprise risk assessment and ESG materiality assessment processes. The management's role in assessing and managing climate-related risks and opportunities is not explicitly stated in the report.","Graphic Packaging has identified climate-related risks and opportunities in their preliminary climate change enterprise risk assessment. They track and manage these risks and opportunities through their enterprise risk assessment and ESG materiality assessment processes. They plan to establish Science-Based Targets by the end of 2023. However, the report lacks specific details on the identified risks and opportunities, metrics and targets used, and the impact on the organization's businesses, strategy, and financial planning.","Graphic Packaging has identified climate-related risks and opportunities over the short, medium, and long term. The company has completed a preliminary climate change enterprise risk assessment, which informs its business strategy and plans to advance its climate goals. The company tracks and manages climate-related opportunities and risks through the enterprise risk assessment and ESG materiality assessment processes. The company has committed to establishing Science-Based Targets  by the end of 2023. The CSO works with the EVP mills and leaders from converting operations on establishing and actioning the climate strategy. The company has disclosed metrics and targets used to assess and manage relevant climate-related risks and opportunities. The company has described the resilience of its strategy, taking into consideration different climate-related scenarios, including a 2°C or lower scenario.","Graphic Packaging has committed to establishing Science-Based Targets  by the end of 2023. However, the report lacks specific details on how the company's strategy is resilient to different climate-related scenarios, including a 2°C target or lower scenario. The report only mentions that the company tracks and manages climate-related opportunities and risks through enterprise risk assessment and ESG materiality assessment processes.","Graphic Packaging completed a preliminary climate change enterprise risk assessment in 2020, which informs their business strategy and plans to advance their climate goals. They continue to track and manage climate-related opportunities and risks through the enterprise risk assessment and ESG materiality assessment processes and through progressing their GHG and energy climate goals.","Graphic Packaging manages climate-related risks through enterprise risk assessment, ESG materiality assessment, and progressing GHG and energy climate goals. The CSO works with EVP mills and leaders to establish and action the climate strategy. The company is committed to developing Science-Based Targets by the end of 2023. The report discloses the actual and potential impacts of climate-related risks and opportunities on the organization's businesses, strategy, and financial planning. However, the report lacks specific details on the targets used to manage climate-related risks and opportunities and the impact of climate-related risks and opportunities on the organization's businesses, strategy, and financial planning.","Graphic Packaging completed a preliminary climate change enterprise risk assessment in 2020, and the output informs their business strategy and plans to advance their climate goals. They track and manage climate-related opportunities and risks through the enterprise risk assessment and ESG materiality assessment processes and through progressing their GHG and energy climate goals. However, the report lacks specific details on how the processes for identifying, assessing, and managing climate-related risks are integrated into the organization's overall risk management.","Graphic Packaging discloses the metrics used to assess climate-related risks and opportunities in line with its strategy and risk management process, including CDP Climate Change Response C4, C5, C6, C7, C8, C11 and GRI 302, 305 Climate change. The company tracks and manages climate-related opportunities and risks through the enterprise risk assessment and ESG materiality assessment processes and through progressing its GHG and energy climate goals. However, the report lacks specific details on how the metrics help ensure that the performance is in line with its strategy and risk management process.","Graphic Packaging discloses its Scope 1 and Scope 2 GHG emissions, but it is unclear if it discloses Scope 3 emissions. The report identifies risks associated with GHG emissions, including regulatory risks, reputational risks, and physical risks such as supply chain disruptions and increased operating costs. However, the report lacks specific data on emissions and does not provide a comprehensive analysis of the risks.","Graphic Packaging aims to develop Science-Based Targets  by the end of 2023 to manage climate-related risks and opportunities. However, there is no information on the metrics, targets, or performance against targets used by the organization to manage climate-related risks and opportunities."
SOURCES,"[330, 1132, 1131, 163, 143, 1134, 140, 181, 157, 141, 1138, 1137, 627, 176, 172, 139, 1141, 137, 1140]","[330, 1132, 1134, 1137, 1138, 1139]","[1132, 1140, 330, 1136, 1137, 1134, 1133, 1131]","[1132, 330, 1134, 1136, 1138, 1133, 1137, 1140, 1141]","[328, 330]","[330, 1138, 1137, 1136, 1132]","[1132, 330, 1138, 1137, 1134, 1136, 1133, 1141, 1140, 1139, 1131, 176, 627, 619, 328, 175, 635, 171, 143, 633]","[1132, 1137, 1138, 1139, 1140, 1141, 175, 216, 412, 627, 632, 635]","[1140, 1132, 330, 1138, 1137, 1136, 228, 1134, 1133, 1141, 1139, 1131, 632, 627, 176, 6, 212, 175, 722]","[668, 1140, 1132, 1136, 241, 1105, 330, 692, 677]",[1137]
PAGE,"[160, 50, 85, 30, 25, 27, 28, 29, 158, 159]","[50, 158, 159]","[160, 50, 158, 159]","[160, 50, 158, 159]",[50],"[50, 158, 159]","[160, 50, 84, 85, 86, 25, 29, 158, 159]","[160, 34, 85, 86, 60, 29, 158, 159]","[160, 33, 2, 35, 99, 50, 85, 86, 29, 158, 159]","[160, 37, 50, 95, 152, 91, 92, 158, 159]",[159]
ANALYSIS,"The disclosure provides some information on the board's oversight of climate-related risks and opportunities. It mentions that the board completed a preliminary climate change enterprise risk assessment, which informs the business strategy and plans to advance climate goals. The disclosure also states that the board receives regular updates on economic, environmental, social, and governance topics through active engagement with management in oversight and stewardship of the company's strategy, risk management, and overall performance. However, the disclosure lacks specific details on the processes and frequency by which the board and/or board committees are informed about climate-related issues, whether the board and/or board committees consider climate-related issues when reviewing and guiding strategy, and how the board monitors and oversees progress against goals and targets for addressing climate-related issues.","The report provides some information on management's role in assessing and managing climate-related risks and opportunities. It mentions that the company completed a preliminary climate change enterprise risk assessment in 2020, which informs their business strategy and plans to advance their climate goals. The report also states that the company tracks and manages climate-related opportunities and risks through the enterprise risk assessment and ESG materiality assessment processes. However, the report lacks specific details on the organizational structure, processes by which management is informed about climate-related issues, and how management monitors climate-related issues. The report does not mention whether the management positions or committees report to the board or a committee of the board. Therefore, the report partially meets the TCFD guidelines. The score for this disclosure is 60.","The sustainability report provides some information on climate-related risks and opportunities, but it lacks specificity and detail. The report mentions that the company completed a preliminary climate change enterprise risk assessment, but it does not provide any information on the specific risks and opportunities identified. The report also does not describe the process used to determine which risks and opportunities could have a material financial impact on the organization. While the report mentions metrics and targets used to assess and manage relevant climate-related risks and opportunities, it does not provide any specific information on these metrics and targets. Overall, the report does not meet the majority of the TCFD guidelines for high-quality disclosure pertaining to the TCFD recommendation point.","The sustainability report provides some information on the impact of climate-related risks and opportunities on the organization's businesses, strategy, and financial planning. The report describes the climate-related risks and opportunities identified by the organization over the short, medium, and long term. It also mentions the impact of climate-related issues on the organization's financial performance and position. However, the report lacks specific details on how climate-related issues serve as an input to the organization's financial planning process, the time period used, and how these risks and opportunities are prioritized. Additionally, the report does not describe the organization's plans for transitioning to a low-carbon economy, which could include GHG emissions targets and specific activities intended to reduce GHG emissions in their operations and value chain or to otherwise support the transition.","The sustainability report provides some information on the resilience of the organization's strategy to climate-related risks and opportunities. The report mentions that the company completed a preliminary climate change enterprise risk assessment, which informs their business strategy and plans to advance their climate goals. The report also discloses the actual and potential impacts of climate-related risks and opportunities on the organization's businesses, strategy, and financial planning. However, the report lacks specific details on how the organization's strategies might change to address potential risks and opportunities, and the climate-related scenarios and associated time horizon considered. The report also does not provide information on the targets used by the organization to manage climate-related risks and opportunities and performance against targets. Overall, the report partially meets the TCFD guidelines and scores 60.","The sustainability report provides some information on the organization's processes for identifying and assessing climate-related risks. The report mentions that the company completed a preliminary climate change enterprise risk assessment and tracks and manages climate-related opportunities and risks through the enterprise risk assessment and ESG materiality assessment processes. However, the report lacks specific details on how the organization determines the relative significance of climate-related risks in relation to other risks, whether they consider existing and emerging regulatory requirements related to climate change, and the processes for assessing the potential size and scope of identified climate-related risks. The report does not provide definitions of risk terminology used or references to existing risk classification frameworks used. Therefore, the report partially meets the TCFD guidelines. The score for this disclosure is 60.","The sustainability report provides a comprehensive description of the organization's processes for managing climate-related risks. The report describes the organization's processes for identifying, assessing, and managing climate-related risks, including how they make decisions to mitigate, transfer, accept, or control those risks. The report also describes the organization's processes for prioritizing climate-related risks, including how materiality determinations are made within their organizations. The report provides details on the impact of climate-related risks and opportunities on the organization's businesses, strategy, and financial planning. However, the report could have provided more specific details on the targets used by the organization to manage climate-related risks and opportunities and performance against targets. Overall, the report satisfies most of the requirements, and the score is 85.","The sustainability report provides a comprehensive description of the organization's processes for identifying, assessing, and managing climate-related risks. The report states that the company completed a preliminary climate change enterprise risk assessment in 2020, which informs their business strategy and plans to advance their climate goals. The company tracks and manages climate-related opportunities and risks through the enterprise risk assessment and ESG materiality assessment processes. The report also discloses the actual and potential impacts of climate-related risks and opportunities on the organization's businesses, strategy, and financial planning. However, the report lacks specific details on how the processes for identifying, assessing, and managing climate-related risks are integrated into the organization's overall risk management.","The sustainability report provides some information on the metrics used to assess climate-related risks and opportunities. The report mentions the metrics used to measure and manage climate-related risks and opportunities, including Scope 1, Scope 2, and, if appropriate, Scope 3 emissions, and the resilience of the organization's strategy, taking into consideration different climate-related scenarios. The report also mentions the organization's processes for managing climate-related risks and opportunities. However, the report lacks specific details on the metrics used to assess climate-related risks and opportunities, including metrics consistent with the cross-industry, metrics on climate-related risks associated with water, energy, land use, and waste management, and internal carbon prices. The report also lacks information on whether and how related performance metrics are incorporated into remuneration policies. Therefore, the report partially meets the TCFD guidelines.","The sustainability report provides some information on the organization's greenhouse gas  emissions and related risks. The report discloses Scope 1 and Scope 2 GHG emissions, but it is unclear whether Scope 3 GHG emissions have been disclosed. The report does not provide a description of the methodologies used to calculate or estimate the metrics. The report does not provide GHG efficiency ratios. The report does not provide GHG emissions for historical periods. The report does not provide information on how the organization manages climate-related risks and opportunities. The report does not provide information on the actual and potential impacts of climate-related risks and opportunities on the organization's businesses, strategy, and financial planning. The report does not provide information on the resilience of the organization's strategy, taking into consideration different climate-related scenarios.","The sustainability report provides some information on the targets used by the organization to manage climate-related risks and opportunities and performance against targets. The report mentions that the organization plans to develop Science-Based Targets  by the end of 2023 and that it tracks and manages climate-related opportunities and risks through the enterprise risk assessment and ESG materiality assessment processes. However, the report lacks specific details on the targets, such as whether they are absolute or intensity-based, time frames over which the targets apply, base year from which progress is measured, and key performance indicators used to assess progress against targets. The report also does not provide a description of the methodologies used to calculate targets and measures. Therefore, the report partially meets the TCFD guidelines."
SCORE,60,60,30,70,60,60,85,80,60,30,60
