,"Company name: Amphenol
Company sector: Electronics
Company location: Global (operating in over 40 countries)
Pages: 19","Company name: Amphenol
Company sector: Electronics
Company location: Global (operating in over 40 countries)
Pages: 19","Company name: Amphenol
Company sector: Electronics
Company location: Global (operating in over 40 countries)
Pages: 19","Company name: Amphenol
Company sector: Electronics
Company location: Global (operating in over 40 countries)
Pages: 19","Company name: Amphenol
Company sector: Electronics
Company location: Global (operating in over 40 countries)
Pages: 19","Company name: Amphenol
Company sector: Electronics
Company location: Global (operating in over 40 countries)
Pages: 19","Company name: Amphenol
Company sector: Electronics
Company location: Global (operating in over 40 countries)
Pages: 19","Company name: Amphenol
Company sector: Electronics
Company location: Global (operating in over 40 countries)
Pages: 19","Company name: Amphenol
Company sector: Electronics
Company location: Global (operating in over 40 countries)
Pages: 19","Company name: Amphenol
Company sector: Electronics
Company location: Global (operating in over 40 countries)
Pages: 19","Company name: Amphenol
Company sector: Electronics
Company location: Global (operating in over 40 countries)
Pages: 19"
,tcfd_1,tcfd_2,tcfd_3,tcfd_4,tcfd_5,tcfd_6,tcfd_7,tcfd_8,tcfd_9,tcfd_10,tcfd_11
ANSWER,The report does not provide specific information on how the company's board oversees climate-related risks and opportunities. The report only mentions the company's commitment to embedding ESG principles into its organization and complying with applicable regulations and customer specifications.,"Management is responsible for assigning internal roles and responsibilities for sustainability and social responsibility programs, providing appropriate staff training, communicating the company's sustainability and social responsibility efforts to stakeholders, and regularly assessing performance and assuring continued improvement.","The sustainability report does not provide a clear identification of the most relevant climate-related risks and opportunities that the organization has identified over the short, medium, and long term. While the report mentions environmental compliance, energy consumption, and greenhouse gas emissions reduction, it lacks specificity and quantifiable data to support the company's claims. The report also fails to associate risks with a horizon.","The report does not provide a clear and quantifiable analysis of how climate-related risks and opportunities impact the organization's business strategy, economic and financial performance, and financial planning. The report only mentions that sustainability is good for business and that the company is committed to environmental compliance and stewardship. However, there is no concrete data or specific actions mentioned to support these claims.",The report does not provide any specific information on the resilience of Amphenol's strategy in different climate-related scenarios or physical risks. There are no quantifiable data or concrete statements to verify the company's claims of sustainability. The report mainly consists of cheap talks and vague statements that lack verifiability.,"Amphenol conducted a materiality survey to identify ESG issues relevant to the company and its value chain. Climate-related risks were not explicitly mentioned in the report, but the company has implemented environmental compliance programs, supplier screening, and energy reduction projects that may indirectly address climate risks. However, the report lacks specific information on the identification and assessment of climate-related risks.","Amphenol manages climate-related risks by complying with local environmental regulations, implementing programs to reduce energy usage and greenhouse gas emissions, integrating health, safety, and environment policies into decision-making processes, and developing balanced regulatory and voluntary programs that protect the environment while supporting innovation and company growth.","The report does not provide a clear description of how the processes for identifying, assessing, and managing climate-related risks are integrated into the organization's overall risk management. While the report mentions the implementation of environmental management systems and safety management systems, it does not provide any concrete evidence of how these systems are integrated into the overall risk management process. The report lacks specificity and does not provide any quantifiable data to support its claims.","Amphenol uses materiality survey questions based on GRI G4 reporting guidelines to assess climate-related risks and opportunities. The metrics help ensure that the performance is in line with its strategy and risk management process by engaging a wider set of stakeholders, developing more definitive ways to measure performance, and enhancing ongoing activities. However, the report lacks specific details on the metrics used and how they are integrated into the company's strategy and risk management process.","Amphenol's sustainability report mentions that the company complies with local environmental regulations and has implemented programs to reduce energy usage and GHG emissions. However, there is no specific data on the company's Scope 1, Scope 2, and Scope 3 GHG emissions. The report does not provide any specific risks related to GHG emissions.",The report does not provide specific targets used by Amphenol to understand/quantify/benchmark climate-related risks and opportunities. The report only mentions that the company conducted a materiality survey based on the Global Reporting Initiative G4 reporting guidelines to identify ESG issues relevant to Amphenol and its value chain. There is no information on how the company is performing against these targets.
SOURCES,"[1, 4, 25, 29, 37, 47, 59, 60, 70, 74, 78, 80, 84, 85]",[18],"[27, 29, 4, 59, 60, 3, 26, 85, 84, 5, 37, 39, 47, 25]","[3, 4, 5, 27, 29, 37, 57, 59, 60, 70, 74, 76, 78, 80, 84, 85]","[3, 4, 5, 25, 26, 27, 29, 57, 59, 61, 62, 65, 68, 70, 74, 76, 82, 84, 85]","[26, 27, 29, 47, 59, 60, 68, 70, 74, 76, 78, 79, 80, 84, 85]","[29, 85, 84, 60, 3, 59, 76, 70, 68, 47, 27, 74, 38, 37, 80, 62, 61, 4]","[3, 26, 29, 37, 47, 58, 59, 60, 68, 70, 74, 76, 78, 80, 84, 85]","[29, 4]","[27, 60, 59]","[26, 29]"
PAGE,"[1, 5, 8, 10, 13, 15, 16, 18]",[4],"[1, 5, 8, 10, 13, 18]","[1, 5, 8, 12, 13, 15, 16, 18]","[1, 5, 12, 13, 14, 15, 16, 17, 18]","[5, 10, 13, 14, 15, 16, 18]","[1, 5, 8, 10, 13, 14, 15, 16, 18]","[1, 5, 8, 10, 13, 14, 15, 16, 18]","[1, 5]","[13, 5]",[5]
ANALYSIS,"The sustainability report does not provide sufficient information on how the company's board oversees climate-related risks and opportunities. The report does not discuss the processes and frequency by which the board and/or board committees are informed about climate-related issues. There is no mention of whether the board and/or board committees consider climate-related issues when reviewing and guiding strategy, major plans of action, risk management policies, annual budgets, and business plans. The report also does not provide information on how the board monitors and oversees progress against goals and targets for addressing climate-related issues. As a result, the report fails to meet the requirements for high-quality disclosure pertaining to the critical element of how the company's board oversees climate-related risks and opportunities.","The given disclosure does not provide sufficient information to assess management's role in assessing and managing climate-related risks and opportunities. The report does not mention whether the organization has assigned climate-related responsibilities to management-level positions or committees, nor does it describe the associated organizational structure. The report does not provide information on how management is informed about climate-related issues or how it monitors climate-related issues. The report only briefly mentions the company's environmental compliance and sustainability efforts, but it does not provide any specific details on how management is involved in these efforts. Overall, the disclosure lacks the necessary components for high-quality disclosure pertaining to the critical element.","The given disclosure does not meet the requirements for high-quality disclosure pertaining to the critical element. The disclosure does not provide a description of the specific climate-related issues potentially arising in each time horizon  that could have a material financial impact on the organization. Additionally, the disclosure does not provide a description of the process used to determine which risks and opportunities could have a material financial impact on the organization. The disclosure only briefly mentions environmental compliance, energy consumption, and greenhouse gas emissions. The disclosure does not provide a sector or geography-wise description of risks and opportunities. Overall, the disclosure lacks the necessary details to assess the organization's climate-related risks and opportunities.","The sustainability report does not provide sufficient information on how climate-related risks and opportunities impact the organization's businesses strategy, economic and financial performance, and financial planning. The report does not discuss how identified climate-related issues have affected their businesses, strategy, and financial planning. The report does not describe the impact of climate-related issues on their financial performance and financial position. The report does not describe how climate-related issues serve as an input to their financial planning process, the time period used, and how these risks and opportunities are prioritized. The report does not describe the impact of climate-related scenarios on the organization's strategy and financial planning. The report does not describe their plans for transitioning to a low-carbon economy, which could include GHG emissions targets and specific activities intended to reduce GHG emissions in their operations and value chain or to otherwise support the transition.","The given disclosure does not provide any information on the resilience of the organization's strategy when considering different climate-related scenarios, including a 2°C target or lower scenario, and climate physical risks. The report does not discuss how the organization's strategies might change to address potential risks and opportunities, the potential impact of climate-related issues on financial performance and financial position, and the climate-related scenarios and associated time horizon considered. The report only provides a general overview of the organization's sustainability initiatives and materiality assessment. Therefore, the report does not meet any of the requirements for high-quality disclosure pertaining to the critical element.","The given disclosure does not provide sufficient information on the processes used by Amphenol to identify and assess climate-related risks. While the report mentions a materiality survey and benchmarking, it does not describe the risk management processes used to determine the relative significance of climate-related risks in relation to other risks. The report also does not disclose whether Amphenol considers existing and emerging regulatory requirements related to climate change. Additionally, the report does not provide information on the processes used to assess the potential size and scope of identified climate-related risks or definitions of risk terminology used. Overall, the disclosure lacks specificity and detail on the organization's processes for identifying and assessing climate-related risks.","The disclosure provided by the organization does not fully meet the requirements for high-quality disclosure on how the organization manages climate-related risks. While the report mentions the importance of environmental compliance and reducing energy usage and greenhouse gas emissions, it does not provide specific details on how the organization makes decisions to mitigate, transfer, accept, or control climate-related risks. The report also lacks information on how materiality determinations are made within the organization. While the report mentions a materiality survey, it does not provide details on how the survey was conducted or how the results were used to prioritize climate-related risks. Overall, the disclosure lacks specificity and detail, making it difficult to assess the organization's processes for managing climate-related risks.","The given disclosure does not provide sufficient information on how the processes for identifying, assessing, and managing climate-related risks are integrated into the organization's overall risk management. The report mentions that the company has implemented environmental management systems and safety management systems at some of its operations, but it does not provide any details on how these systems are integrated into the overall risk management. The report also mentions that the company has conducted a materiality assessment, but it does not describe how the results of the assessment are integrated into the overall risk management. Therefore, the disclosure does not meet the requirements for high-quality disclosure pertaining to the critical element.","The given disclosure does not provide sufficient information on the metrics used by the organization to assess climate-related risks and opportunities. While the report mentions the materiality survey questions based on the Global Reporting Initiative G4 reporting guidelines, it does not provide any specific metrics or methodologies used to calculate or estimate climate-related metrics. The report does not provide any historical or forward-looking metrics for the cross-industry, nor does it describe whether and how related performance metrics are incorporated into remuneration policies. The report does mention environmental compliance, energy consumption, and water use & conservation, but it does not provide any specific metrics or details on how these metrics help ensure that the performance is in line with its strategy and risk management process.","The sustainability report of Amphenol provides limited information on the disclosure of its Scope 1, Scope 2, and Scope 3 greenhouse gas  emissions. The report mentions that the company is compliant with local environmental regulations and has implemented programs to reduce energy usage and GHG emissions. However, it does not provide any specific data or metrics related to GHG emissions. The report also lacks information on the related risks and how they differ depending on the scope. While the report mentions that the company conducted a materiality survey, it does not provide any details on the results or how they informed the disclosure. Overall, the report does not meet the majority of the TCFD guidelines for high-quality disclosure pertaining to the TCFD recommendation point.","The given disclosure does not provide any information on the targets used by the organization to manage climate-related risks and opportunities and performance against targets. The report only mentions the materiality survey questions based on the Global Reporting Initiative G4 reporting guidelines, accounting metrics and governance  issues that are most relevant to Amphenol and its value chain. The report also outlines the framework for reporting current and future sustainability efforts in a format consistent with the GRI G4 reporting guidelines. However, it does not provide any information on the key climate-related targets, time frames, base year, KPIs, or methodologies used to calculate targets and measures. Therefore, the report does not meet any of the requirements for high-quality disclosure pertaining to the critical element."
SCORE,0,10,20,0,0,20,40,0,20,20,0
