,"Company name: Masonite
Company sector: Manufacturing
Company location: ['United States', 'United Kingdom', 'Ireland']
Pages: 66","Company name: Masonite
Company sector: Manufacturing
Company location: ['United States', 'United Kingdom', 'Ireland']
Pages: 66","Company name: Masonite
Company sector: Manufacturing
Company location: ['United States', 'United Kingdom', 'Ireland']
Pages: 66","Company name: Masonite
Company sector: Manufacturing
Company location: ['United States', 'United Kingdom', 'Ireland']
Pages: 66","Company name: Masonite
Company sector: Manufacturing
Company location: ['United States', 'United Kingdom', 'Ireland']
Pages: 66","Company name: Masonite
Company sector: Manufacturing
Company location: ['United States', 'United Kingdom', 'Ireland']
Pages: 66","Company name: Masonite
Company sector: Manufacturing
Company location: ['United States', 'United Kingdom', 'Ireland']
Pages: 66","Company name: Masonite
Company sector: Manufacturing
Company location: ['United States', 'United Kingdom', 'Ireland']
Pages: 66","Company name: Masonite
Company sector: Manufacturing
Company location: ['United States', 'United Kingdom', 'Ireland']
Pages: 66","Company name: Masonite
Company sector: Manufacturing
Company location: ['United States', 'United Kingdom', 'Ireland']
Pages: 66","Company name: Masonite
Company sector: Manufacturing
Company location: ['United States', 'United Kingdom', 'Ireland']
Pages: 66"
,tcfd_1,tcfd_2,tcfd_3,tcfd_4,tcfd_5,tcfd_6,tcfd_7,tcfd_8,tcfd_9,tcfd_10,tcfd_11
ANSWER,"The board oversees climate-related risks and opportunities through the Sustainability and Governance Committee, which meets five times per year to review the overall ESG initiatives and receive regular updates on the ESG strategy and programs. The Chief Sustainability Officer keeps the management leadership team apprised of climate initiatives, risks, and opportunities. The Board and its three committees oversee ESG topics in their respective areas. However, the report lacks specific details on how the board assesses and manages climate-related risks and opportunities.","Management's role in assessing and managing climate-related risks and opportunities is not clearly defined in Masonite's sustainability report. While the report mentions the integration of climate-related risks into the organization's overall risk management and the appointment of a representative of the ESG team to the Management Risk Committee, it lacks specific details on management's role in identifying, assessing, and managing climate-related risks and opportunities.","Masonite has identified climate-related risks and opportunities over the short, medium, and long term, but the report lacks specificity on the risks and opportunities. The company plans to set a carbon reduction target aligned with the latest climate science in the next two years. The report does not clearly associate risks with a horizon, and some statements lack quantifiable data.","Masonite integrates climate-related risks and opportunities into its enterprise risk management framework, with a representative of the ESG team appointed to the Management Risk Committee. The board and management team received climate risk training in 2021. The company plans to set a target aligned to the latest climate science in the next two years. However, Masonite's report lacks concrete data on the impact of climate-related risks and opportunities on its business strategy, economic and financial performance, and financial planning.","Masonite plans to set a carbon reduction target aligned to the latest climate science in the next two years. However, the report lacks concrete information on how resilient the organization's strategy is when considering different climate-related scenarios, including a 2°C target or lower scenario, and climate physical risks.","Masonite's sustainability report does not provide specific information on the processes used to identify and assess climate-related risks. However, the report mentions that climate-related risks have been integrated into the organization's overall risk management framework, and the company plans to set a target aligned with the latest climate science in the next two years.","Masonite integrates climate-related risks and opportunities into its enterprise risk management framework, appointing a representative of the ESG team to the Management Risk Committee. The company discloses its Scope 1 and Scope 2 greenhouse gas emissions and plans to set a target aligned to the latest climate science in the next two years. The Chief Sustainability Officer oversees the climate strategy and progress, and a cross-functional environmental sustainability team works to identify critical operating metrics and manage energy consumption.","Masonite has integrated climate-related risks into its enterprise risk management framework, including the appointment of a representative of the ESG team to the Management Risk Committee and the inclusion of all climate-related risks into Masonite’s ERM risk taxonomy. The Management Risk Committee oversees the ERM efforts and reviews risks and evaluates progress of mitigation plans. Masonite plans to set a carbon reduction target aligned to the latest climate science in the next two years.","Masonite discloses metrics used to assess climate-related risks and opportunities, including 0.0081 tonnes CO2e per production unit, 407,227 MWh electricity consumption, and 290,528 MWh natural gas consumption. The organization plans to set a target aligned with the latest climate science in the next two years. The ESG team representative is appointed to the Management Risk Committee to integrate climate-related risks into the ERM risk taxonomy. The Chief Sustainability Officer oversees the climate strategy and progress, and a cross-functional environmental sustainability team works to identify critical operating metrics, improve operational efficiencies, implement projects, and manage energy consumption.","Yes, Masonite discloses its Scope 1 and Scope 2 GHG emissions, but only reports Scope 3 emissions for business travel and biomass emissions. The related risks are not explicitly stated in the report.",Masonite plans to set a target aligned to the latest climate science in the next two years. No information is provided on how the organization is performing against these targets.
SOURCES,"[41, 166, 262, 246, 301, 258]","[261, 301]","[300, 301, 302, 261, 303, 25, 258, 260, 166, 263, 167, 13, 171, 257, 291, 170]","[261, 300, 303, 167, 41]","[303, 289, 170]","[261, 300, 303]","[261, 301, 303, 166, 13]","[261, 301, 257, 25, 303]","[301, 302, 303, 261, 166]","[283, 302, 307, 170]","[303, 0]"
PAGE,"[36, 12, 51, 53, 61]","[61, 53]","[4, 36, 9, 53, 59, 61]","[12, 61, 36, 53]","[59, 36, 61]","[61, 53]","[4, 61, 36, 53]","[9, 61, 53]","[53, 36, 61]","[58, 36, 61, 62]","[0, 61]"
ANALYSIS,"The sustainability report provides some information on the board's oversight of climate-related risks and opportunities. The report mentions that the board and its committees are informed about climate-related issues, and that the board considers climate-related issues when reviewing and guiding strategy, risk management policies, and business plans. The report also mentions that the board monitors and oversees progress against goals and targets for addressing climate-related issues. However, the report lacks specific details on the processes and frequency by which the board and/or board committees are informed about climate-related issues. Additionally, the report does not provide any information on the metrics used by the organization to assess climate-related risks and opportunities. Overall, the disclosure is partially satisfactory, but it could be more detailed and specific.","The sustainability report provides some information on management's role in assessing and managing climate-related risks and opportunities. The report mentions that the organization has assigned climate-related responsibilities to management-level positions or committees and describes the associated organizational structure. The report also provides some information on how management is informed about climate-related issues and how management monitors climate-related issues. However, the report lacks specific details on the processes by which management assesses and manages climate-related risks. Additionally, the report does not mention whether such management positions or committees report to the board or a committee of the board. Overall, the disclosure quality is moderate, and the report could benefit from providing more specific details on management's role in assessing and managing climate-related risks and opportunities.","The sustainability report provides some information on the climate-related risks and opportunities that the organization has identified over the short, medium, and long term. The report describes the specific climate-related issues potentially arising in each time horizon that could have a material financial impact on the organization. However, the report lacks a clear description of the relevant short-, medium-, and long-term time horizons, taking into consideration the useful life of the organization's assets or infrastructure and the fact that climate-related issues often manifest themselves over the medium and longer terms. Additionally, the report does not provide a clear description of the process used to determine which risks and opportunities could have a material financial impact on the organization. Overall, the report provides some information but lacks specificity and detail.","The sustainability report provides some information on how climate-related risks and opportunities impact the organization's businesses strategy, economic and financial performance, and financial planning. The report discusses the impact of climate-related risks and opportunities on products and services, supply chain and/or value chain, adaptation and mitigation activities, investment in research and development, operations, acquisitions or divestments, and access to capital. The report also describes how climate-related issues serve as an input to the financial planning process, the time period used, and how these risks and opportunities are prioritized. However, the report lacks specific details on the impact of climate-related issues on the organization's financial performance and financial position. The report also does not describe the organization's plans for transitioning to a low-carbon economy, which could include GHG emissions targets and specific activities intended to reduce GHG emissions in their operations and value chain or to otherwise support the transition.","The sustainability report provides some information on the organization's resilience to climate-related risks and opportunities, but it lacks specific details on how the organization's strategy would change to address such risks and opportunities. The report does not provide any information on the potential impact of climate-related issues on financial performance and financial position. The report does not mention any climate-related scenarios and associated time horizons considered. The report provides some information on the organization's processes for identifying, assessing, and managing climate-related risks. The report provides some information on the board's oversight of climate-related risks and opportunities. The report provides some information on the climate-related risks and opportunities the organization has identified over the short, medium, and long term. The report provides some information on the metrics used by the organization to assess climate-related risks and opportunities in line with its strategy and risk management process. The report does not provide any information on the targets used by the organization to manage climate-related risks and opportunities and performance against targets.","The sustainability report provides some information on the organization's processes for identifying and assessing climate-related risks. The report describes the integration of climate-related risks into the organization's overall risk management and the appointment of a representative of the ESG team to the Management Risk Committee. The report also discloses the metrics used by the organization to assess climate-related risks and opportunities. However, the report lacks specific details on how the organization determines the relative significance of climate-related risks in relation to other risks and whether they consider existing and emerging regulatory requirements related to climate change. The report also does not disclose the processes for assessing the potential size and scope of identified climate-related risks and definitions of risk terminology used or references to existing risk classification frameworks used.","The sustainability report provides a comprehensive description of the organization's processes for managing climate-related risks. The report describes how the organization integrates climate-related risks into its overall risk management, including how it makes decisions to mitigate, transfer, accept, or control those risks. The report also describes the organization's processes for prioritizing climate-related risks, including how materiality determinations are made within the organization. However, the report lacks specific details on the metrics used by the organization to assess climate-related risks and opportunities in line with its strategy and risk management process. Overall, the report provides a good level of disclosure on the management of climate-related risks, but there is room for improvement in terms of providing more specific details on metrics and targets.","The sustainability report provides a comprehensive description of the organization's processes for identifying, assessing, and managing climate-related risks. The report describes how climate-related risks are integrated into the organization's overall risk management, including the appointment of a representative of the ESG team to the Management Risk Committee and the inclusion of all climate-related risks into Masonite's ERM risk taxonomy. The report also discloses the metrics used by the organization to assess climate-related risks and opportunities, such as CO2e per production unit and electricity and natural gas consumption. However, the report does not provide specific details on the targets used by the organization to manage climate-related risks and opportunities and performance against targets. Overall, the report satisfies most of the requirements and provides sufficient details, resulting in a score of 85.","The sustainability report provides some information on the metrics used to assess climate-related risks and opportunities. The report discloses some key metrics used to measure and manage climate-related risks and opportunities, such as CO2 emissions, electricity and natural gas consumption. However, the report lacks details on the methodologies used to calculate or estimate climate-related metrics. The report does not provide metrics on climate-related risks associated with water, energy, land use, and waste management. The report does not describe whether and how related performance metrics are incorporated into remuneration policies. The report does not provide forward-looking metrics for the cross-industry, consistent with their business or strategic planning time horizons. Overall, the report provides some information on the metrics used to assess climate-related risks and opportunities, but it lacks details and does not meet all the requirements.","The disclosure provides Scope 1 and Scope 2 GHG emissions, but does not provide Scope 3 emissions. The report mentions that the organization plans to set a target aligned with the latest climate science in the next two years, but does not provide any targets or performance against targets. The disclosure does not provide generally accepted industry-specific GHG efficiency ratios. The report does not provide a description of the methodologies used to calculate or estimate the metrics. The disclosure provides historical GHG emissions data for trend analysis. The report mentions that the GHG Inventory was reviewed according to ISO 14064 reporting standards and the GHG Protocol. Overall, the disclosure partially meets the requirements, but lacks important details.","The sustainability report provides some information on the targets used by the organization to manage climate-related risks and opportunities and performance against targets. The report discloses some metrics used to assess climate-related risks and opportunities, such as GHG emissions, but does not provide any specific targets or performance against targets. The report does not describe whether the targets are absolute or intensity-based, time frames over which the target applies, base year from which progress is measured, or key performance indicators used to assess progress against targets. The report does not disclose any associated interim targets in aggregate or by business line. The report does not provide a description of the methodologies used to calculate targets and measures. Overall, the disclosure quality on this TCFD recommendation point is poor."
SCORE,70,70,70,75,60,60,85,85,60,60,30
