,"Company name: First Industrial
Company sector: Real Estate
Company location: Phoenix
Pages: 14","Company name: First Industrial
Company sector: Real Estate
Company location: Phoenix
Pages: 14","Company name: First Industrial
Company sector: Real Estate
Company location: Phoenix
Pages: 14","Company name: First Industrial
Company sector: Real Estate
Company location: Phoenix
Pages: 14","Company name: First Industrial
Company sector: Real Estate
Company location: Phoenix
Pages: 14","Company name: First Industrial
Company sector: Real Estate
Company location: Phoenix
Pages: 14","Company name: First Industrial
Company sector: Real Estate
Company location: Phoenix
Pages: 14","Company name: First Industrial
Company sector: Real Estate
Company location: Phoenix
Pages: 14","Company name: First Industrial
Company sector: Real Estate
Company location: Phoenix
Pages: 14","Company name: First Industrial
Company sector: Real Estate
Company location: Phoenix
Pages: 14","Company name: First Industrial
Company sector: Real Estate
Company location: Phoenix
Pages: 14"
,tcfd_1,tcfd_2,tcfd_3,tcfd_4,tcfd_5,tcfd_6,tcfd_7,tcfd_8,tcfd_9,tcfd_10,tcfd_11
ANSWER,"The board oversees climate-related risks and opportunities through the Corporate Responsibility Committee, which evaluates and researches ESG-related matters and provides recommendations to senior management on policy amendments. The Audit Committee oversees ESG activities and reports to the Board of Directors annually. However, the report lacks specific details on the board's direct actions and responsibilities regarding climate issues.","The report does not provide a clear and specific role of management in assessing and managing climate-related risks and opportunities. While the report mentions risk management policies and procedures, credit reviews of tenants, and investments in sustainable buildings and technologies, it lacks concrete information on the involvement of management in these efforts.","The sustainability report of First Industrial does not provide a clear identification of climate-related risks and opportunities over the short, medium, and long term. The report only mentions the company's commitment to environmental excellence, sustainable buildings, and energy-efficient fixtures. However, there is no concrete data or quantifiable information to support these claims.","First Industrial's sustainability report mentions risk management, insurance coverage, and environmental sustainability measures, but lacks specific information on how climate-related risks and opportunities impact the organization's business strategy, economic and financial performance, and financial planning. The report contains some cheap talks and vague statements that require further clarification.","The report does not provide sufficient information to determine the resilience of First Industrial's strategy to different climate-related scenarios or physical risks. While the report mentions some risk management practices, it lacks concrete data or specific actions taken to address climate risks. The report also contains several cheap talks, such as promoting diversity and inclusion, without providing evidence of their impact on resilience.","The report does not provide specific processes used by First Industrial to identify and assess climate-related risks. However, it mentions that the company conducts regular credit reviews of tenants, employs a cap on investment dollars committed to speculative development and acquisitions, and has policies and procedures to mitigate risk in day-to-day operations. The company also invests in comprehensive insurance coverage and requires tenants and vendors to carry insurance. The Audit Committee reviews the company's risk assessment and management policies, including cybersecurity risk exposure and mitigation efforts.","First Industrial manages climate-related risks by investing in comprehensive insurance coverage, employing environmental-related coverage, conducting regular credit reviews of tenants, employing a cap on investment dollars committed to speculative development and acquisitions, designing policies and procedures to mitigate risk in day-to-day operations, and engaging with tenants to implement environmentally sustainable practices. They also seek to own and manage a portfolio of high-quality distribution properties that provide efficient delivery of goods and services for tenants' business needs, build high-quality sustainable buildings, and pursue LEED certification for new developments. However, the report lacks specific and quantifiable data to support these claims.","The report does not provide sufficient information on how the processes for identifying, assessing, and managing climate-related risks are integrated into the organization's overall risk management. The report only mentions that the company conducts regular credit reviews of tenants, employs a cap on investment dollars committed to speculative development and acquisitions, and invests in comprehensive insurance coverage to help protect against property and liability risks in its portfolio.","The report does not provide specific metrics used to assess climate-related risks and opportunities. However, the company claims to invest in comprehensive insurance coverage and employ a layer of environmental-related coverage to mitigate potential risks. The report also mentions the company's commitment to building high-quality sustainable buildings and pursuing LEED certification for new developments.","The report does not provide any information on the company's Scope 1, Scope 2, and Scope 3 greenhouse gas emissions. Therefore, it is impossible to identify any related risks specific to these emissions.","The report does not provide specific targets used by First Industrial to understand/quantify/benchmark climate-related risks and opportunities. The report only mentions the company's commitment to sustainability and risk management, but lacks concrete data to verify its authenticity."
SOURCES,"[68, 69]","[10, 17, 52, 54, 63]","[10, 11, 18, 44, 61, 62, 63, 64, 69, 76]","[51, 61, 69, 52, 63, 14, 12, 10, 17, 68, 43, 54, 18, 62, 36]","[51, 52, 17, 13, 61, 63, 44, 1, 10, 14, 12, 69, 53, 32, 18, 11, 68]","[51, 52, 61, 54, 76, 53]","[51, 52, 61, 10, 17, 18, 11, 13, 14, 44, 53, 54, 62, 63, 68, 69]","[51, 61]","[51, 61, 17, 7, 10, 11]","[3, 69, 16, 63, 61, 21, 62, 15, 0, 10, 18, 52, 24, 19, 54]","[51, 69, 13, 34, 61, 0, 1, 14, 68, 21, 17, 52, 63, 10, 11, 18, 7]"
PAGE,[12],"[11, 10, 3, 4]","[3, 4, 9, 11, 12, 13]","[3, 4, 7, 9, 10, 11, 12]","[1, 3, 4, 7, 9, 10, 11, 12]","[10, 11, 13]","[3, 4, 9, 10, 11, 12]","[10, 11]","[1, 3, 4, 10, 11]","[0, 1, 3, 4, 5, 10, 11, 12]","[0, 1, 3, 4, 7, 10, 11, 12]"
ANALYSIS,"The sustainability report provides limited information on how the company's board oversees climate-related risks and opportunities. While the report mentions the Board of Directors' role in overseeing the long-term financial strength and overall success of the company, it does not provide specific details on how the board is informed about climate-related issues, whether climate-related issues are considered when reviewing and guiding strategy, risk management policies, and business plans, or how the board monitors and oversees progress against goals and targets for addressing climate-related issues. The report does mention the Audit Committee's oversight of ESG activities, but it is unclear whether this includes climate-related risks and opportunities. Overall, the disclosure is insufficient to meet the TCFD guidelines.","The given sustainability report does not provide sufficient information on management's role in assessing and managing climate-related risks and opportunities. The report does not mention whether the organization has assigned climate-related responsibilities to management-level positions or committees, nor does it describe the associated organizational structure. The report does not provide information on the processes by which management is informed about climate-related issues, nor does it describe how management monitors climate-related issues. Therefore, the report fails to meet the TCFD guidelines outlined for high-quality disclosure pertaining to the TCFD recommendation point.","The given sustainability report does not provide any information on the most relevant climate-related risks and opportunities that the organization has identified over the short, medium, and long term. The report does not meet any of the requirements outlined for this critical element. Instead, the report focuses on the company's risk management strategies, corporate responsibility actions and policies, and ESG activities. While the report mentions the company's commitment to environmental excellence and sustainability, it does not provide any specific information on climate-related risks and opportunities. Therefore, the report's disclosure quality on this critical element is poor.","The sustainability report does not provide sufficient information on how climate-related risks and opportunities impact the organization's business strategy, economic and financial performance, and financial planning. The report does not discuss how identified climate-related issues have affected their businesses, strategy, and financial planning. The report does not provide a holistic picture of the interdependencies among the factors that affect their ability to create value over time. The report does not describe the impact of climate-related issues on their financial performance and financial position. The report does not describe how climate-related issues serve as an input to their financial planning process, the time period used, and how these risks and opportunities are prioritized. The report does not describe the impact of climate-related scenarios on their strategy and financial planning.","The sustainability report does not provide sufficient information to evaluate the resilience of the organization's strategy when considering different climate-related scenarios, including a 2°C target or lower scenario. The report does not discuss how the organization's strategies might change to address potential risks and opportunities, the potential impact of climate-related issues on financial performance and financial position, or the climate-related scenarios and associated time horizon considered. The report only briefly mentions the organization's commitment to building green and sustainable buildings, and its policies and procedures to mitigate risk in its day-to-day operations. Overall, the report lacks the necessary components for high-quality disclosure pertaining to the critical element.","The sustainability report does not provide sufficient information on the processes used by the organization to identify and assess climate-related risks. The report does not describe the risk management processes for identifying and assessing climate-related risks, nor does it provide information on how the organization determines the relative significance of climate-related risks in relation to other risks. The report does not disclose whether the organization considers existing and emerging regulatory requirements related to climate change. The report does not provide information on the processes for assessing the potential size and scope of identified climate-related risks or definitions of risk terminology used or references to existing risk classification frameworks used. Overall, the report lacks the necessary components for high-quality disclosure pertaining to the critical element.","The given disclosure provides limited information on how the organization manages climate-related risks. While the report mentions that the company invests in comprehensive insurance coverage and employs a layer of environmental-related coverage to mitigate potential risks, it does not provide any details on how the company makes decisions to mitigate, transfer, accept, or control those risks. The report also lacks information on how materiality determinations are made within the organization. While the report mentions that the company has designed policies and procedures to mitigate risk in its day-to-day operations, it does not provide any specific details on these policies and procedures. Overall, the disclosure does not meet the requirements for high-quality disclosure pertaining to the critical element of how the organization manages climate-related risks.","The sustainability report provides some information on risk management, but it does not specifically address how climate-related risks are integrated into the organization's overall risk management. The report mentions that the company conducts regular credit reviews, employs a cap on investment dollars, and has policies and procedures to mitigate risk in day-to-day operations. However, it does not provide any details on how these processes relate to climate-related risks. The report also mentions that the company has a Corporate Responsibility Committee that evaluates ESG-related matters and provides recommendations to senior management. While this is a positive step, it does not provide specific information on how climate-related risks are integrated into the organization's overall risk management. Overall, the report does not meet the requirements for high-quality disclosure on this critical element.","The given disclosure does not provide any information on the metrics used by the organization to assess climate-related risks and opportunities. Instead, it focuses on the company's risk management process, insurance coverage, and corporate responsibility policies. The disclosure does not meet any of the requirements outlined for this critical element. There is no mention of key metrics used to measure and manage climate-related risks and opportunities, metrics consistent with the cross-industry, metrics on climate-related risks associated with water, energy, land use, and waste management, or internal carbon prices. The disclosure also does not provide any historical or forward-looking metrics or a description of the methodologies used to calculate or estimate climate-related metrics.","The sustainability report does not provide any information on the organization's Scope 1, Scope 2, and Scope 3 greenhouse gas  emissions. The report does not meet any of the requirements for high-quality disclosure pertaining to the critical element. The report does not provide any GHG emissions data, related risks, or industry-specific GHG efficiency ratios. The report does not provide any historical data or methodologies used to calculate or estimate the metrics. The report only provides information on the company's ESG activities, corporate responsibility actions and policies, and risk management strategies. Therefore, the report does not meet the requirements for high-quality disclosure pertaining to the critical element.","The given sustainability report does not provide any information on the targets used by the organization to manage climate-related risks and opportunities and performance against targets. The report only mentions the company's commitment to building green, energy-saving lighting and water fixtures for tenants, and making an impact in communities through group volunteer outings. However, there is no information on whether these commitments are backed by specific targets, time frames, or key performance indicators. The report also lacks information on the methodologies used to calculate targets and measures. Therefore, the report fails to meet the TCFD guidelines for this TCFD recommendation point."
SCORE,20,0,0,0,20,0,20,30,0,0,0
