,"Company name: The Goodyear Tire & Rubber Company
Company sector: Tire and Rubber Manufacturing
Company location: Akron, Ohio
Pages: 52","Company name: The Goodyear Tire & Rubber Company
Company sector: Tire and Rubber Manufacturing
Company location: Akron, Ohio
Pages: 52","Company name: The Goodyear Tire & Rubber Company
Company sector: Tire and Rubber Manufacturing
Company location: Akron, Ohio
Pages: 52","Company name: The Goodyear Tire & Rubber Company
Company sector: Tire and Rubber Manufacturing
Company location: Akron, Ohio
Pages: 52","Company name: The Goodyear Tire & Rubber Company
Company sector: Tire and Rubber Manufacturing
Company location: Akron, Ohio
Pages: 52","Company name: The Goodyear Tire & Rubber Company
Company sector: Tire and Rubber Manufacturing
Company location: Akron, Ohio
Pages: 52","Company name: The Goodyear Tire & Rubber Company
Company sector: Tire and Rubber Manufacturing
Company location: Akron, Ohio
Pages: 52","Company name: The Goodyear Tire & Rubber Company
Company sector: Tire and Rubber Manufacturing
Company location: Akron, Ohio
Pages: 52","Company name: The Goodyear Tire & Rubber Company
Company sector: Tire and Rubber Manufacturing
Company location: Akron, Ohio
Pages: 52","Company name: The Goodyear Tire & Rubber Company
Company sector: Tire and Rubber Manufacturing
Company location: Akron, Ohio
Pages: 52","Company name: The Goodyear Tire & Rubber Company
Company sector: Tire and Rubber Manufacturing
Company location: Akron, Ohio
Pages: 52"
,tcfd_1,tcfd_2,tcfd_3,tcfd_4,tcfd_5,tcfd_6,tcfd_7,tcfd_8,tcfd_9,tcfd_10,tcfd_11
ANSWER,"The report does not provide specific information on how the company's board oversees climate-related risks and opportunities. However, the company has reported its performance to the Carbon Disclosure Project  since 2006 and has a high score indicating a strong commitment to reducing GHG emissions. The report also mentions that the company conducts lifecycle analyses and is working to reduce emissions from the sourcing of raw materials and manufacturing processes.","Goodyear has a strong commitment to reducing GHG emissions by identifying key risks, creating a system to implement reduction initiatives, and monitoring performance. Management is responsible for identifying and evaluating risks, preparedness, response, and recovery from incidents impacting associates, their families, and the company. The company conducts lifecycle analyses to reduce emissions from sourcing raw materials and manufacturing processes. The company also implemented a global water strategy and management plan to assess water stresses and determine the level of risk for each manufacturing facility in their global footprint.","The Goodyear Tire & Rubber Company has identified climate change as a risk and opportunity. However, the report lacks specific information on the most relevant climate-related risks and opportunities over the short, medium, and long term. The report mentions that the company is engaged or closely monitoring 20 issues, but it is unclear how these issues relate to climate change. The report also lacks concrete data on the company's efforts to reduce emissions and environmental impacts.","The report does not provide a clear and specific answer to the question. While the report mentions the company's assessment of risks and opportunities due to climate change, it does not provide a detailed analysis of how these factors impact the organization's business strategy, economic and financial performance, and financial planning. The report lacks concrete data and specific examples to support its claims.","The report does not provide sufficient information to determine the resilience of Goodyear's strategy in different climate-related scenarios or physical risks. The report mentions the implementation of a global water strategy and management plan, optimization of materials, and business continuity teams, but lacks concrete data on the effectiveness of these measures in addressing climate risks.","The company's sustainability report does not provide a clear and specific process for identifying and assessing climate-related risks. There are only general mentions of risk assessments and evaluations, but no concrete details on how these are conducted or what specific climate-related risks are being assessed. The report lacks transparency and specificity on this matter.","Goodyear has implemented a global water strategy and management plan, conducted lifecycle analyses, and optimized materials to reduce environmental impact. The company has received ISO 50001 certification for energy management and has a Business Continuity Excellence program that includes risk assessments, critical process identification, plan development, training, awareness, and testing. Goodyear also reports its performance to the Carbon Disclosure Project and monitors participation in sustainability initiatives. However, the report lacks specific information on how the company manages climate-related risks.","The report mentions that the Business Continuity teams continually identify and evaluate risks, with teams focusing their efforts on preparedness, response, and recovery from incidents impacting associates, their families, and the business. However, it is unclear how these processes are integrated into the organization's overall risk management.","The Goodyear Tire & Rubber Company uses the Carbon Disclosure Project  scorecard to assess climate-related risks and opportunities. The scorecard helps to identify key risks, create a system to implement reduction initiatives, and monitor performance. However, the report lacks specific metrics used to assess climate-related risks and opportunities.","Yes, The Goodyear Tire & Rubber Company discloses its Scope 1 and Scope 2 GHG emissions. Scope 3 emissions are also reported. The related risks are not specified in the report.","Goodyear Tire & Rubber Company does not provide specific targets to understand/quantify/benchmark climate-related risks and opportunities in their sustainability report. However, they report their performance to the Carbon Disclosure Project  since 2006 and earned a score of B/Management in 2016. It is unclear how the organization is performing against these targets."
SOURCES,"[10, 131, 273]","[10, 161, 66, 38, 65, 152, 129, 260, 142, 61, 136, 106, 175, 131, 197, 60, 147, 274, 153]","[10, 66, 5, 3, 273, 194, 272, 106, 12, 136, 232, 95, 129, 61, 40]",[10],"[10, 66, 152, 64, 65, 43, 5, 273, 3, 15, 63, 12, 131, 81, 61, 194, 11, 136, 86, 72]","[10, 66, 131, 38, 95, 217, 94, 129, 101, 161]","[10, 66, 38, 3, 65, 152, 106, 81, 131, 147, 63, 129, 64, 43, 136, 61, 5, 120]","[66, 61, 65]","[10, 5, 161]","['19', '159', '162', '305-1', '305-2', '305-3']","[10, 5, 136]"
PAGE,"[51, 26, 3]","[3, 35, 38, 11, 14, 48, 51, 22, 26, 27, 28, 29, 30, 31]","[1, 2, 3, 4, 38, 11, 44, 14, 51, 20, 22, 26, 27]",[3],"[1, 2, 3, 4, 5, 38, 12, 14, 16, 17, 18, 51, 26, 27, 30]","[3, 42, 11, 14, 20, 21, 26, 31]","[1, 2, 3, 11, 12, 14, 17, 22, 24, 26, 27, 29, 30]",[14],"[2, 3, 31]",[],"[27, 2, 3]"
ANALYSIS,"The sustainability report provides limited information on how the company's board oversees climate-related risks and opportunities. The report does not discuss the processes and frequency by which the board and/or board committees are informed about climate-related issues. There is no information on whether the board and/or board committees consider climate-related issues when reviewing and guiding strategy, major plans of action, risk management policies, annual budgets, and business plans. The report does not provide details on how the board monitors and oversees progress against goals and targets for addressing climate-related issues. While the report mentions the company's score on the Carbon Disclosure Project, it does not provide any information on how the board oversees climate-related risks and opportunities. Overall, the disclosure quality on this critical element is poor.","The given disclosure provides limited information on management's role in assessing and managing climate-related risks and opportunities. While the report mentions that Goodyear has assigned climate-related responsibilities to management-level positions and committees, it does not provide any details on the associated organizational structure or processes by which management is informed about climate-related issues. Additionally, the report does not specify how management monitors climate-related issues. Overall, the disclosure lacks the necessary components for high-quality disclosure pertaining to the critical element. As a result, the report scores 20 out of 100.","The given disclosure does not provide sufficient information to meet the requirements for this critical element. The report does not provide a clear description of the relevant short-, medium-, and long-term time horizons, nor does it describe the specific climate-related issues that could have a material financial impact on the organization. The report does not provide a description of the process used to determine which risks and opportunities could have a material financial impact on the organization. The report does not provide a description of risks and opportunities by sector and/or geography. The report mentions climate change risks and opportunities, but it does not provide any specific information on the risks and opportunities identified by the organization.","The given disclosure does not provide sufficient information to evaluate the impact of climate-related risks and opportunities on the organization's businesses strategy, economic and financial performance, and financial planning. The disclosure does not discuss how identified climate-related issues have affected their businesses, strategy, and financial planning. The report does not describe the impact of climate-related issues on their financial performance and financial position. The report does not describe how climate-related issues serve as an input to their financial planning process, the time period used, and how these risks and opportunities are prioritized. The report does not describe the impact of climate-related scenarios on the organization's strategy and financial planning. The report does not describe the organization's plans for transitioning to a low-carbon economy.","The sustainability report provides limited information on the resilience of the organization's strategy to climate-related risks and opportunities. While the report mentions the completion of risk assessments and critical process identification, it does not provide any details on how the organization's strategies might change to address potential risks and opportunities. The report also lacks information on the potential impact of climate-related issues on financial performance and position. The report does not mention any climate-related scenarios and associated time horizons considered. Overall, the report fails to meet most of the TCFD guidelines for high-quality disclosure pertaining to the TCFD recommendation point.","The sustainability report provides some information on the organization's processes for identifying and assessing climate-related risks. The report mentions that the organization completes risk assessments, critical process identification, and plan development, and that they participate in activities with external teams as appropriate. However, the report does not provide details on how the organization determines the relative significance of climate-related risks in relation to other risks, nor does it disclose whether they consider existing and emerging regulatory requirements related to climate change. The report also does not disclose the processes for assessing the potential size and scope of identified climate-related risks or definitions of risk terminology used or references to existing risk classification frameworks used. Therefore, the report only partially satisfies the TCFD guidelines.","The sustainability report provides some information on how the organization manages climate-related risks. It mentions that risk assessments are conducted, critical processes are identified, and plans are developed. The report also states that the organization prioritizes climate-related risks and has a system to implement reduction initiatives. However, the report lacks specific details on how the organization makes decisions to mitigate, transfer, accept, or control those risks. It also does not provide information on how materiality determinations are made within the organization. Overall, the disclosure is insufficient in meeting the TCFD guidelines for high-quality disclosure pertaining to the TCFD recommendation point.","The disclosure provides some information on how the organization integrates processes for identifying, assessing, and managing climate-related risks into its overall risk management. The report mentions the completion of risk assessments, critical process identification, and plan development, training, awareness and testing of plans, active engagement and reviews with regional cross-functional teams and leadership, and participation in activities with external teams as appropriate. However, the report lacks specific details on how these processes are integrated into the overall risk management of the organization. The disclosure also mentions the participation of the Business Continuity teams in monitoring and evaluating risks, but it is unclear how this is integrated into the overall risk management of the organization. Overall, the disclosure is insufficient in meeting the TCFD guidelines.","The given disclosure does not provide sufficient information to evaluate the organization's metrics used to assess climate-related risks and opportunities. The report mentions the company's participation in the Carbon Disclosure Project  and its score of B/Management, indicating its commitment to reducing GHG emissions. However, the report does not provide any specific metrics or methodologies used to measure and manage climate-related risks and opportunities. The report also does not provide any information on whether and how related performance metrics are incorporated into remuneration policies. While the report mentions the company's sustainability activities, it does not provide any metrics for historical periods or forward-looking metrics for the cross-industry. Overall, the disclosure lacks the necessary components for high-quality disclosure pertaining to the critical element.","The disclosure provides information on Scope 1 and Scope 2 GHG emissions, but only provides information on Scope 3 GHG emissions in one instance. The report does not provide information on the related risks associated with GHG emissions. The methodology used to calculate GHG emissions is not clearly described, and there is no information on industry-specific GHG efficiency ratios. The report provides historical data on GHG emissions, but does not provide a detailed description of the methodologies used to calculate or estimate the metrics. Overall, the disclosure is insufficient in meeting the TCFD guidelines for high-quality disclosure pertaining to the TCFD recommendation point.","The sustainability report provides limited information on the targets used by the organization to manage climate-related risks and opportunities and performance against targets. While the report mentions GHG emissions reduction targets, it does not provide details on the time frames, base year, or key performance indicators used to assess progress against targets. The report also lacks information on the methodologies used to calculate targets and measures. The report does not disclose medium-term or long-term targets or associated interim targets. Overall, the report fails to meet most of the TCFD guidelines for high-quality disclosure pertaining to the TCFD recommendation point."
SCORE,20,20,10,0,20,50,50,40,10,40,20
