,"Company name: DTE Energy
Company sector: Energy
Company location: United States
Pages: 50","Company name: DTE Energy
Company sector: Energy
Company location: United States
Pages: 50","Company name: DTE Energy
Company sector: Energy
Company location: United States
Pages: 50","Company name: DTE Energy
Company sector: Energy
Company location: United States
Pages: 50","Company name: DTE Energy
Company sector: Energy
Company location: United States
Pages: 50","Company name: DTE Energy
Company sector: Energy
Company location: United States
Pages: 50","Company name: DTE Energy
Company sector: Energy
Company location: United States
Pages: 50","Company name: DTE Energy
Company sector: Energy
Company location: United States
Pages: 50","Company name: DTE Energy
Company sector: Energy
Company location: United States
Pages: 50","Company name: DTE Energy
Company sector: Energy
Company location: United States
Pages: 50","Company name: DTE Energy
Company sector: Energy
Company location: United States
Pages: 50"
,tcfd_1,tcfd_2,tcfd_3,tcfd_4,tcfd_5,tcfd_6,tcfd_7,tcfd_8,tcfd_9,tcfd_10,tcfd_11
ANSWER,"The board of directors at DTE Energy oversees climate-related risks and opportunities through the Public Policy and Responsibility Committee , which reviews and advises the board on emerging social, economic, political, reputational, and environmental issues that could significantly affect the company's business and performance in relation to the community, shareholders, customers, and employees. The board also recognizes climate change as a key long-term policy issue and has committed to reducing greenhouse gas emissions from electric generation by 75% below 2005 levels by 2040 and 80% by 2050 .","DTE Energy recognizes climate change as a key long-term policy issue and has committed to reduce greenhouse gas emissions from electric generation by 75 percent below 2005 levels by 2040 and 80 percent by 2050. The Board of Directors has overall management responsibility for the sustainability strategy. However, the report lacks specific information on the role of management in assessing and managing climate-related risks and opportunities.","DTE Energy has identified climate change as a key long-term policy issue and has committed to reducing greenhouse gas emissions from electric generation by 75% below 2005 levels by 2040 and 80% by 2050. The company has identified risks and opportunities related to climate change, but it is unclear if they are associated with a specific horizon. The report contains some cheap talks and vague statements that lack concrete data.","DTE Energy recognizes climate change as a key long-term policy issue and has committed to reduce greenhouse gas emissions from electric generation by 75 percent below 2005 levels by 2040 and 80 percent by 2050. However, the report lacks specific and quantifiable data on how climate-related risks and opportunities impact the organization's business strategy, economic and financial performance, and financial planning.","DTE Energy has committed to reducing greenhouse gas emissions from electric generation by 75% below 2005 levels by 2040 and 80% by 2050. However, the report lacks specific information on how resilient the organization's strategy is when considering different climate-related scenarios, including a 2°C target or lower scenario. The report also lacks information on how resilient the organization's strategy is when considering climate physical risks.","DTE Energy identifies and assesses climate-related risks through a materiality assessment process that involves generating a list of 40 sustainability topics, evaluating each topic for alignment with DTE Energy’s six corporate priorities, and assessing the level of interest in each topic expressed by internal, external, and government stakeholders. The highest scoring aspects are sent to all members of the team and the Steering Committee to establish the final ranking. DTE Energy also conducts benchmarking against other companies’ reports, both inside and outside the energy sector, and engages third-party consulting expertise in GRI reporting to ensure that they obtain a thorough understanding of their material issues.",DTE Energy has committed to reducing greenhouse gas emissions from electric generation by 75% below 2005 levels by 2040 and 80% by 2050. The company provides tools and resources to empower customers to be more energy-efficient and optimize their energy use. DTE Energy conducts regular reviews of its activities and incorporates lessons learned in a continuous improvement cycle. The company also has mandatory environmental training for employees to understand the relationship between their work and the environment.,"The report does not provide a clear and detailed explanation of how the processes for identifying, assessing, and managing climate-related risks are integrated into the organization's overall risk management. The report only mentions that climate change is a key long-term policy issue that the company must address, and that they have committed to reducing greenhouse gas emissions. However, there is no clear indication of how these commitments are integrated into the company's overall risk management.","DTE Energy uses a materiality assessment process to identify sustainability topics. The company has identified risks and opportunities related to climate change, which are assessed through internal policies, goals, and targets. However, the report lacks specific metrics used to assess climate-related risks and opportunities and how they align with the company's strategy and risk management process.","Yes, DTE Energy discloses its Scope 1, Scope 2, and Scope 3 greenhouse gas emissions. However, specific figures on these emissions are not available in the provided extracts. The report does not provide any specific risks related to GHG emissions, but it mentions initiatives to reduce GHG emissions and the use of standards and methodologies to calculate them.""","DTE Energy has identified 40 sustainability topics through a materiality assessment process, which were evaluated for alignment with the company's six corporate priorities and level of interest from stakeholders. The company has committed to reducing greenhouse gas emissions from electric generation by 75% below 2005 levels by 2040 and 80% by 2050. However, there is no information on how the company is performing against these targets."
SOURCES,"[294, 340, 176]","[175, 176, 294, 311, 313, 314, 321, 325, 326, 327, 328, 332, 336, 339, 346, 364, 368]","[175, 176, 311, 313, 314, 315, 317, 321, 325, 326, 327, 330, 332, 335, 336, 368]",[176],[176],"[40, 325, 326, 335, 327, 325, 326, 335, 327]","[175, 181, 189, 314, 321, 325, 327, 330, 343, 346]","[176, 313]","[314, 325, 319, 326, 335, 311]","[1, 2, 3, 305, 5, 305, 2, 369]","[325, 326, 337, 313, 332, 327, 176]"
PAGE,"[24, 45, 39]","[39, 42, 43, 44, 45, 46, 48, 49, 24]","[42, 43, 44, 45, 49, 24]",[24],[24],"[43, 45, 7]","[42, 43, 44, 45, 46, 24, 25, 26]","[24, 42]","[42, 43, 45]","[1, 49, 41]","[42, 43, 44, 45, 24]"
ANALYSIS,"The disclosure provided by the company is insufficient to meet the requirements for high-quality disclosure pertaining to the board's oversight of climate-related risks and opportunities. The report does not provide any specific information on how the board oversees climate-related issues. There is no discussion of the processes and frequency by which the board and/or board committees are informed about climate-related issues. The report does not mention whether the board and/or board committees consider climate-related issues when reviewing and guiding strategy, major plans of action, risk management policies, annual budgets, and business plans. There is no information on how the board monitors and oversees progress against goals and targets for addressing climate-related issues.","The disclosure provided by the company is insufficient to meet the requirements for this critical element. The report does not provide any information on whether the organization has assigned climate-related responsibilities to management-level positions or committees, nor does it describe the associated organizational structure. The report does not provide any information on the processes by which management is informed about climate-related issues, nor does it describe how management monitors climate-related issues. The report only mentions the company's commitment to reduce greenhouse gas emissions, but it does not provide any information on how the company plans to achieve this goal or how it is tracking progress towards this goal.","The sustainability report provides some information on climate-related risks and opportunities, but it does not meet the TCFD guidelines in full. The report mentions the long-term policy issue of climate change and the company's commitment to reduce greenhouse gas emissions, but it does not provide a clear description of the specific climate-related issues that could have a material financial impact on the organization over the short, medium, and long term. The report also lacks a description of the process used to determine which risks and opportunities could have a material financial impact on the organization. While the report provides some information on greenhouse gas emissions, renewable energy, and reliability and infrastructure, it does not provide a sector or geography-specific description of risks and opportunities. Overall, the report lacks specificity and detail.","The sustainability report provides some information on how climate-related risks and opportunities impact the organization's businesses strategy, economic and financial performance, and financial planning. The report mentions the company's commitment to reduce greenhouse gas emissions and provides some details on the impact of climate-related issues on financial performance. However, the report lacks specific details on how identified climate-related issues have affected their businesses, strategy, and financial planning. The report does not provide information on how climate-related issues serve as an input to their financial planning process, the time period used, and how these risks and opportunities are prioritized. Overall, the report provides limited information on the impact of climate-related risks and opportunities on the organization's businesses strategy, economic and financial performance, and financial planning.","The sustainability report provides limited information on the resilience of the organization's strategy to climate-related risks and opportunities. While the report mentions the company's commitment to reducing greenhouse gas emissions, it does not provide any details on how the company plans to achieve these targets or how it will address potential climate-related risks. The report also does not discuss the potential impact of climate-related issues on financial performance or the climate-related scenarios considered. The report meets some of the requirements, such as discussing the broader energy transformation underway in the US and the company's commitment to reducing greenhouse gas emissions. However, overall, the report lacks sufficient detail to provide a comprehensive analysis of the organization's resilience to climate-related risks and opportunities.","The sustainability report provides limited information on the processes used by DTE Energy to identify and assess climate-related risks. While the report mentions benchmarking against peer companies and stakeholder engagement, it does not provide a clear description of the risk management processes used to identify and assess climate-related risks. The report does not disclose how the organization determines the relative significance of climate-related risks in relation to other risks. The report does not provide definitions of risk terminology used or references to existing risk classification frameworks used. Overall, the report lacks specificity and detail on the processes used to identify and assess climate-related risks.","The disclosure provides some information on how DTE Energy manages climate-related risks. The company has set long-term commitments to reduce greenhouse gas emissions and has processes for prioritizing climate-related risks. However, the disclosure lacks specific details on how the company makes decisions to mitigate, transfer, accept, or control those risks. Additionally, the disclosure does not provide information on how materiality determinations are made within the organization. Overall, the disclosure partially meets the requirements for high-quality disclosure pertaining to the critical element of how the organization manages climate-related risks.","The given disclosure provides some information on how the organization integrates processes for identifying, assessing, and managing climate-related risks into its overall risk management. The report mentions that the organization has a materiality assessment process that considers sustainability topics, including climate change, and evaluates them based on their alignment with corporate priorities. The report also states that the organization has committed to reducing greenhouse gas emissions. However, the disclosure lacks specific details on how the organization identifies, assesses, and manages climate-related risks and how these processes are integrated into its overall risk management. Therefore, the disclosure is insufficient to fully satisfy the requirements for high-quality disclosure on this critical element.","The sustainability report provides limited information on the metrics used to assess climate-related risks and opportunities. While the report mentions greenhouse gas emissions, renewable energy, and climate change, it does not provide specific metrics or methodologies used to measure and manage climate-related risks and opportunities. The report does not mention metrics on climate-related risks associated with water, energy, land use, and waste management. The report does not provide information on whether and how related performance metrics are incorporated into remuneration policies. The report does not provide internal carbon prices or climate-related opportunity metrics. The report does not provide forward-looking metrics for the cross-industry. Overall, the report lacks specific details on the metrics used to assess climate-related risks and opportunities.","The sustainability report provides some information on greenhouse gas emissions, but it does not meet the requirements for high-quality disclosure. The report does not provide Scope 1 and Scope 2 GHG emissions independent of a materiality assessment, and it does not provide Scope 3 GHG emissions and related risks. The report does not provide GHG emissions calculated in line with the GHG Protocol methodology, nor does it provide historical data for trend analysis. The report does not provide a description of the methodologies used to calculate or estimate the metrics. While the report mentions GHG emissions and related risks, it does not provide sufficient details to meet the requirements for high-quality disclosure.","The sustainability report does not provide sufficient information on the targets used by the organization to manage climate-related risks and opportunities and performance against targets. The report does not describe any key climate-related targets, whether they are absolute or intensity-based, time frames over which the target applies, base year from which progress is measured, or key performance indicators used to assess progress against targets. The report only mentions the organization's commitment to reduce greenhouse gas emissions from electric generation by 75 percent below 2005 levels by 2040 and 80 percent by 2050. The report does not provide any information on the methodologies used to calculate targets and measures. Therefore, the report does not meet the TCFD guidelines for this TCFD recommendation point."
SCORE,0,10,50,50,40,30,60,60,30,20,0
