,"Company name: Physicians Realty Trust
Company sector: Health care REIT
Company location: Milwaukee, Wisconsin, US
Pages: 43","Company name: Physicians Realty Trust
Company sector: Health care REIT
Company location: Milwaukee, Wisconsin, US
Pages: 43","Company name: Physicians Realty Trust
Company sector: Health care REIT
Company location: Milwaukee, Wisconsin, US
Pages: 43","Company name: Physicians Realty Trust
Company sector: Health care REIT
Company location: Milwaukee, Wisconsin, US
Pages: 43","Company name: Physicians Realty Trust
Company sector: Health care REIT
Company location: Milwaukee, Wisconsin, US
Pages: 43","Company name: Physicians Realty Trust
Company sector: Health care REIT
Company location: Milwaukee, Wisconsin, US
Pages: 43","Company name: Physicians Realty Trust
Company sector: Health care REIT
Company location: Milwaukee, Wisconsin, US
Pages: 43","Company name: Physicians Realty Trust
Company sector: Health care REIT
Company location: Milwaukee, Wisconsin, US
Pages: 43","Company name: Physicians Realty Trust
Company sector: Health care REIT
Company location: Milwaukee, Wisconsin, US
Pages: 43","Company name: Physicians Realty Trust
Company sector: Health care REIT
Company location: Milwaukee, Wisconsin, US
Pages: 43","Company name: Physicians Realty Trust
Company sector: Health care REIT
Company location: Milwaukee, Wisconsin, US
Pages: 43"
,tcfd_1,tcfd_2,tcfd_3,tcfd_4,tcfd_5,tcfd_6,tcfd_7,tcfd_8,tcfd_9,tcfd_10,tcfd_11
ANSWER,"The board of Physicians Realty Trust oversees climate-related risks and opportunities through a multilayered approach that engages the Board of Trustees and management team. They are working to integrate climate risk variables into their overall risk management process. However, the report lacks specific details on the board's actions and responsibilities regarding climate issues.","Physicians Realty Trust recognizes climate change as a global issue that may impact their business. They assess climate change vulnerabilities, identify and anticipate climate-related factors, train key personnel in climate-related risks, and implement tailored Emergency Response Plans at the property level. They also integrate climate risk variables into their overall risk management process as a multi-disciplinary process that engages their Board of Trustees and management team. However, the report lacks concrete data to support their claims.","Physicians Realty Trust has identified climate-related risks such as flooding, precipitation, extreme heat, wildfires, and water scarcity. The company is also working to integrate climate risk variables into its overall risk management process. However, the report lacks specific details on opportunities and risks associated with a horizon.","Physicians Realty Trust recognizes climate change as a global issue that may impact their business. They assess climate change vulnerabilities and identify climate-related factors during real estate activities. They train key personnel in climate-related risks and implement tailored Emergency Response Plans at the property level. They also evaluate the risk profile of their identified portfolio annually to assess potential climate-related exposures. However, the report lacks concrete data on the financial impact of climate-related risks and opportunities on the company's economic and financial performance.","Physicians Realty Trust recognizes climate change as a global issue that may impact their business. They assess climate change vulnerabilities by modeling future climate scenarios and identifying climate-related factors during real estate activities. They have implemented tailored Emergency Response Plans at the property level and train key personnel in climate-related risks. However, there is no clear evidence that the organization's strategy is resilient when considering different climate-related scenarios or physical risks.","Physicians Realty Trust identifies and assesses climate-related risks by modeling future climate scenarios, identifying and anticipating climate-related factors during real estate activities, training key personnel in climate-related risks, and implementing tailored Emergency Response Plans at the property level. They also evaluate the risk profile of their identified portfolio annually to assess potential climate-related exposures and maintain risk property insurance at the portfolio level for natural catastrophes. They track 100% of their identified portfolio locations on Measurabl’s Climate Risk module, identifying transitional and physical risks associated with flood, hurricane, earthquake, heat and water stress, sea-level rise, and wildfire. However, the report lacks concrete data to support their claims.","Physicians Realty Trust identifies and anticipates climate-related factors during real estate activities, trains key personnel in climate-related risks, and implements tailored Emergency Response Plans at the property level. They also evaluate the risk profile of their identified portfolio annually to assess potential climate-related exposures and implement preventive strategies to address any flagged risks. They maintain risk property insurance at the portfolio level for natural catastrophes and refine proactive mitigation plans for locations exposed to high risk. However, the report lacks concrete data on the effectiveness of their risk management processes and the progress of their mitigation plans.","Physicians Realty Trust is working to integrate climate risk variables into its overall risk management process as a multi-disciplinary process that engages the Board of Trustees and management team. The company has identified potential climate-related risks and opportunities and has established formal processes for resilience planning, including risk identification and coordination of plan development, preparation, and maintenance in a local emergency or widespread disaster at the corporate and property levels. The company also maintains risk property insurance at the portfolio level for natural catastrophes.""","The company uses metrics and targets guided by their environmental goals to assess climate-related risks and opportunities. They identify potential risk factors, including physical risks such as flooding, precipitation, extreme heat, wildfires, and water scarcity, and train key personnel in climate-related risks. The company also evaluates the risk profile of their identified portfolio annually to assess potential climate-related exposures. The data collected from Measurabl's Climate Risk Module helped them proactively identify their highest risks due to property location. However, the report lacks specific details on how the metrics help ensure that the performance is in line with its strategy and risk management process.","Physicians Realty Trust does disclose its Scope 1 and Scope 2 GHG emissions, but it is unclear if they disclose Scope 3 emissions. The report mentions the need for a GHG inventory management plan. Risks associated with GHG emissions are not explicitly stated in the report.","Physicians Realty Trust's sustainability report outlines its climate-related risk mitigation plan, which includes identifying and anticipating climate-related factors during real estate activities, training key personnel in climate-related risks, and implementing tailored emergency response plans at the property level. The report also mentions that the company is tracking 100% of its identified portfolio locations on Measurabl's Climate Risk module, identifying transitional and physical risks associated with flood, hurricane, and typhoons. However, the report does not provide specific targets for understanding/quantifying/benchmarking climate-related risks and opportunities, nor does it provide information on how the organization is performing against these targets."
SOURCES,"[86, 196]","[57, 86, 91, 82, 93, 85, 92, 321, 95, 83, 58, 268, 27, 252, 299, 87, 59, 64, 196]","[57, 86, 92, 82, 85, 91, 93, 252, 87, 257, 7, 59, 48]","[57, 86, 82, 91, 92, 93, 27, 85, 83, 95, 58, 87, 88, 252, 196]","[57, 82, 86, 91, 85, 92, 83, 27, 87, 64, 268, 299, 59, 48, 93, 7]","[57, 86, 82, 91, 92, 85, 257, 83, 58, 299, 84, 45, 101, 95, 7, 321, 268]","[57, 86, 82, 91, 58, 92, 83, 85, 93, 95, 87, 299, 252, 268, 64, 210, 209, 257, 59]","[86, 57, 91, 82, 92, 257, 85, 58, 83, 87, 88, 7, 299, 93, 252, 268, 27, 321, 102, 12, 102, 15, 102, 29, 102, 30, 103, 1, 103, 2, 201, 2]","[86, 57, 82, 91]","[68, 86, 101]","[57, 82, 91, 58]"
PAGE,"[28, 14]","[34, 35, 38, 7, 40, 11, 12, 14, 15, 28]","[34, 3, 10, 11, 14, 15]","[34, 7, 11, 14, 15, 28]","[35, 3, 38, 7, 10, 11, 12, 14, 15]","[34, 3, 35, 38, 40, 10, 11, 14, 15, 16]","[34, 35, 38, 11, 12, 14, 15, 30]","[1, 34, 3, 35, 4, 38, 7, 40, 11, 14, 15, 16, 29]","[11, 14, 15]","[16, 13, 14]","[11, 14, 15]"
ANALYSIS,"The sustainability report provides some information on the board's oversight of climate-related risks and opportunities. The report mentions that the board is informed about climate-related issues and that it considers these issues when reviewing and guiding strategy, risk management policies, and business plans. The report also mentions that the board monitors and oversees progress against goals and targets for addressing climate-related issues. However, the report lacks specific details on the processes and frequency by which the board and/or board committees are informed about climate-related issues. Additionally, the report does not provide any information on how the board considers climate-related issues when overseeing major capital expenditures, acquisitions, and divestitures. Overall, the disclosure is partially satisfactory and could benefit from more specific details.","The given disclosure does not provide sufficient information to meet the requirements for this critical element. The report does not describe whether the organization has assigned climate-related responsibilities to management-level positions or committees, nor does it provide information on the associated organizational structure. The report does not describe the processes by which management is informed about climate-related issues, nor does it provide information on how management monitors climate-related issues. While the report mentions that the Board of Trustees meets quarterly to review economic, environmental, and social topics and their impacts, risks, and opportunities, it does not provide any specific information on how the Board oversees management's role in assessing and managing climate-related risks and opportunities.","The sustainability report provides some information on climate-related risks and opportunities, but it does not meet all the requirements for high-quality disclosure. The report identifies some specific climate-related issues that could have a material financial impact on the organization, but it does not provide a clear description of the relevant short-, medium-, and long-term time horizons. Additionally, the report does not describe the process used to determine which risks and opportunities could have a material financial impact on the organization. The report does provide some information on risks and opportunities by sector and/or geography, but this information is not consistently provided throughout the report. Overall, the report could benefit from more detailed and consistent information on climate-related risks and opportunities.","The given disclosure provides some information on how climate-related risks and opportunities impact the organization's business strategy, economic and financial performance, and financial planning. The report discusses the identification and assessment of climate-related risks, including physical risks, and the implementation of preventive strategies to address them. The report also mentions the integration of climate risk variables into the overall risk management process and the evaluation of the risk profile of the identified portfolio annually. However, the report lacks specific details on the impact of climate-related issues on the organization's financial performance and financial position. The report also does not describe how climate-related issues serve as an input to the financial planning process, the time period used, and how these risks and opportunities are prioritized. Overall, the disclosure is insufficient in meeting the TCFD guidelines.","The sustainability report provides some information on the organization's resilience to climate-related risks and opportunities, but it lacks specific details on how the organization's strategies might change to address potential risks and opportunities. The report mentions that the organization is working to integrate climate risk variables into its overall risk management process, but it does not provide any specific information on how this is being done. The report also lacks information on the potential impact of climate-related issues on financial performance and financial position. While the report mentions climate-related scenarios, it does not provide any details on the associated time horizon considered. Overall, the report provides some information on the organization's resilience to climate-related risks and opportunities, but it lacks specific details on how the organization is addressing these risks and opportunities.","The sustainability report provides some information on the organization's processes for identifying and assessing climate-related risks. The report mentions that the organization models future climate scenarios, identifies and anticipates climate-related factors, and assesses the risk profile of its portfolio annually. However, the report lacks specific details on how the organization determines the relative significance of climate-related risks in relation to other risks, whether it considers existing and emerging regulatory requirements related to climate change, and the processes for assessing the potential size and scope of identified climate-related risks. The report also does not provide definitions of risk terminology used or references to existing risk classification frameworks used. Overall, the disclosure is insufficient to meet the TCFD guidelines.","The sustainability report provides a comprehensive description of the organization's processes for managing climate-related risks. The report describes how the organization makes decisions to mitigate, transfer, accept, or control those risks. It also describes the processes for prioritizing climate-related risks, including how materiality determinations are made within the organization. The report provides details on how the organization assesses climate change vulnerabilities, identifies and anticipates climate-related factors during real estate activities, and trains key personnel in climate-related risks. The report also describes how the organization evaluates the risk profile of its identified portfolio annually to assess potential climate-related exposures. Overall, the report meets the requirements for high-quality disclosure pertaining to the critical element of how the organization manages climate-related risks.","The sustainability report provides some information on how the organization integrates climate-related risks into its overall risk management. The report mentions that climate risk variables are integrated into the overall risk management process as a multi-disciplinary process that engages the Board of Trustees and management team. The report also describes how the organization assesses climate-related vulnerabilities and identifies climate-related factors during real estate activities. However, the report lacks specific details on the processes for identifying, assessing, and managing climate-related risks. The report does not provide information on how the organization evaluates the effectiveness of its risk management processes. Overall, the disclosure provides some information on the integration of climate-related risks into the organization's overall risk management, but it lacks specific details on the processes and effectiveness of risk management.","The sustainability report provides limited information on the metrics used to assess climate-related risks and opportunities. While the report mentions that DOC has identified several potential risk factors and corresponding opportunities, it does not provide specific details on the metrics used to measure and manage these risks and opportunities. The report also lacks information on whether and how related performance metrics are incorporated into remuneration policies. Additionally, the report does not provide historical metrics for trend analysis or forward-looking metrics for the cross-industry. While the report mentions the use of Measurabl's Climate Risk Module, it does not provide a description of the methodologies used to calculate or estimate climate-related metrics. Overall, the report falls short of meeting most of the TCFD guidelines.","The sustainability report provides some information on greenhouse gas  emissions, but it falls short of meeting the TCFD guidelines. The report mentions that the organization may consider disclosing Scope 3 emissions from tenant-controlled areas, but it does not provide any GHG emissions data for any of the scopes. The report does not mention the related risks associated with GHG emissions. The report does not provide any information on the GHG Protocol methodology used to calculate emissions, nor does it provide historical data for trend analysis. Overall, the report lacks transparency and specificity in disclosing GHG emissions and related risks.","The sustainability report provides limited information on the targets used by the organization to manage climate-related risks and opportunities and performance against targets. While the report mentions some climate-related risks and opportunities, it does not provide specific targets or key performance indicators used to assess progress against targets. The report does not describe whether the targets are absolute or intensity-based, time frames over which the target applies, or the base year from which progress is measured. The report does not provide a description of the methodologies used to calculate targets and measures. Overall, the report lacks the necessary components for high-quality disclosure pertaining to the critical element."
SCORE,70,10,60,40,60,40,100,60,20,20,20
