,"Company name: Accenture
Company sector: IT Services
Company location: Global
Pages: 73","Company name: Accenture
Company sector: IT Services
Company location: Global
Pages: 73","Company name: Accenture
Company sector: IT Services
Company location: Global
Pages: 73","Company name: Accenture
Company sector: IT Services
Company location: Global
Pages: 73","Company name: Accenture
Company sector: IT Services
Company location: Global
Pages: 73","Company name: Accenture
Company sector: IT Services
Company location: Global
Pages: 73","Company name: Accenture
Company sector: IT Services
Company location: Global
Pages: 73","Company name: Accenture
Company sector: IT Services
Company location: Global
Pages: 73","Company name: Accenture
Company sector: IT Services
Company location: Global
Pages: 73","Company name: Accenture
Company sector: IT Services
Company location: Global
Pages: 73","Company name: Accenture
Company sector: IT Services
Company location: Global
Pages: 73"
,tcfd_1,tcfd_2,tcfd_3,tcfd_4,tcfd_5,tcfd_6,tcfd_7,tcfd_8,tcfd_9,tcfd_10,tcfd_11
ANSWER,"Accenture's sustainability report does not provide specific information on how the company's board oversees climate-related risks and opportunities. However, the report mentions the establishment of an Environment Steering Group that oversees the company's environmental policy and corporate objective of fostering environmentally sustainable growth. The report also highlights the company's commitment to sustainability through its participation in the UN Global Compact and the World Economic Forum's initiatives.","Accenture's sustainability report highlights their commitment to reducing their environmental footprint and collaborating with other businesses and governments to deliver concrete climate solutions. They aim to run their operations more efficiently, measure the carbon reduction benefits their clients enjoy, and enable client and supplier sustainability. However, the report lacks specific details on the role of management in assessing and managing climate-related risks and opportunities.","Accenture has identified climate-related risks and opportunities in its materiality matrix, including energy use, waste, water, carbon emissions, and enabling clients' sustainability. The report mentions leveraging new technologies and tools to help run operations more efficiently and collaborating with other businesses and governments to deliver concrete climate solutions. Risks are not clearly associated with a horizon. However, the report lacks concrete data and specific targets to verify the company's actions and progress.","Accenture's environmental strategy focuses on running efficient operations, enabling client and supplier sustainability, and engaging stakeholders. They leverage new technologies to reduce carbon emissions and collaborate with other businesses and governments to deliver concrete climate solutions. However, the report lacks concrete data on the impact of their initiatives and the extent to which climate-related risks and opportunities impact their business strategy, economic and financial performance, and financial planning.","The report does not provide specific information on how resilient Accenture's strategy is when considering different climate-related scenarios or physical risks. However, the company has committed to evaluating science-based targets and collaborating with other businesses and governments to deliver concrete climate solutions and sustainable outcomes. The report also highlights Accenture's efforts to reduce carbon emissions and engage its people, leaders, partners, and stakeholders in implementing its environmental strategy.","Accenture uses new technologies and tools to run operations more efficiently, measures carbon reduction benefits for clients, collaborates with other businesses and governments to deliver climate solutions, and has identified climate-related risks in its materiality matrix. However, the report lacks specific details on the processes used to identify and assess these risks.","Accenture manages climate-related risks by leveraging new technologies and tools to run their operations more efficiently, measuring the carbon reduction benefits their clients enjoy, collaborating with other businesses and governments to turn policy into actions, and engaging their people, leaders, partners, and stakeholders to implement their environmental strategy. They also support the World Economic Forum's global project to design and deliver public-private partnerships that aim to produce tangible climate results through 2020 and beyond.","The report mentions Accenture's commitment to climate change mitigation and adaptation, and the company's strategy focuses on running efficient operations, enabling client and supplier sustainability, and engaging stakeholders. However, there is no clear indication of how the processes for identifying, assessing, and managing climate-related risks are integrated into the organization's overall risk management.","Accenture uses metrics such as carbon emissions, energy use, waste, water, and environmentally sustainable procurement to assess climate-related risks and opportunities. These metrics help ensure that the company's performance is in line with its environmental objectives and goals.","Accenture discloses its Scope 1, Scope 2, and a small subset of Scope 3 GHG emissions. In FY16, Scope 1 emissions were 27,203 metric tons of CO2, Scope 2 emissions were 263,050 metric tons of CO2, and Scope 3 emissions were 506,841 metric tons of CO2. The report does not provide specific risks related to these emissions.","Accenture is evaluating science-based targets for their next round of environmental goals beyond 2020. They have a fiscal 2020 target of reducing their carbon emissions to an average of two metric tons per employee, which they have achieved a 47% reduction from baseline as of fiscal 2016. They are also working to expand the percentage of their key suppliers who disclose their targets and report on actions taken to reduce emissions to 75% by 2020."
SOURCES,"[285, 246, 305, 291, 245, 292, 89, 90, 92, 311, 244, 27, 304, 48]","[246, 257, 265, 278, 281, 288, 289, 290, 291, 292, 293, 301, 305, 323]","[40, 41, 42, 45, 49, 50, 52, 257, 264, 283, 285, 288, 291, 292, 293, 301, 305, 306, 329]","[285, 291, 305, 246, 292, 301, 40, 257, 289, 311, 283, 288, 287, 245, 27, 282, 302, 278, 293]","[244, 279, 285, 287, 288, 289, 291, 292, 301, 303, 305, 306, 311]","[285, 305, 306]","[246, 285, 292, 289, 298, 301, 305]","[246, 257, 285, 292, 305, 306, 323, 373]","[285, 305, 291, 292, 284, 395]","[5, 6]","[306, 305, 283, 285, 40, 246, 257, 25, 35, 284, 287, 324, 164, 292, 39, 45]"
PAGE,"[7, 11, 44, 49, 50, 18, 52, 54]","[44, 45, 46, 49, 50, 52, 56]","[9, 10, 12, 45, 46, 49, 50, 52, 57]","[7, 9, 44, 45, 49, 50, 52, 54]","[44, 49, 50, 52, 54]","[49, 52]","[44, 49, 50, 51, 52]","[44, 45, 49, 50, 52, 56, 63]","[49, 50, 52, 71]",[2],"[7, 8, 9, 10, 44, 45, 49, 50, 52, 56, 30]"
ANALYSIS,"The sustainability report does not provide sufficient information on how the company's board oversees climate-related risks and opportunities. The report does not discuss the processes and frequency by which the board and/or board committees are informed about climate-related issues. There is no mention of whether the board and/or board committees consider climate-related issues when reviewing and guiding strategy, major plans of action, risk management policies, annual budgets, and business plans. The report does not provide information on how the board monitors and oversees progress against goals and targets for addressing climate-related issues. Overall, the report lacks specific details and does not meet the requirements for high-quality disclosure on the board's oversight of climate-related issues.","The given disclosure does not provide sufficient information to assess management's role in assessing and managing climate-related risks and opportunities. The report does not mention whether the organization has assigned climate-related responsibilities to management-level positions or committees, nor does it describe the associated organizational structure. The report does not provide information on the processes by which management is informed about climate-related issues, nor does it describe how management monitors climate-related issues. Therefore, the report fails to meet any of the requirements outlined for high-quality disclosure pertaining to the critical element of management's role in assessing and managing climate-related risks and opportunities.","The sustainability report does not provide a clear description of the most relevant climate-related risks and opportunities that the organization has identified over the short, medium, and long term. The report does not provide a description of the specific climate-related issues potentially arising in each time horizon that could have a material financial impact on the organization. The report does not provide a description of the process used to determine which risks and opportunities could have a material financial impact on the organization. The report does not consider providing a description of their risks and opportunities by sector and/or geography, as appropriate. Overall, the report lacks the necessary components for high-quality disclosure pertaining to the critical element.","The given disclosure does not provide sufficient information to rate the quality of disclosure on how climate-related risks and opportunities impact the organization's business strategy, economic and financial performance, and financial planning. The disclosure does not discuss how identified climate-related issues have affected their businesses, strategy, and financial planning. It does not describe the impact of climate-related issues on their financial performance and financial position. The disclosure does not reflect a holistic picture of the interdependencies among the factors that affect their ability to create value over time. The disclosure does not describe the impact of climate-related issues on their investment in research and development, acquisitions or divestments, and access to capital. The disclosure does not describe their plans for transitioning to a low-carbon economy, which could include GHG emissions targets and specific activities intended to reduce GHG emissions in their operations and value chain or to otherwise support the transition.","The sustainability report does not provide sufficient information to evaluate the resilience of the organization's strategy when considering different climate-related scenarios, including a 2°C target or lower scenario. The report does not discuss how the organization's strategies might change to address potential risks and opportunities, the potential impact of climate-related issues on financial performance and position, or the climate-related scenarios and associated time horizon considered. The report only briefly mentions the organization's commitment to climate change mitigation and adaptation and its efforts to measure carbon reduction benefits. While the report discusses the organization's environmental strategy, it does not provide specific details on how the strategy addresses climate-related risks and opportunities.","The given disclosure does not provide sufficient information on the organization's processes for identifying and assessing climate-related risks. The report does not describe the risk management processes for identifying and assessing climate-related risks, nor does it provide information on how the organization determines the relative significance of climate-related risks in relation to other risks. The report does not disclose whether the organization considers existing and emerging regulatory requirements related to climate change. The report does not provide information on the processes for assessing the potential size and scope of identified climate-related risks or definitions of risk terminology used or references to existing risk classification frameworks used. Overall, the disclosure is insufficient to meet the requirements for high-quality disclosure pertaining to the critical element.","The sustainability report provides some information on how the organization manages climate-related risks. It mentions some initiatives such as leveraging new technologies, refining and scaling efforts to measure carbon reduction benefits, collaborating with other businesses and governments, and running efficient operations. However, the report lacks specific details on how the organization makes decisions to mitigate, transfer, accept, or control climate-related risks. It also does not provide information on how materiality determinations are made within the organization. Therefore, while the report provides some information on the organization's processes for managing climate-related risks, it does not fully satisfy the TCFD guidelines.","The sustainability report provides some information on how the organization integrates processes for identifying, assessing, and managing climate-related risks into its overall risk management. The report mentions that the organization collaborates with other businesses and governments to turn policy into actions that deliver concrete climate solutions and sustainable outcomes. It also highlights the company's commitment to climate change mitigation and adaptation and its inclusion in CDP's Climate A List. However, the report lacks specific details on how the organization identifies, assesses, and manages climate-related risks and how these processes are integrated into its overall risk management. Therefore, the report only partially satisfies the given requirements.","The sustainability report provides some information on the metrics used to assess climate-related risks and opportunities. The report mentions the key metrics used to measure and manage climate-related risks and opportunities, including carbon emissions, energy use, waste, water, and environmentally sustainable procurement. However, the report lacks specific details on how these metrics help ensure that the performance is in line with its strategy and risk management process. The report also does not provide information on whether and how related performance metrics are incorporated into remuneration policies. While the report provides historical metrics, it does not provide forward-looking metrics for the cross-industry, consistent with their business or strategic planning time horizons. The report does not provide a description of the methodologies used to calculate or estimate climate-related metrics.","The sustainability report provides a detailed methodology for carbon emissions and energy usage calculations, and the organization discloses its Scope 1 and Scope 2 GHG emissions independent of a materiality assessment. However, the report does not provide a clear disclosure of Scope 3 GHG emissions and the related risks. The report does not provide GHG emissions and associated metrics for historical periods to allow for trend analysis. The report does not provide a description of the methodologies used to calculate or estimate the metrics. The report does not provide generally accepted industry-specific GHG efficiency ratios. The report does not provide a clear disclosure of the related risks and how they differ depending on the scope. Therefore, the report partially meets the requirements for high-quality disclosure pertaining to the critical element.","The sustainability report provides limited information on the targets used by the organization to manage climate-related risks and opportunities and performance against targets. The report mentions that the organization is evaluating science-based targets and has set a fiscal 2020 target of measuring and reporting the impact of their work with clients in key areas of sustainability. However, the report does not provide any specific details on the targets related to GHG emissions, water usage, energy usage, etc. The report does not mention whether the targets are absolute or intensity-based, time frames over which the target applies, base year from which progress is measured, or key performance indicators used to assess progress against targets. The report does not disclose associated interim targets in aggregate or by business line, where available. The report does not provide a description of the methodologies used to calculate targets and measures."
SCORE,0,0,0,0,20,0,60,60,60,60,20
