,"Company name: Jones Lang LaSalle Incorporated
Company sector: Real Estate Services
Company location: Global
Pages: 67","Company name: Jones Lang LaSalle Incorporated
Company sector: Real Estate Services
Company location: Global
Pages: 67","Company name: Jones Lang LaSalle Incorporated
Company sector: Real Estate Services
Company location: Global
Pages: 67","Company name: Jones Lang LaSalle Incorporated
Company sector: Real Estate Services
Company location: Global
Pages: 67","Company name: Jones Lang LaSalle Incorporated
Company sector: Real Estate Services
Company location: Global
Pages: 67","Company name: Jones Lang LaSalle Incorporated
Company sector: Real Estate Services
Company location: Global
Pages: 67","Company name: Jones Lang LaSalle Incorporated
Company sector: Real Estate Services
Company location: Global
Pages: 67","Company name: Jones Lang LaSalle Incorporated
Company sector: Real Estate Services
Company location: Global
Pages: 67","Company name: Jones Lang LaSalle Incorporated
Company sector: Real Estate Services
Company location: Global
Pages: 67","Company name: Jones Lang LaSalle Incorporated
Company sector: Real Estate Services
Company location: Global
Pages: 67","Company name: Jones Lang LaSalle Incorporated
Company sector: Real Estate Services
Company location: Global
Pages: 67"
,tcfd_1,tcfd_2,tcfd_3,tcfd_4,tcfd_5,tcfd_6,tcfd_7,tcfd_8,tcfd_9,tcfd_10,tcfd_11
ANSWER,"The company's Global Sustainability Board is responsible for aligning the sustainability interests of JLL with those of its clients, employees, and shareholders. The Board oversees the implementation of the Building a Better Tomorrow strategy through training, reporting, and guidance. The CEO and Chief HR Officer oversee all sustainability activities, and the Global Executive Board reviews different aspects of the sustainability agenda. However, there is no specific mention of the board's direct oversight of climate-related risks and opportunities.","JLL's enterprise risk management program considers sustainability since 2016. The Audit Committee discusses the most significant enterprise risks, including climate-related risks. JLL is committed to being part of the solution to climate change and fully supportive of the Paris Agreement. JLL conducts a global survey to gauge senior leaders' perspectives on CSR and sustainability drivers, risks, and opportunities. JLL produces sustainability thought leadership covering diverse topics. JLL follows a single set of values, supported by data analysis and a global network of Ethics Officers.","The sustainability report mentions climate change risks, environmental liabilities and regulations, air quality risks, and infrastructure disruptions as the most significant enterprise risks that JLL is currently facing. However, it does not clearly associate these risks with a horizon. The report also identifies opportunities related to energy efficiency, green building certifications, and sustainable procurement practices.","Jones Lang LaSalle recognizes climate-related risks and opportunities as a key consideration in its enterprise risk management program. However, the report lacks concrete data on how these risks and opportunities impact the organization's business strategy, economic and financial performance, and financial planning. The report contains cheap talks and lacks verifiable data to support its claims.","The report does not provide sufficient information to determine the resilience of JLL's strategy to different climate-related scenarios or physical risks. While the report mentions risks and opportunities related to climate change, it does not provide concrete data or specific actions taken to address these risks. Additionally, the report includes several cheap talks and vague statements that do not reflect the company's true intentions or future actions.","JLL uses a process that involves reviewing mandatory CSR and sustainability reporting legislation, reviewing peers in the real estate, professional services, and financial services sector, reviewing JLL's own corporate policies, conducting a global survey of senior leaders' perspectives on CSR and sustainability drivers, risks, and opportunities, and gauging client sustainability priorities to identify and assess climate-related risks.","JLL manages climate-related risks through its enterprise risk management program, which is governed by the Global Operating Board and coordinated with the Internal Audit function. The most significant enterprise risks are reported quarterly to the Audit Committee. JLL also uses third-party platforms to assess supply chain risks and has committed to being part of the solution to climate change through its participation in the Paris Agreement and other initiatives.","Sustainability has formed a key consideration of JLL’s enterprise risk management program since 2016, which is governed through their Global Operating Board  and coordinated with their Internal Audit function. Each quarter, the Audit Committee discusses the process that has been followed in order to establish an enterprise risk management report. This report reflects the most significant enterprise risks that JLL is currently facing, the efforts taken to mitigate the identified risks, and how their Internal Audit function proposes to align its activities with the identified risks. However, the report lacks specific details on how climate-related risks are integrated into the overall risk management process.","JLL uses a materiality review process to identify climate-related risks and opportunities. The process involves reviewing mandatory CSR and sustainability reporting legislation, reviewing peers in the real estate, professional services and financial services sector, reviewing JLL's own corporate policies, conducting a global survey of senior leaders' perspectives on CSR and sustainability drivers, risks, and opportunities, and analyzing client sustainability priorities. The identified sub-issues and metrics are prioritized under each pillar of the Building a Better Tomorrow strategy. The report does not provide information on how the metrics help ensure that the performance is in line with its strategy and risk management process.","Yes, Jones Lang LaSalle Incorporated discloses its Scope 1 and Scope 2 GHG emissions. Scope 3 emissions are partially or fully estimated. The gases included in the calculation are CO2, N2O, and CH4. The related risks are not disclosed in the report.",The report does not provide specific targets used to understand/quantify/benchmark climate-related risks and opportunities. The company only mentions that it has conducted a materiality review and has prioritized a list of sub-issues within JLL's strategic framework for sustainability. No information is provided on how the organization is performing against these targets.
SOURCES,"[73, 91, 314]","[59, 102, 55, 34, 48, 225, 60, 138, 101, 305, 232, 64, 93, 106, 51]","[59, 55, 101, 64, 56, 105]","[201, 225, 59, 101, 105, 60, 339, 130]","[201, 10, 30, 90]","[55, 58]","[59, 101, 58, 34]",[59],"[55, 56, 58, 59, 60, 305, 307]","[258, 259, 275, 307, 336, 341, 344, 347, 348, 349, 351]","[55, 58, 59, 64, 67, 100, 101, 225, 304, 305, 313, 314, 322, 341]"
PAGE,"[17, 51, 14]","[38, 7, 39, 10, 11, 13, 17, 18, 50, 19, 24]","[19, 18, 11, 13]","[35, 38, 11, 18, 19, 23, 57]","[16, 35, 4, 6]",[11],"[18, 11, 7]",[11],"[50, 11]","[43, 45, 50, 57, 58, 59, 60]","[38, 11, 13, 18, 50, 51, 53, 57]"
ANALYSIS,"The disclosure provided by the company does not meet the requirements for describing the board's oversight of climate-related risks and opportunities. The report does not provide any information on the processes and frequency by which the board and/or board committees are informed about climate-related issues. There is no discussion on whether the board and/or board committees consider climate-related issues when reviewing and guiding strategy, major plans of action, risk management policies, annual budgets, and business plans. The report does not provide any information on how the board monitors and oversees progress against goals and targets for addressing climate-related issues. The report only provides general information on sustainability governance and risk management, which is not sufficient to meet the requirements for this critical element.","The disclosure provided by the company is insufficient to meet the requirements for this critical element. The report does not provide any information on whether the organization has assigned climate-related responsibilities to management-level positions or committees, nor does it describe the associated organizational structure. The report does not provide any information on how management is informed about climate-related issues or how management monitors climate-related issues. While the report mentions that sustainability has formed a key consideration of JLL's enterprise risk management program, it does not provide any specific information on management's role in assessing and managing climate-related risks and opportunities. Therefore, the report does not meet the requirements for high-quality disclosure pertaining to this critical element.","The disclosure provided by the organization is insufficient to meet the requirements for high-quality disclosure pertaining to the critical element of identifying climate-related risks and opportunities over the short, medium, and long term. The report does not provide a clear description of the relevant time horizons, specific climate-related issues, or the process used to determine which risks and opportunities could have a material financial impact on the organization. The report does not provide a sector or geography-wise description of risks and opportunities. The report provides some information on sustainability governance and enterprise risk management, but it is not sufficient to meet the requirements. The report provides some information on stakeholder engagement, but it is not clear how it relates to identifying climate-related risks and opportunities.","The disclosure provided in the sustainability report is insufficient to meet the requirements for high-quality disclosure pertaining to the critical element of how climate-related risks and opportunities impact the organization's business strategy, economic and financial performance, and financial planning. The report does not provide any specific information on how climate-related risks and opportunities have affected the organization's businesses, strategy, and financial planning. There is no mention of the impact of climate-related issues on the organization's financial performance and financial position. The report does not describe how climate-related issues serve as an input to the organization's financial planning process, the time period used, and how these risks and opportunities are prioritized. The report does not describe the organization's plans for transitioning to a low-carbon economy.","The given disclosure does not provide sufficient information to evaluate the resilience of the organization's strategy to climate-related risks and opportunities. The report does not discuss how the organization's strategy might change to address potential risks and opportunities, the potential impact of climate-related issues on financial performance and position, or the climate-related scenarios and associated time horizon considered. The report only mentions climate-related risks and opportunities in passing and does not provide any specific details. Therefore, the report does not meet the TCFD guidelines for high-quality disclosure pertaining to the TCFD recommendation point.","The sustainability report provides some information on the organization's processes for identifying and assessing climate-related risks. It mentions that sustainability has been a key consideration of JLL's enterprise risk management program since 2016 and that they have reviewed mandatory CSR and sustainability reporting legislation, their own corporate policies, and conducted a global survey to gauge senior leaders' perspectives on CSR and sustainability drivers, risks, and opportunities. However, the report lacks specific details on how the organization determines the relative significance of climate-related risks in relation to other risks, whether they consider existing and emerging regulatory requirements related to climate change, and the processes for assessing the potential size and scope of identified climate-related risks. The report also does not provide definitions of risk terminology used or references to existing risk classification frameworks used.","The disclosure provides some information on how JLL manages climate-related risks. It mentions that sustainability has been a key consideration of JLL's enterprise risk management program since 2016 and that the program is governed through their GOB and coordinated with their Internal Audit function. However, the disclosure lacks specific details on how JLL makes decisions to mitigate, transfer, accept, or control climate-related risks. It also does not describe their processes for prioritizing climate-related risks or how materiality determinations are made within their organization. Overall, the disclosure provides some information on how JLL manages climate-related risks, but it lacks specific details on key aspects of their processes.","The sustainability report provides some information on how climate-related risks are integrated into the organization's overall risk management. The report mentions that sustainability has been a key consideration of JLL's enterprise risk management program since 2016 and that the program is governed through their Global Operating Board and coordinated with their Internal Audit function. However, the report lacks specific details on the processes for identifying, assessing, and managing climate-related risks. The report mentions that they reviewed mandatory CSR and sustainability reporting legislation, reviewed their peers in the real estate, professional services, and financial services sector, and conducted a global survey with responses from over 300 JLL Directors. However, the report does not provide specific details on how these processes are integrated into their overall risk management.","The sustainability report provides limited information on the metrics used to assess climate-related risks and opportunities. While the report mentions that sustainability has been a key consideration of JLL's enterprise risk management program since 2016, it does not provide specific metrics used to measure and manage climate-related risks and opportunities. The report also lacks information on whether and how related performance metrics are incorporated into remuneration policies. Additionally, the report does not provide internal carbon prices or climate-related opportunity metrics such as revenue from products and services designed for a low-carbon economy. While the report mentions that a global survey was conducted to gauge senior leaders' perspectives on CSR and sustainability drivers, risks, and opportunities, it does not provide a description of the methodologies used to calculate or estimate climate-related metrics. Overall, the report does not meet most of the TCFD guidelines.","The disclosure provides some information on Scope 1 and Scope 2 GHG emissions, but it is unclear whether the organization has disclosed Scope 3 GHG emissions. The disclosure does not provide any information on the related risks. The methodology used to calculate GHG emissions is not clearly described, and there is no information on generally accepted industry-specific GHG efficiency ratios. The disclosure provides GHG emissions data for historical periods, but it is not clear whether the data is complete. Overall, the disclosure partially meets some of the requirements, but it lacks specificity and detail, and it does not meet several of the requirements.","The sustainability report provides some information on the targets used by JLL to manage climate-related risks and opportunities. The report mentions that sustainability has formed a key consideration of JLL's enterprise risk management program since 2016. However, the report lacks specific details on the targets used by the organization to manage climate-related risks and opportunities and performance against these targets. The report does not provide information on whether the targets are absolute or intensity-based, time frames over which the target applies, base year from which progress is measured, and key performance indicators used to assess progress against targets. The report also does not provide a description of the methodologies used to calculate targets and measures. As a result, the report's disclosure quality on this critical element is low."
SCORE,0,20,20,0,0,50,60,60,20,40,30
