,"Company name: Hasbro, Inc.
Company sector: Toy and Game Manufacturing
Company location: Rhode Island, USA
Pages: 113","Company name: Hasbro, Inc.
Company sector: Toy and Game Manufacturing
Company location: Rhode Island, USA
Pages: 113","Company name: Hasbro, Inc.
Company sector: Toy and Game Manufacturing
Company location: Rhode Island, USA
Pages: 113","Company name: Hasbro, Inc.
Company sector: Toy and Game Manufacturing
Company location: Rhode Island, USA
Pages: 113","Company name: Hasbro, Inc.
Company sector: Toy and Game Manufacturing
Company location: Rhode Island, USA
Pages: 113","Company name: Hasbro, Inc.
Company sector: Toy and Game Manufacturing
Company location: Rhode Island, USA
Pages: 113","Company name: Hasbro, Inc.
Company sector: Toy and Game Manufacturing
Company location: Rhode Island, USA
Pages: 113","Company name: Hasbro, Inc.
Company sector: Toy and Game Manufacturing
Company location: Rhode Island, USA
Pages: 113","Company name: Hasbro, Inc.
Company sector: Toy and Game Manufacturing
Company location: Rhode Island, USA
Pages: 113","Company name: Hasbro, Inc.
Company sector: Toy and Game Manufacturing
Company location: Rhode Island, USA
Pages: 113","Company name: Hasbro, Inc.
Company sector: Toy and Game Manufacturing
Company location: Rhode Island, USA
Pages: 113"
,tcfd_1,tcfd_2,tcfd_3,tcfd_4,tcfd_5,tcfd_6,tcfd_7,tcfd_8,tcfd_9,tcfd_10,tcfd_11
ANSWER,"The Nominating, Governance and Social Responsibility Committee of the board oversees climate-related risks and opportunities. The CSR Committee, chaired by the CEO, oversees all policies and initiatives related to CSR, including climate change and environmental sustainability. The president leads the Sustainability Leadership Committee, which is a decision-making body for management process. The board reviews the CSR report, and senior management reviews the reports on environmental sustainability and climate change.","The Nominating, Governance and Social Responsibility Committee of the board has oversight for climate-related risks and efforts to manage risks to the company. The CSR Committee, chaired by the CEO, oversees all policies and initiatives related to CSR, including climate change and environmental sustainability. The president leads the Sustainability Leadership Committee, which is a decision-making body for climate change and environmental sustainability issues across the company's global operations, supply chain, and products and packaging.","Hasbro has identified climate change as a potential risk to its business, including higher energy costs and supply chain disruptions due to extreme weather events. The company aims to reduce its greenhouse gas emissions and energy use, and achieve 100% renewable energy and carbon neutrality globally by the end of 2017. However, the report lacks specific information on the short, medium, and long-term climate-related risks and opportunities, and whether risks are associated with a horizon.","Hasbro acknowledges potential physical and financial consequences of climate change on its business, including higher energy costs and supply chain disruptions. The company aims to reduce energy use and achieve 100% renewable energy and carbon neutrality globally by the end of 2017. However, the report lacks concrete data on the financial impact of climate-related risks and opportunities on the company's strategy and performance.",The report does not provide specific information on the resilience of Hasbro's strategy in different climate-related scenarios or physical risks. The report only mentions the potential consequences of climate change on the business and the company's efforts to reduce energy use. There are no quantifiable data or concrete actions to verify the company's commitment to climate resilience.,"The Nominating, Governance and Social Responsibility Committee has oversight for the risks and efforts to manage risks to the company in those areas. The company engaged an independent consultancy and used the GRI G4 reporting principles for materiality and stakeholder engagement to guide them through the process of identifying and prioritizing the economic, environmental and social issues most important to their business and stakeholders. They researched and evaluated an extensive list of economic, environmental and social issues that are potentially material to their business and the toy sector. They are aware of potential physical and financial consequences of climate change on their business and strive to reduce energy use across their business. They have identified and manage environmental risks, comply with all applicable laws and regulations, and establish environmental goals, KPIs and minimum standards for all offices and distribution centers.","Hasbro aims to minimize its contribution to GHG emissions by reducing energy use across its business and increasing renewable energy use. The Nominating, Governance and Social Responsibility Committee and the CSR Committee oversee the management of climate-related risks. Hasbro has set environmental goals, KPIs, and minimum standards for all offices and distribution centers to minimize water discharges, GHG and other air emissions, and waste disposal. The company also conducts energy assessments every three years at its office and warehouse facilities to improve energy efficiency.","The Nominating, Governance and Social Responsibility Committee has oversight for climate-related risks and efforts to manage risks to the company in those areas. The CSR Committee oversees all policies and initiatives related to CSR, including climate change and environmental sustainability. The executive CSR Committee sets strategic direction for CSR policies and initiatives, including climate change and environmental sustainability, and ensures their integration throughout the entire global organization.","Hasbro's Nominating, Governance and Social Responsibility Committee oversees risks and efforts to manage risks related to social and environmental issues, including climate change. The CSR Committee, chaired by the CEO, sets strategic direction for CSR policies and initiatives, including climate change and environmental sustainability. Hasbro aims to achieve 100% renewable energy and carbon neutrality globally by the end of 2017. However, the report lacks specific metrics used to assess climate-related risks and opportunities.","Yes, Hasbro discloses its Scope 1, Scope 2, and Scope 3 greenhouse gas emissions. The report provides specific figures for direct and indirect emissions. The related risks include higher energy costs and more frequent extreme weather events that disrupt product supply chains. However, the report lacks detailed information on the risks and their potential impact on the company's operations, revenue, or expenditure.","Hasbro's sustainability report does not provide specific targets for understanding/quantifying/benchmarking climate-related risks and opportunities. However, the report states that the company is committed to achieving 100% renewable energy and carbon neutrality globally by the end of 2017. It is unclear from the report whether the company has achieved this target or not."
SOURCES,"[149, 91, 68, 72]","[91, 149, 69]","[56, 91, 105, 533, 512]","[105, 191, 533, 68, 528, 91, 149, 57, 419, 65, 61, 209]","[191, 105, 533, 528, 56, 148, 209, 213, 512, 57, 176, 369, 65, 91, 68, 149]","[91, 56, 57, 533, 533, 191, 149, 403, 187, 60, 68, 192, 58, 171, 59, 148, 512, 258, 514]","[91, 191, 187, 149, 68, 258, 190, 497]","[56, 68, 149, 403, 522, 533]","[91, 68]","[192, 191, 187, 171, 56, 537, 465, 515]","[148, 105, 533, 91, 68, 187, 191, 149, 88, 192, 463, 171, 512]"
PAGE,"[16, 20, 31]","[16, 20, 31]","[101, 105, 14, 20, 22]","[39, 104, 105, 42, 14, 78, 16, 15, 20, 22, 31]","[101, 37, 39, 104, 105, 42, 70, 14, 15, 16, 20, 22, 31]","[36, 101, 38, 39, 105, 76, 14, 16, 49, 20, 31]","[99, 38, 39, 16, 49, 20, 31]","[103, 105, 76, 14, 16, 31]","[16, 20]","[36, 38, 39, 102, 106, 14, 90]","[36, 101, 38, 39, 105, 16, 19, 20, 22, 89, 31]"
ANALYSIS,"The disclosure provides some information on the board's oversight of climate-related risks and opportunities. It mentions that the Nominating, Governance and Social Responsibility Committee of the board has oversight for risks and efforts to manage risks related to social and environmental issues, including climate change. The CSR Committee, chaired by the CEO, oversees all policies and initiatives related to CSR, including climate change and environmental sustainability. However, the disclosure lacks specific details on the processes and frequency by which the board and/or board committees are informed about climate-related issues, and whether the board and/or board committees consider climate-related issues when reviewing and guiding strategy, major plans of action, risk management policies, annual budgets, and business plans. The disclosure also does not provide information on how the board monitors and oversees progress against goals and targets for addressing climate-related issues.","The disclosure provides some information on management's role in assessing and managing climate-related risks and opportunities. It mentions that the Nominating, Governance and Social Responsibility Committee has oversight for the risks and efforts to manage risks to the company in those areas. The CSR Committee oversees all policies and initiatives related to CSR, including climate change and environmental sustainability. The disclosure also mentions that the president leads the Sustainability Leadership Committee, which is a decision-making body for environmental sustainability and climate change. However, the disclosure lacks specific details on the organizational structure, processes by which management is informed about climate-related issues, and how management monitors climate-related issues. Therefore, the disclosure partially meets the requirements, and the score is 60.","The sustainability report provides limited information on the most relevant climate-related risks and opportunities that the organization has identified over the short, medium, and long term. While the report mentions potential physical and financial consequences of climate change on the business, it does not provide a clear description of specific climate-related issues that could have a material financial impact on the organization. The report also lacks a description of the process used to determine which risks and opportunities could have a material financial impact on the organization. The report does not provide a description of risks and opportunities by sector and/or geography. Overall, the report does not meet the requirements for high-quality disclosure pertaining to the critical element.","The sustainability report by Hasbro provides limited information on how climate-related risks and opportunities impact the organization's businesses strategy, economic and financial performance, and financial planning. The report mentions that the company is aware of the potential physical and financial consequences of climate change on its business, but it does not provide any specific details on how identified climate-related issues have affected its businesses, strategy, and financial planning. The report does not describe the impact of climate-related issues on its financial performance and financial position. The report does not describe the organization's plans for transitioning to a low-carbon economy. Overall, the report lacks specific details and does not provide a holistic picture of the interdependencies among the factors that affect the company's ability to create value over time.","The sustainability report provides limited information on the resilience of the organization's strategy to climate-related risks and opportunities. The report mentions potential physical and financial consequences of climate change on the business, but does not provide specific details on how the organization's strategy would change to address such risks and opportunities. The report also does not discuss the potential impact of climate-related issues on financial performance and the climate-related scenarios considered. While the report mentions environmental sustainability and climate change as top priorities, it does not provide a comprehensive analysis of the organization's resilience to climate-related risks and opportunities.","The report provides some information on the organization's processes for identifying and assessing climate-related risks. It mentions that the Nominating, Governance and Social Responsibility Committee has oversight for the risks and efforts to manage risks to the company in those areas. However, the report lacks specific details on how the organization determines the relative significance of climate-related risks in relation to other risks. The report also does not disclose the processes for assessing the potential size and scope of identified climate-related risks and definitions of risk terminology used or references to existing risk classification frameworks used. The report mentions that the organization considers existing and emerging regulatory requirements related to climate change, but it does not provide any specific details. Overall, the disclosure is insufficient to meet the TCFD guidelines.","The disclosure provides some information on how the organization manages climate-related risks. It mentions that the Nominating, Governance and Social Responsibility Committee has oversight for the risks and efforts to manage risks to the company in those areas. The company is aware of potential physical and financial consequences of climate change on its business and strives to reduce energy use across its business. However, the disclosure lacks specific details on how the organization makes decisions to mitigate, transfer, accept, or control those risks and how materiality determinations are made within the organization. The disclosure also lacks information on how the organization prioritizes climate-related risks. Overall, the disclosure is insufficient to meet the TCFD guidelines.","The disclosure provides some information on how the processes for identifying, assessing, and managing climate-related risks are integrated into the organization's overall risk management. The Nominating, Governance and Social Responsibility Committee has oversight for the risks and efforts to manage risks to the company in those areas. The disclosure also mentions that the CSR Committee oversees all policies and initiatives related to CSR, including climate change and environmental sustainability. However, the disclosure lacks specific details on how the processes are integrated into the overall risk management. The disclosure also does not provide information on the frequency of the highest governance body's review of economic, environmental, and social impacts, risks, and opportunities. Overall, the disclosure partially meets the requirements, but lacks specific details.","The sustainability report provides limited information on the metrics used to assess climate-related risks and opportunities. The report mentions the company's commitment to achieving 100% renewable energy and carbon neutrality globally by the end of 2017, and the progress made in cutting greenhouse gas emissions, energy, water, and waste in owned and operated facilities. However, the report does not provide specific metrics or methodologies used to calculate or estimate climate-related metrics. The report does not mention whether and how related performance metrics are incorporated into remuneration policies. The report does not provide forward-looking metrics for the cross-industry, consistent with their business or strategic planning time horizons. Overall, the report lacks the necessary components for high-quality disclosure pertaining to the critical element.","The report partially meets the requirements for disclosing Scope 1, Scope 2, and Scope 3 GHG emissions. The report provides GHG emissions for Scope 1 and Scope 2, but it is unclear if the Scope 3 emissions are material. The report does not provide a description of the methodologies used to calculate or estimate the metrics. The report does not provide GHG efficiency ratios. The report provides GHG emissions for historical periods, but it is unclear if the data is complete. The report does not provide information on the related risks. The report does not state if the GHG emissions are calculated in line with the GHG Protocol methodology.","The sustainability report provides some information on the targets used by the organization to manage climate-related risks and opportunities and performance against targets. The report mentions that the organization is committed to achieving 100% renewable energy and carbon neutrality globally by the end of 2017. However, the report lacks specific details on the targets such as whether they are absolute or intensity-based, time frames over which the target applies, base year from which progress is measured, and key performance indicators used to assess progress against targets. The report also does not disclose associated interim targets in aggregate or by business line, where available. Overall, the report provides limited information on the targets used by the organization to manage climate-related risks and opportunities and performance against targets."
SCORE,60,60,20,20,30,40,40,60,30,50,40
