,"Company name: Constellium
Company sector: Transportation, industry and defense
Company location: Amsterdam, The Netherlands
Pages: 66","Company name: Constellium
Company sector: Transportation, industry and defense
Company location: Amsterdam, The Netherlands
Pages: 66","Company name: Constellium
Company sector: Transportation, industry and defense
Company location: Amsterdam, The Netherlands
Pages: 66","Company name: Constellium
Company sector: Transportation, industry and defense
Company location: Amsterdam, The Netherlands
Pages: 66","Company name: Constellium
Company sector: Transportation, industry and defense
Company location: Amsterdam, The Netherlands
Pages: 66","Company name: Constellium
Company sector: Transportation, industry and defense
Company location: Amsterdam, The Netherlands
Pages: 66","Company name: Constellium
Company sector: Transportation, industry and defense
Company location: Amsterdam, The Netherlands
Pages: 66","Company name: Constellium
Company sector: Transportation, industry and defense
Company location: Amsterdam, The Netherlands
Pages: 66","Company name: Constellium
Company sector: Transportation, industry and defense
Company location: Amsterdam, The Netherlands
Pages: 66","Company name: Constellium
Company sector: Transportation, industry and defense
Company location: Amsterdam, The Netherlands
Pages: 66","Company name: Constellium
Company sector: Transportation, industry and defense
Company location: Amsterdam, The Netherlands
Pages: 66"
,tcfd_1,tcfd_2,tcfd_3,tcfd_4,tcfd_5,tcfd_6,tcfd_7,tcfd_8,tcfd_9,tcfd_10,tcfd_11
ANSWER,"The report does not provide specific information on how the board oversees climate-related risks and opportunities. However, it mentions that the board supervises the policy on the selection criteria and appointment procedures for senior management, considers questions of possible conflicts of interest of board members and senior executives, and conducts timely succession planning for the CEO .","The sustainability report does not provide a clear description of the role of management in assessing and managing climate-related risks and opportunities. The report only mentions that the company is aware of the financial implications, risks, and opportunities for its activities due to climate change, but it is difficult to quantify its impact. There is no evidence of concrete actions taken by management to address climate risks and opportunities.","Constellium has identified several climate-related risks and opportunities, including availability of water, climate change regulation, weather events, and regional climate trends affecting sales. However, the report lacks specificity on the short, medium, and long-term horizon of these risks. The company also mentions opportunities related to lightweight and recyclable products, but it is unclear how it plans to capitalize on them. The report acknowledges the difficulty in quantifying the impact of climate change on the company's activities.","Constellium identifies climate-related risks such as water availability, climate regulation, and weather events that could impact its operations and supply chain. However, the report lacks concrete data on the financial implications of climate change on the company's activities. The report highlights opportunities related to climate change, such as new technology and products that are lightweight and recyclable, but it is unclear how the company plans to capitalize on these opportunities. The report also mentions the company's participation in the European Union Emission Trading Scheme  since 2013, but it is unclear how this participation has impacted the company's financial performance.","Constellium's sustainability report does not provide sufficient information to determine the resilience of the organization's strategy to different climate-related scenarios or physical risks. The report mentions possible scenarios that could create financial risks for the business, but does not provide concrete data or plans to address these risks. The report also acknowledges the difficulty in quantifying the impact of climate change on the organization's activities. Therefore, it is unclear how resilient the organization's strategy is in these scenarios.","Constellium identifies climate-related risks such as availability of water, additional regulation to mitigate climate change, serious weather events causing damage to operations and supply chain, and climate warming/cooling trends in different regions positively or negatively affecting the sales of finished products. However, the report states that it is difficult to quantify the financial implications, risks, and opportunities for the organization's activities due to climate change. No specific processes for identifying and assessing climate-related risks are mentioned.","Constellium identifies climate-related risks such as availability of water, additional regulation to mitigate climate change, serious weather events causing damage to operations and supply chain, and climate warming/cooling trends. However, the report lacks concrete actions and strategies implemented to manage these risks.","The report mentions possible climate-related risks, but it is unclear how they are integrated into the overall risk management. The company has participated in the EU Emission Trading Scheme since 2013, but there is no information on how this is integrated into the risk management process. The report states that it is difficult to quantify the financial implications of climate change. There is no clear evidence of integration of climate-related risks into the overall risk management process.",Constellium does not provide specific metrics used to assess climate-related risks and opportunities. The report only mentions possible scenarios that could create financial risks for the business due to climate change. The report does not provide information on how the metrics help ensure that the performance is in line with its strategy and risk management process.,"Yes, Constellium discloses its Scope 1 and Scope 2 GHG emissions, but it does not disclose its Scope 3 emissions. The report states that the company is working on defining an emissions reduction target and developing a suitable plan to achieve it. The related risks are not specified in the report.","Constellium has a long track record of monitoring GHG emissions and is working on defining an emissions reduction target. The company has sustainability targets aligned with its materiality assessment, but no specific targets were mentioned in the report. The report mentions possible climate-related risks, but no quantifiable targets were provided to benchmark them."
SOURCES,"[88, 350, 85]","[350, 351]","[209, 219, 232, 243, 274, 298, 313, 319, 327, 343, 344, 346, 350, 351, 352, 367]","[350, 351, 352]","[209, 313, 319, 327, 343, 346, 350, 351]","[350, 351]",[351],"[350, 351]","[350, 351]","[294, 328, 298, 358, 357, 299, 219]","[294, 346, 351]"
PAGE,"[16, 60]",[60],"[33, 35, 37, 39, 43, 47, 51, 53, 55, 59, 60, 62]",[60],"[33, 51, 53, 55, 59, 60]",[60],[60],[60],[60],"[56, 35, 61, 47]","[59, 60, 47]"
ANALYSIS,"The sustainability report does not provide sufficient information on how the company's board oversees climate-related risks and opportunities. The report does not discuss the processes and frequency by which the board and/or board committees are informed about climate-related issues. There is no information on whether the board and/or board committees consider climate-related issues when reviewing and guiding strategy, major plans of action, risk management policies, annual budgets, and business plans. The report does not provide any information on how the board monitors and oversees progress against goals and targets for addressing climate-related issues. Overall, the report lacks the necessary components for high-quality disclosure pertaining to the critical element of how the company's board oversees climate-related risks and opportunities.","The sustainability report does not provide sufficient information on management's role in assessing and managing climate-related risks and opportunities. The report does not mention whether the organization has assigned climate-related responsibilities to management-level positions or committees, nor does it describe the associated organizational structure. The report does not provide information on processes by which management is informed about climate-related issues, nor does it describe how management monitors climate-related issues. The only relevant information provided is that the organization is a participant in the European Union Emission Trading Scheme  and that there are possible scenarios that could create financial risks for the business due to climate change. However, this information is not sufficient to meet the requirements for high-quality disclosure on this critical element.","The sustainability report provides some information on climate-related risks and opportunities, but it does not meet the TCFD guidelines for high-quality disclosure. The report does not provide a clear description of the relevant short-, medium-, and long-term time horizons, nor does it describe the specific climate-related issues that could have a material financial impact on the organization. The report also does not provide a description of the process used to determine which risks and opportunities could have a material financial impact on the organization. While the report mentions some possible scenarios that could create financial risks for the business, it does not provide sufficient detail to meet the TCFD guidelines.","The sustainability report provides limited information on how climate-related risks and opportunities impact the organization's businesses strategy, economic and financial performance, and financial planning. The report mentions some possible scenarios that could create financial risks for the business, but it does not provide any specific details on how climate-related issues have affected their businesses, strategy, and financial planning. The report does not describe how climate-related issues serve as an input to their financial planning process, the time period used, and how these risks and opportunities are prioritized. The report does not describe the impact of climate-related issues on their financial performance and financial position. The report does not describe their plans for transitioning to a low-carbon economy.","The sustainability report provides limited information on the resilience of the organization's strategy to climate-related risks and opportunities. The report mentions some possible scenarios that could create financial risks for the business, such as availability of water, additional regulation to mitigate climate change, and serious weather events causing damage to operations and supply chain. However, the report does not provide any information on how the organization's strategies might change to address such potential risks and opportunities, the potential impact of climate-related issues on financial performance and financial position, or the climate-related scenarios and associated time horizon considered. Therefore, the report does not meet most of the TCFD guidelines.","The sustainability report provides limited information on the organization's processes for identifying and assessing climate-related risks. The report mentions some possible scenarios that could create financial risks for the business, but it does not describe the risk management processes for identifying and assessing climate-related risks. The report does not provide any information on how the organization determines the relative significance of climate-related risks in relation to other risks. The report does not disclose whether the organization considers existing and emerging regulatory requirements related to climate change. The report does not provide any information on the processes for assessing the potential size and scope of identified climate-related risks or definitions of risk terminology used or references to existing risk classification frameworks used.","The sustainability report provides limited information on how the organization manages climate-related risks. The report mentions possible scenarios that could create financial risks for the business, but it does not describe the organization's processes for managing climate-related risks or how materiality determinations are made. The report also states that due to the uncertainty of the effects of climate change, it is difficult to quantify its impact. The report does not provide any information on how the organization prioritizes climate-related risks. Overall, the disclosure is insufficient to meet the requirements for high-quality disclosure pertaining to the critical element of how the organization manages climate-related risks.","The disclosure provided in the sustainability report is insufficient to meet the requirements for high-quality disclosure pertaining to the critical element of how processes for identifying, assessing, and managing climate-related risks are integrated into the organization's overall risk management. The report does not provide any specific details on how the organization integrates climate-related risks into its overall risk management. The report only mentions possible scenarios that could create financial risks for the business, such as availability of water, additional regulation to mitigate climate change, serious weather events causing damage to operations and supply chain, and climate warming/cooling trends in different regions positively or negatively affecting the sales of finished products in particular beverage cans. The report does not provide any information on how the organization identifies, assesses, and manages these risks.","The sustainability report provides limited information on the metrics used to assess climate-related risks and opportunities. The report only mentions the possible scenarios that could create financial risks for the business, including climate change regulation and weather events. The report does not provide any specific metrics or methodologies used to measure and manage climate-related risks and opportunities. The report does not provide any information on whether and how related performance metrics are incorporated into remuneration policies. The report does not provide any internal carbon prices or climate-related opportunity metrics. The report does not provide any forward-looking metrics for the cross-industry. Overall, the report does not meet the majority of the TCFD guidelines.","The sustainability report provides some information on the organization's Scope 1 and Scope 2 GHG emissions, but it does not disclose its Scope 3 GHG emissions. The report does not provide any information on the related risks. The report does not mention the GHG Protocol methodology or provide any industry-specific GHG efficiency ratios. The report does not provide historical data on GHG emissions. The report does not describe the methodologies used to calculate or estimate the metrics. Overall, the report does not meet most of the TCFD guidelines for high-quality disclosure pertaining to the TCFD recommendation point.","The sustainability report provides limited information on the targets used by the organization to manage climate-related risks and opportunities and performance against targets. The report mentions that the organization is working on defining an emissions reduction target and developing a suitable plan to achieve it. However, it does not provide any specific details on the target such as whether it is absolute or intensity-based, time frames over which the target applies, base year from which progress is measured, and key performance indicators used to assess progress against targets. The report also does not disclose any other climate-related targets such as those related to water usage, energy usage, etc. Overall, the disclosure quality on this critical element is poor."
SCORE,0,10,20,10,20,10,20,0,20,20,20
