,"Company name: Alcoa Corporation
Company sector: Mining and Metals
Company location: New York City, USA
Pages: 81","Company name: Alcoa Corporation
Company sector: Mining and Metals
Company location: New York City, USA
Pages: 81","Company name: Alcoa Corporation
Company sector: Mining and Metals
Company location: New York City, USA
Pages: 81","Company name: Alcoa Corporation
Company sector: Mining and Metals
Company location: New York City, USA
Pages: 81","Company name: Alcoa Corporation
Company sector: Mining and Metals
Company location: New York City, USA
Pages: 81","Company name: Alcoa Corporation
Company sector: Mining and Metals
Company location: New York City, USA
Pages: 81","Company name: Alcoa Corporation
Company sector: Mining and Metals
Company location: New York City, USA
Pages: 81","Company name: Alcoa Corporation
Company sector: Mining and Metals
Company location: New York City, USA
Pages: 81","Company name: Alcoa Corporation
Company sector: Mining and Metals
Company location: New York City, USA
Pages: 81","Company name: Alcoa Corporation
Company sector: Mining and Metals
Company location: New York City, USA
Pages: 81","Company name: Alcoa Corporation
Company sector: Mining and Metals
Company location: New York City, USA
Pages: 81"
,tcfd_1,tcfd_2,tcfd_3,tcfd_4,tcfd_5,tcfd_6,tcfd_7,tcfd_8,tcfd_9,tcfd_10,tcfd_11
ANSWER,"Alcoa Corporation's Board of Directors maintains oversight of the company's risk management, including climate-related risks and opportunities. However, the board does not have an active role in the development of the sustainability report. Senior leaders are responsible for the report's content.","Alcoa's management assesses and manages climate-related risks and opportunities by identifying, evaluating, and prioritizing risks based on likelihood and impact. The Alcoa Board of Directors oversees the risk management process. Alcoa participates in carbon markets and conducts a global water-risk survey. However, the report lacks concrete data and relies on vague statements, including cheap talks.","Alcoa Corporation has identified risks and opportunities related to climate change, including financial implications, greenhouse gas emissions, freshwater use, and employee safety. The company has set sustainability targets for emissions, energy, and freshwater use. However, the report lacks concrete data and relies on vague statements, and it is unclear whether risks are associated with a specific horizon.","Alcoa Corporation acknowledges the risks and opportunities related to climate change, including financial implications. The company has set sustainability targets, including a reduction in carbon dioxide emissions, and ties up to 20% of its annual variable compensation plan to achieving these targets. However, the report lacks concrete data on the company's progress towards these targets and relies on cheap talks and vague statements.","The report does not provide sufficient information to determine the resilience of Alcoa Corporation's strategy when considering different climate-related scenarios, including a 2°C target or lower scenario. However, the report mentions that the company is participating in carbon markets in Europe and Canada and will draw from this experience as other initiatives are introduced around the world. The report also states that securing low-cost, low-impact, and long-term energy is a focal point of the company's energy strategy, and it aims to reduce energy intensity by 10% by 2020. The report does not provide any information on the resilience of the company's strategy when considering climate physical risks.","Alcoa Corporation uses a multi-dimensional process to identify and evaluate a broad spectrum of risks, including climate-related risks. The process is structured around the Integrated Framework for Enterprise Risk Management and ISO 31000. The identified risks are grouped into risk areas and presented to management to determine how they should be prioritized. However, the report lacks specific details on the processes used to identify and assess climate-related risks.","Alcoa Corporation manages climate-related risks by participating in carbon markets, using ISO 31000 risk management process, and identifying risks based on business drivers and organizational goals. They also conduct a global water-risk survey, reduce freshwater use, and implement a third-party supplier due-diligence program. The company has set sustainability targets for reducing greenhouse gas emissions, energy intensity, and freshwater-use intensity. They engage with organizations to advocate for climate change prevention and resilience. However, the report lacks concrete data on the effectiveness of these actions.","The report mentions that the company uses a risk-management process to identify and evaluate a broad spectrum of risks, including climate-related risks. The identified risks are grouped into risk areas and presented to management to determine how they should be prioritized. The report does not provide specific information on how climate-related risks are integrated into the organization's overall risk management.",Alcoa Corporation uses metrics such as financial implications and other risks and opportunities due to climate change to assess climate-related risks and opportunities. These metrics help ensure that the performance is in line with its strategy and risk management process.,"Alcoa Corporation discloses its Scope 1 and 2 GHG emissions, but only reports six of the fifteen categories of Scope 3 emissions. The company's total Scope 3 emissions in 2016 were 4.5 million metric tons of CO2e. The related risks are not specified in the report.","Alcoa Corporation has set strategic sustainability targets for carbon dioxide equivalent emissions intensity, energy intensity, and freshwater-use intensity. The targets aim to achieve a 30% reduction in carbon dioxide equivalent emissions intensity and a 10% reduction in energy intensity by 2020, and a 35% reduction in carbon dioxide equivalent emissions intensity and a 15% reduction in energy intensity by 2030. The company achieved a 36.9% reduction in carbon dioxide equivalent emissions intensity and a 4.6% reduction in energy intensity in 2016. No information was provided on freshwater-use intensity targets or performance."
SOURCES,"['102-32', '102-33', '102-30', '102-31', '102-29', '102-18', '102-19', '102-20']","[32, 56, 61, 62, 63, 361, 387, 400, 403]","[63, 400, 34, 69, 58, 10, 215, 394]","[62, 400, 63, 56, 34, 160, 32, 220, 387, 71, 61, 58, 69, 241, 239, 68]","[34, 400, 69, 387, 56, 270, 160, 239, 33, 220, 63, 32, 47, 68, 60]","[61, 62, 63]","[56, 61, 62, 63, 215, 220, 241, 246, 34, 135, 308, 323, 400, 430]","[14, 61, 62]",[400],"[229, 427, 69, 434, 432, 70]","[34, 33]"
PAGE,[],"[68, 6, 71, 72, 12, 13, 62]","[2, 70, 7, 71, 39, 12, 13, 14]","[68, 6, 7, 71, 40, 12, 13, 14, 44, 30]","[68, 6, 71, 7, 40, 11, 12, 44, 14, 13, 49, 30]",[13],"[39, 40, 7, 71, 12, 13, 44, 77, 55, 58, 27]","[3, 13]",[71],"[78, 43, 77, 14]",[7]
ANALYSIS,"The disclosure provides some information on the board's oversight of climate-related risks and opportunities. It mentions that the board reviews impacts, risks, and opportunities at regularly scheduled meetings and maintains oversight of risk management. However, the disclosure lacks specific details on how the board considers climate-related issues when reviewing and guiding strategy, major plans of action, risk management policies, annual budgets, and business plans. It also does not provide information on how the board monitors and oversees progress against goals and targets for addressing climate-related issues. Overall, the disclosure is insufficient in meeting the requirements for high-quality disclosure pertaining to the critical element of how the company's board oversees climate-related risks and opportunities.","The disclosure provides some information on management's role in assessing and managing climate-related risks and opportunities. It mentions that the Alcoa Board of Directors maintains oversight of risk management and that the identified risks are presented to management to determine how they should be prioritized. However, the disclosure lacks specific details on whether the organization has assigned climate-related responsibilities to management-level positions or committees, the associated organizational structure, processes by which management is informed about climate-related issues, and how management monitors climate-related issues. Therefore, the disclosure is insufficient to meet the TCFD guidelines outlined for this TCFD recommendation point.","The given disclosure does not meet the requirements for high-quality disclosure pertaining to the critical element. The report does not provide a clear description of the relevant short-, medium-, and long-term time horizons, nor does it identify specific climate-related issues that could have a material financial impact on the organization. The report does not provide a clear description of the process used to determine which risks and opportunities could have a material financial impact on the organization. The report does not provide a description of risks and opportunities by sector and/or geography. While the report mentions risks and opportunities related to climate change, it does not provide sufficient details to meet the requirements for high-quality disclosure.","The sustainability report provides limited information on how climate-related risks and opportunities impact the organization's businesses strategy, economic and financial performance, and financial planning. The report mentions identified risks and opportunities due to climate change, but it does not provide a comprehensive discussion of how these issues have affected the organization's businesses, strategy, and financial planning. The report does not describe how climate-related issues serve as an input to their financial planning process, the time period used, and how these risks and opportunities are prioritized. The report does not describe the impact of climate-related issues on their financial performance and financial position. The report does not describe their plans for transitioning to a low-carbon economy.","The sustainability report does not provide sufficient information to evaluate the resilience of the organization's strategy to climate-related risks and opportunities. The report does not discuss how the organization's strategy might change to address potential risks and opportunities, the potential impact of climate-related issues on financial performance and financial position, or the climate-related scenarios and associated time horizon considered. The report only provides information on the organization's sustainability targets and performance against those targets. Therefore, the report does not meet the TCFD guidelines for high-quality disclosure pertaining to the TCFD recommendation point.","The report provides a detailed description of the organization's risk management processes for identifying and assessing climate-related risks. It describes how the organization determines the relative significance of climate-related risks in relation to other risks and considers existing and emerging regulatory requirements related to climate change. The report also discloses the processes for assessing the potential size and scope of identified climate-related risks and definitions of risk terminology used. However, the report does not reference any existing risk classification frameworks used. Overall, the report provides a comprehensive disclosure of the organization's processes for identifying and assessing climate-related risks, meeting most of the requirements outlined.","The report provides some information on how the organization manages climate-related risks. It describes the risk management process and how risks are identified, evaluated, and prioritized. However, the report lacks specific details on how the organization makes decisions to mitigate, transfer, accept, or control those risks. It also does not provide information on how materiality determinations are made within the organization. The report mentions the organization's participation in carbon markets and its efforts to reduce greenhouse gas emissions, but it does not provide specific details on how it manages climate-related risks. Overall, the disclosure provides some information on the organization's processes for managing climate-related risks, but it lacks specific details and does not fully meet the requirements.","The report provides a detailed description of the organization's risk management process, which is structured around the Integrated Framework for Enterprise Risk Management and ISO 31000. The report also describes how the identified risks are grouped into risk areas and presented to management to determine how they should be prioritized. However, the report does not provide specific details on how the processes for identifying, assessing, and managing climate-related risks are integrated into the organization's overall risk management. The report mentions that the identified risks include climate change, but it does not provide specific details on how these risks are integrated into the overall risk management process. Therefore, the report partially meets the requirements for high-quality disclosure pertaining to the critical element.","The sustainability report provides limited information on the metrics used to assess climate-related risks and opportunities. While the report mentions some metrics, such as greenhouse gas emissions intensity and energy intensity, it does not provide a comprehensive list of metrics used to measure and manage climate-related risks and opportunities. The report also lacks information on how these metrics help ensure that the performance is in line with its strategy and risk management process. The report does not provide information on whether and how related performance metrics are incorporated into remuneration policies. Overall, the report does not meet most of the TCFD guidelines for high-quality disclosure pertaining to the TCFD recommendation point.","The report provides a detailed disclosure of Scope 1 and Scope 2 GHG emissions, but the disclosure of Scope 3 emissions is limited to a few categories. The report does not provide a clear description of the related risks associated with GHG emissions. The report does not mention the use of generally accepted industry-specific GHG efficiency ratios. The report provides a description of the methodologies used to calculate or estimate the metrics. However, the report does not provide GHG emissions for historical periods to allow for trend analysis. The report calculates GHG emissions in line with the GHG Protocol methodology. Overall, the report partially meets the requirements for high-quality disclosure pertaining to the critical element.","The sustainability report provides some information on the organization's targets to manage climate-related risks and opportunities and performance against targets. The report includes targets related to GHG emissions, energy intensity, and freshwater-use intensity, along with baseline, target, and performance data. However, the report lacks details on the methodologies used to calculate targets and measures, and does not provide information on associated interim targets. The report also fails to describe key performance indicators used to assess progress against targets. Overall, the report partially meets the requirements for high-quality disclosure pertaining to the critical element."
SCORE,40,40,20,20,0,90,60,70,30,60,60
