,"Company name: IBM
Company sector: Technology
Company location: Armonk NY 10504
Pages: 104","Company name: IBM
Company sector: Technology
Company location: Armonk NY 10504
Pages: 104","Company name: IBM
Company sector: Technology
Company location: Armonk NY 10504
Pages: 104","Company name: IBM
Company sector: Technology
Company location: Armonk NY 10504
Pages: 104","Company name: IBM
Company sector: Technology
Company location: Armonk NY 10504
Pages: 104","Company name: IBM
Company sector: Technology
Company location: Armonk NY 10504
Pages: 104","Company name: IBM
Company sector: Technology
Company location: Armonk NY 10504
Pages: 104","Company name: IBM
Company sector: Technology
Company location: Armonk NY 10504
Pages: 104","Company name: IBM
Company sector: Technology
Company location: Armonk NY 10504
Pages: 104","Company name: IBM
Company sector: Technology
Company location: Armonk NY 10504
Pages: 104","Company name: IBM
Company sector: Technology
Company location: Armonk NY 10504
Pages: 104"
,tcfd_1,tcfd_2,tcfd_3,tcfd_4,tcfd_5,tcfd_6,tcfd_7,tcfd_8,tcfd_9,tcfd_10,tcfd_11
ANSWER,"The board of directors oversees the company's enterprise risk management framework, program, and associated processes, including climate-related risks. The audit committee of the board of directors periodically reviews and interacts with the leadership team on risk management. Risk is also an element of the executive compensation program.","IBM's senior management is responsible for assessing and managing the company's exposures to climate-related risks and opportunities. They have established an Enterprise Risk Management  Executive Council to identify, evaluate, and manage enterprise-level risks, including periodic reviews and interaction with the audit committee of the Board of Directors. IBM is committed to addressing climate change through energy conservation and climate protection programs.","IBM has identified climate change as a significant risk and opportunity. However, the report lacks specific information on the most relevant climate-related risks and opportunities over the short, medium, and long term. The report mentions IBM's commitment to reducing GHG emissions and doing business with environmentally responsible suppliers, but these are cheap talks without concrete data to support them.","IBM executes a five-part strategy to reduce GHG emissions related to its operations. The company recognizes climate change as a serious concern and has a long-standing global commitment to address it. However, the report lacks concrete data on the impact of climate-related risks and opportunities on the company's strategy, economic and financial performance, and financial planning.","IBM's sustainability report does not provide sufficient information to determine the resilience of the organization's strategy when considering different climate-related scenarios, including a 2°C target or lower scenario. However, the report highlights IBM's long-standing commitment to climate protection and its five-part strategy to reduce GHG emissions related to its operations. The report also mentions IBM's focus on energy conservation and climate protection, including designing energy-efficient products and providing services and solutions that help clients reduce their own energy use and climate impacts.","IBM identifies, evaluates, and manages enterprise-level risks through periodic reviews and interaction with the audit committee of the Board of Directors. They also conduct in-depth discussions with leading consultants on emerging risks and benchmark with other leading organizations to provide insights to good practice and emerging risks. IBM applies technology, tools, and analytics to support risk management and has a strong culture of risk awareness, identification, analysis, and mitigation.","IBM manages climate-related risks through its Enterprise Risk Management  framework, which assesses potential strategic, financial, operational, regulatory, and other risks to the business. The ERM Executive Council meets regularly to improve risk management across the enterprise. IBM executes a five-part strategy to reduce GHG emissions related to its operations, including designing, building, updating, and operating facilities, purchasing electricity from renewable sources, requiring suppliers to maintain an environmental management system, managing business travel, and increasing logistics efficiency.","IBM has a consistent, systemic, and integrated approach to risk management that aligns with industry standards and good practices. The company's risk management framework is most effective when it provides transparency, facilitates communication and monitoring of risks, and demonstrates success in mitigating enterprise-level risks. However, the report lacks specific information on how climate-related risks are integrated into the overall risk management process.","IBM uses a series of metrics to measure their corporate responsibility efforts every year, but the report does not provide specific metrics used to assess climate-related risks and opportunities. The report mentions that IBM applies technology, tools, and analytics to support risk management, and that they evaluate their ERM practices to measure the effectiveness of their risk management program.","IBM discloses its Scope 1 and Scope 2 GHG emissions, but does not assert the specific amount of Scope 3 GHG emissions associated with its value chain. The related risks are not explicitly stated in the report.","The report does not provide specific targets used by IBM to understand/quantify/benchmark climate-related risks and opportunities, nor does it provide information on the organization's performance against such targets."
SOURCES,[726],"[723, 727, 728, 729, 730, 734, 735, 320, 419]","[50, 180, 723, 726, 320, 419, 732, 27, 3, 733, 51, 736, 731]","[29, 50, 321, 723, 320, 322, 319]","[321, 320, 323]","[726, 736, 729, 730, 734, 723, 728, 732]","[50, 723, 727, 319, 322, 730]","[724, 728, 729, 732, 734, 735]","[50, 729, 102, 732, 735]","[420, 425, 428, 403, 422, 329, 411, 412, 410, 407, 419, 424, 565, 409]","[50, 732, 294, 734, 735, 723, 729, 736, 285, 81, 587, 565, 321, 180, 420, 609, 422]"
PAGE,[100],"[59, 100, 101, 47]","[1, 100, 101, 5, 8, 47, 59, 28]","[8, 100, 6, 47]",[47],"[100, 101]","[8, 100, 47]","[100, 101]","[8, 16, 100, 101]","[77, 48, 57, 58, 59, 60]","[100, 101, 8, 43, 44, 13, 77, 47, 60, 81, 85, 59, 28]"
ANALYSIS,"The given disclosure does not provide sufficient information to evaluate the board's oversight of climate-related risks and opportunities. While the report mentions the audit committee of the Board of Directors, it does not provide any details on how the board is informed about climate-related issues, whether climate-related issues are considered when reviewing and guiding strategy, risk management policies, and business plans, and how the board monitors and oversees progress against goals and targets for addressing climate-related issues. The report does not meet any of the requirements for high-quality disclosure pertaining to the critical element of how the company's board oversees climate-related risks and opportunities.","The given disclosure does not provide sufficient information to assess management's role in assessing and managing climate-related risks and opportunities. While the report mentions the existence of an Enterprise Risk Management  Executive Council and periodic reviews with the audit committee of the Board of Directors, it does not provide any details on the responsibilities of these entities or how they assess and manage climate-related issues. The report also lacks information on whether climate-related responsibilities have been assigned to management-level positions or committees, the associated organizational structure, and how management is informed about climate-related issues. As a result, the disclosure does not meet the majority of the requirements outlined for this critical element.","The given disclosure does not meet the requirements for high-quality disclosure pertaining to the critical element. The disclosure does not provide a clear description of the relevant short-, medium-, and long-term time horizons, nor does it describe the specific climate-related issues potentially arising in each time horizon that could have a material financial impact on the organization. The disclosure also does not provide a clear description of the process used to determine which risks and opportunities could have a material financial impact on the organization. While the disclosure mentions climate change and IBM's commitment to addressing it, it does not provide sufficient information to meet the requirements for high-quality disclosure.","The given disclosure does not satisfy the requirements for high-quality disclosure pertaining to the critical element. The disclosure does not provide a clear description of how climate-related risks and opportunities impact the organization's businesses strategy, economic and financial performance, and financial planning. The disclosure does not discuss how identified climate-related issues have affected their businesses, strategy, and financial planning. The disclosure does not describe the impact of climate-related issues on their financial performance and financial position. The disclosure does not describe how climate-related issues serve as an input to their financial planning process, the time period used, and how these risks and opportunities are prioritized. The disclosure does not describe the organization's plans for transitioning to a low-carbon economy.","The sustainability report provides limited information on the resilience of IBM's strategy to climate-related risks and opportunities. While the report mentions IBM's commitment to climate protection and outlines a five-part strategy to reduce GHG emissions, it does not provide a detailed discussion of how the strategy would change to address potential risks and opportunities. The report also does not discuss the potential impact of climate-related issues on financial performance and position. While the report mentions climate-related scenarios, it does not provide details on the scenarios considered. Overall, the report does not meet the TCFD guidelines for high-quality disclosure on the TCFD recommendation point.","The disclosure provides some information on the organization's processes for identifying and assessing climate-related risks. It mentions that IBM considers and assesses potential strategic, financial, operational, regulatory and other risks to its business, which could be driven by various factors, such as where it does business, how it does business and the nature of its offerings. However, the disclosure lacks specific details on how IBM determines the relative significance of climate-related risks in relation to other risks, and whether it considers existing and emerging regulatory requirements related to climate change. Additionally, the disclosure does not provide information on the processes for assessing the potential size and scope of identified climate-related risks and definitions of risk terminology used or references to existing risk classification frameworks used.","The disclosure provides some information on how IBM manages climate-related risks. It mentions that the company identifies, evaluates, and manages enterprise-level risks, including climate-related risks, and that risk is an element of the executive compensation program. However, the disclosure lacks specific details on how the company makes decisions to mitigate, transfer, accept, or control climate-related risks. It also does not describe the company's processes for prioritizing climate-related risks or how materiality determinations are made within the organization. Overall, the disclosure provides a limited understanding of how IBM manages climate-related risks.","The report provides a comprehensive description of IBM's approach to risk management, including how climate-related risks are integrated into the organization's overall risk management. The report describes the company's risk management framework, which aligns with industry standards and good practices, and how it is used to identify, manage, and mitigate significant risks throughout the company. The report also describes how IBM addresses emerging risks and benchmarks its risk management practices against other leading organizations. However, the report lacks specific details on how the company identifies, assesses, and manages climate-related risks and how these risks are integrated into the overall risk management process.","The given disclosure does not provide sufficient information to evaluate the organization's metrics used to assess climate-related risks and opportunities. The report does not provide any specific metrics or key performance indicators  used to measure and manage climate-related risks and opportunities. The report does not provide any information on whether and how related performance metrics are incorporated into remuneration policies. The report does not provide any information on internal carbon prices or climate-related opportunity metrics. The report does not provide any forward-looking metrics for the cross-industry, consistent with their business or strategic planning time horizons. The report does not provide a description of the methodologies used to calculate or estimate climate-related metrics.","The report provides some information on IBM's Scope 1 and Scope 2 GHG emissions, but it does not disclose its Scope 3 GHG emissions. The report does not provide a description of the methodologies used to calculate or estimate the metrics. The report does not provide GHG efficiency ratios. The report does not provide GHG emissions for historical periods to allow for trend analysis. The report does not provide GHG emissions independent of a materiality assessment. The report does not provide a detailed discussion of the related risks. The report does not provide generally accepted industry-specific GHG efficiency ratios. The report does not consider disclosing Scope 3 GHG emissions. The report does not calculate GHG emissions in line with the GHG Protocol methodology to allow for aggregation and comparability across organizations and jurisdictions.","The given disclosure does not provide sufficient information to evaluate the organization's targets for managing climate-related risks and opportunities. The report does not describe any specific targets related to GHG emissions, water usage, energy usage, or other relevant areas. The report does not provide information on whether the targets are absolute or intensity-based, time frames over which the target applies, base year from which progress is measured, or key performance indicators used to assess progress against targets. The report does not disclose associated interim targets in aggregate or by business line, where available. The methodologies used to calculate targets and measures are not described. Overall, the disclosure does not meet the requirements for high-quality disclosure pertaining to the critical element."
SCORE,0,20,10,0,30,60,50,80,0,20,0
