,"Company name: AngloGold Ashanti
Company sector: Gold mining
Company location: Headquartered in Johannesburg, South Africa, with operations and projects in nine countries
Pages: 116","Company name: AngloGold Ashanti
Company sector: Gold mining
Company location: Headquartered in Johannesburg, South Africa, with operations and projects in nine countries
Pages: 116","Company name: AngloGold Ashanti
Company sector: Gold mining
Company location: Headquartered in Johannesburg, South Africa, with operations and projects in nine countries
Pages: 116","Company name: AngloGold Ashanti
Company sector: Gold mining
Company location: Headquartered in Johannesburg, South Africa, with operations and projects in nine countries
Pages: 116","Company name: AngloGold Ashanti
Company sector: Gold mining
Company location: Headquartered in Johannesburg, South Africa, with operations and projects in nine countries
Pages: 116","Company name: AngloGold Ashanti
Company sector: Gold mining
Company location: Headquartered in Johannesburg, South Africa, with operations and projects in nine countries
Pages: 116","Company name: AngloGold Ashanti
Company sector: Gold mining
Company location: Headquartered in Johannesburg, South Africa, with operations and projects in nine countries
Pages: 116","Company name: AngloGold Ashanti
Company sector: Gold mining
Company location: Headquartered in Johannesburg, South Africa, with operations and projects in nine countries
Pages: 116","Company name: AngloGold Ashanti
Company sector: Gold mining
Company location: Headquartered in Johannesburg, South Africa, with operations and projects in nine countries
Pages: 116","Company name: AngloGold Ashanti
Company sector: Gold mining
Company location: Headquartered in Johannesburg, South Africa, with operations and projects in nine countries
Pages: 116","Company name: AngloGold Ashanti
Company sector: Gold mining
Company location: Headquartered in Johannesburg, South Africa, with operations and projects in nine countries
Pages: 116"
,tcfd_1,tcfd_2,tcfd_3,tcfd_4,tcfd_5,tcfd_6,tcfd_7,tcfd_8,tcfd_9,tcfd_10,tcfd_11
ANSWER,"The sustainability report does not provide specific information on how the company's board oversees climate-related risks and opportunities. However, the report mentions that the board is dedicated to formalizing policies and frameworks to enable more sustainable solutions, and the company participates in the Carbon Disclosure Project  and submits a comprehensive report to the CDP annually, which discusses financial implications and opportunities due to climate change in detail.",AngloGold Ashanti considers climate change as a challenge and opportunity that influences business-planning processes. The company uses the BowTie Risk Analyses tool to supplement the risk management approaches of its ISO14001 Environmental Management Systems. The company participates in the Carbon Disclosure Project  and submits a comprehensive report to the CDP annually. Financial implications and opportunities due to climate change are discussed in detail there.,"AngloGold Ashanti identifies regulatory responses to climate change as a challenge and opportunity. The report does not provide a clear identification of climate-related risks and opportunities over the short, medium, and long term, nor are risks associated with a horizon. The report mentions the company's efforts to manage material sustainable development risks and opportunities, but it lacks concrete data to support these claims. The report also mentions the company's focus on establishing higher order ambitions beyond 2017, which will consider and include the United Nations Sustainable Development Goals.","Climate change poses challenges and opportunities to AngloGold Ashanti and consideration of these factors influences business-planning processes. Regulatory responses to climate change in the form of carbon taxes and budgeting as well as emissions reporting are increasingly being considered in the jurisdictions in which we operate. However, the report lacks concrete data on the financial implications and opportunities due to climate change and how they impact the organization's business strategy, economic and financial performance, and financial planning.","The report does not provide sufficient information to determine the resilience of AngloGold Ashanti's strategy in different climate-related scenarios or against climate physical risks. The report only mentions that climate change poses challenges and opportunities to the company, and that regulatory responses to climate change are being considered in the jurisdictions in which they operate. However, there is no concrete information on the company's strategy or actions to address these risks.","The report does not provide specific information on the processes used by AngloGold Ashanti to identify and assess climate-related risks. However, the report mentions that the company conducts annual assessments of safety standards, complete baseline risk assessments, and uses the BowTie Risk Analyses tool to supplement the risk management approaches of its ISO14001 Environmental Management Systems. The report also acknowledges that climate change poses challenges and opportunities to the company, influencing its business-planning processes.","AngloGold Ashanti manages climate-related risks by supplementing their ISO14001 Environmental Management Systems with the BowTie Risk Analyses tool to assess the effectiveness of their risk prevention and mitigation controls. They also consider regulatory responses to climate change in their business-planning processes and participate in the Carbon Disclosure Project. In the event of exceeding emission thresholds, they will address it through carbon credits, which may have a financial implication. However, the report lacks concrete actions and strategies to manage climate-related risks.","The report does not provide sufficient information on how the processes for identifying, assessing, and managing climate-related risks are integrated into the organization's overall risk management.","The report does not provide specific metrics used by AngloGold Ashanti to assess climate-related risks and opportunities. However, it mentions that consideration of these factors influences business-planning processes, and financial implications and opportunities due to climate change are discussed in detail in the Carbon Disclosure Project  report submitted annually by the company. The report does not provide information on how these metrics help ensure that the performance is in line with its strategy and risk management process.","AngloGold Ashanti discloses its GHG emissions intensity  for its operations in Argentina, Australia, Brazil, Ghana, Guinea, Mali, and Namibia. However, the report does not provide any data on the total GHG emissions for the company or its Scope 1, 2, and 3 emissions. The report does not provide any specific risks related to GHG emissions.","The report does not provide specific targets used by AngloGold Ashanti to understand/quantify/benchmark climate-related risks and opportunities. However, the report acknowledges that climate change poses challenges and opportunities to the company and that they participate in the Carbon Disclosure Project  and submit a comprehensive report to the CDP annually. The report does not provide information on how the organization is performing against these targets."
SOURCES,"[47, 511, 43, 336]","[507, 251, 100]","[507, 32, 367, 420, 69, 146, 147, 73, 97, 23, 45, 141, 362, 401, 511, 423, 7]",[507],"[32, 73, 85, 94, 103, 134, 147, 367, 420, 432, 437, 507, 517, 587, 596]","[133, 251, 507]","[251, 507, 510, 32, 511, 155, 141, 282]","[251, 178, 507, 97, 85, 119, 367, 147, 32, 126, 84, 135, 28, 603, 371, 69]","[507, 587]","[273, 557]","[420, 507, 32]"
PAGE,"[53, 10, 11, 77]","[41, 19, 77]","[3, 7, 8, 11, 77, 14, 60, 19, 56, 27, 28, 62, 63]",[77],"[64, 99, 103, 8, 77, 14, 78, 17, 18, 20, 56, 25, 28, 62]","[25, 77, 41]","[8, 41, 77, 45, 27, 29]","[32, 7, 8, 41, 105, 77, 14, 17, 19, 23, 56, 24, 26, 28, 57]","[99, 77]","[91, 43]","[8, 77, 62]"
ANALYSIS,"The disclosure provided by AngloGold Ashanti is insufficient to meet the requirements for high-quality disclosure on how the company's board oversees climate-related risks and opportunities. The report does not provide any information on the processes and frequency by which the board and/or board committees are informed about climate-related issues. There is no discussion on whether the board and/or board committees consider climate-related issues when reviewing and guiding strategy, major plans of action, risk management policies, annual budgets, and business plans. The report does not provide any information on how the board monitors and oversees progress against goals and targets for addressing climate-related issues. The report only provides general information on financial implications and opportunities due to climate change and the company's participation in the Carbon Disclosure Project.","The sustainability report provides limited information on management's role in assessing and managing climate-related risks and opportunities. The report does not mention whether the organization has assigned climate-related responsibilities to management-level positions or committees, nor does it describe the associated organizational structure. The report briefly mentions processes by which management is informed about climate-related issues, but it does not provide any details on how management monitors climate-related issues. Overall, the report lacks specific information on management's role in assessing and managing climate-related risks and opportunities, and therefore, it does not meet the TCFD guidelines.","The sustainability report provides limited information on the climate-related risks and opportunities that the organization has identified over the short, medium, and long term. The report does not provide a clear description of the relevant time horizons, specific climate-related issues, or the process used to determine which risks and opportunities could have a material financial impact on the organization. The report mentions regulatory responses to climate change and the challenges and opportunities posed by climate change, but does not provide any specific details. The report also does not consider providing a description of risks and opportunities by sector and/or geography. Overall, the disclosure is insufficient to meet the TCFD guidelines.","The given disclosure provides limited information on how climate-related risks and opportunities impact the organization's business strategy, economic and financial performance, and financial planning. The report mentions that regulatory responses to climate change are being considered in the jurisdictions in which the company operates, but it does not provide any specific details on how climate-related issues have affected their businesses, strategy, and financial planning. The report also lacks information on how climate-related issues serve as an input to their financial planning process, the time period used, and how these risks and opportunities are prioritized. Overall, the disclosure does not meet most of the TCFD guidelines outlined for this TCFD recommendation point.","The sustainability report provides limited information on the resilience of the organization's strategy to climate-related risks and opportunities. The report mentions that climate change poses challenges and opportunities to the organization, and regulatory responses to climate change are being considered. However, there is no discussion on how the organization's strategy might change to address potential risks and opportunities, the potential impact of climate-related issues on financial performance and position, or the climate-related scenarios considered. The report does not meet the TCFD guidelines for this TCFD recommendation point.","The given disclosure does not provide sufficient information on the organization's processes for identifying and assessing climate-related risks. While the report mentions the consideration of regulatory responses to climate change, it does not describe the risk management processes for identifying and assessing climate-related risks. The report does not disclose the processes for assessing the potential size and scope of identified climate-related risks, definitions of risk terminology used, or references to existing risk classification frameworks used. Therefore, the report fails to meet the majority of the TCFD guidelines outlined for high-quality disclosure pertaining to the TCFD recommendation point.","The disclosure provides some information on how the organization manages climate-related risks. It mentions the use of the BowTie Risk Analyses tool to supplement the risk management approaches and the consideration of regulatory responses to climate change. However, it lacks specific details on how the organization makes decisions to mitigate, transfer, accept, or control those risks and how materiality determinations are made within the organization. The disclosure also does not provide information on how the organization prioritizes climate-related risks. Overall, the disclosure partially meets the TCFD guidelines for high-quality disclosure pertaining to the TCFD recommendation point.","The given disclosure provides some information on how the organization integrates processes for identifying, assessing, and managing climate-related risks into its overall risk management. The report mentions the adoption of the BowTie Risk Analyses tool to supplement the risk management approaches of the ISO14001 Environmental Management Systems. However, the disclosure lacks specific details on how the tool is used to assess the effectiveness of risk prevention and mitigation controls, define new controls, and identify those controls that are not effective. The report also mentions the consideration of regulatory responses to climate change in the jurisdictions in which the organization operates. Overall, the disclosure provides some information but lacks specific details to fully satisfy the requirements.","The sustainability report does not provide sufficient information on the metrics used by the organization to assess climate-related risks and opportunities. The report only briefly mentions the financial implications and opportunities due to climate change and regulatory responses to climate change. There is no mention of key metrics used to measure and manage climate-related risks and opportunities, metrics consistent with the cross-industry, metrics on climate-related risks associated with water, energy, land use, and waste management, internal carbon prices, or climate-related opportunity metrics. The report does not provide historical or forward-looking metrics for the cross-industry, nor does it describe the methodologies used to calculate or estimate climate-related metrics. As a result, the report scores 0 on this critical element.","The sustainability report does not provide sufficient information to evaluate the organization's disclosure of Scope 1, Scope 2, and Scope 3 greenhouse gas  emissions. The report does not provide GHG emissions data for historical periods, nor does it describe the methodologies used to calculate or estimate the metrics. The report does not provide information on the related risks and how they differ depending on the scope. The report mentions the Carbon Disclosure Project  and the financial implications and opportunities due to climate change, but it does not provide specific details on the organization's GHG emissions. Overall, the report fails to meet the majority of the TCFD guidelines for high-quality disclosure pertaining to the TCFD recommendation point.","The given disclosure does not provide any information on the targets used by the organization to manage climate-related risks and opportunities and performance against targets. The report only briefly mentions the financial implications and opportunities due to climate change and regulatory responses to climate change. The report does not describe any key climate-related targets, whether they are absolute or intensity-based, time frames over which the target applies, base year from which progress is measured, or key performance indicators used to assess progress against targets. The report does not provide any description of the methodologies used to calculate targets and measures. Therefore, the report does not meet any of the requirements for high-quality disclosure pertaining to the critical element."
SCORE,10,20,20,20,20,20,50,60,0,10,0
