,"Company name: Global Payments
Company sector: Software & IT Services
Company location: Headquartered in Georgia with approximately 25,000 team members worldwide, spanning over 170 countries throughout North America, Europe, Asia Pacific and Latin America.
Pages: 84","Company name: Global Payments
Company sector: Software & IT Services
Company location: Headquartered in Georgia with approximately 25,000 team members worldwide, spanning over 170 countries throughout North America, Europe, Asia Pacific and Latin America.
Pages: 84","Company name: Global Payments
Company sector: Software & IT Services
Company location: Headquartered in Georgia with approximately 25,000 team members worldwide, spanning over 170 countries throughout North America, Europe, Asia Pacific and Latin America.
Pages: 84","Company name: Global Payments
Company sector: Software & IT Services
Company location: Headquartered in Georgia with approximately 25,000 team members worldwide, spanning over 170 countries throughout North America, Europe, Asia Pacific and Latin America.
Pages: 84","Company name: Global Payments
Company sector: Software & IT Services
Company location: Headquartered in Georgia with approximately 25,000 team members worldwide, spanning over 170 countries throughout North America, Europe, Asia Pacific and Latin America.
Pages: 84","Company name: Global Payments
Company sector: Software & IT Services
Company location: Headquartered in Georgia with approximately 25,000 team members worldwide, spanning over 170 countries throughout North America, Europe, Asia Pacific and Latin America.
Pages: 84","Company name: Global Payments
Company sector: Software & IT Services
Company location: Headquartered in Georgia with approximately 25,000 team members worldwide, spanning over 170 countries throughout North America, Europe, Asia Pacific and Latin America.
Pages: 84","Company name: Global Payments
Company sector: Software & IT Services
Company location: Headquartered in Georgia with approximately 25,000 team members worldwide, spanning over 170 countries throughout North America, Europe, Asia Pacific and Latin America.
Pages: 84","Company name: Global Payments
Company sector: Software & IT Services
Company location: Headquartered in Georgia with approximately 25,000 team members worldwide, spanning over 170 countries throughout North America, Europe, Asia Pacific and Latin America.
Pages: 84","Company name: Global Payments
Company sector: Software & IT Services
Company location: Headquartered in Georgia with approximately 25,000 team members worldwide, spanning over 170 countries throughout North America, Europe, Asia Pacific and Latin America.
Pages: 84","Company name: Global Payments
Company sector: Software & IT Services
Company location: Headquartered in Georgia with approximately 25,000 team members worldwide, spanning over 170 countries throughout North America, Europe, Asia Pacific and Latin America.
Pages: 84"
,tcfd_1,tcfd_2,tcfd_3,tcfd_4,tcfd_5,tcfd_6,tcfd_7,tcfd_8,tcfd_9,tcfd_10,tcfd_11
ANSWER,"Global Payments' board engages directly with management to set high-level policy and reviews existing risk management processes annually. The board receives regular reports on risk management activities from each committee chair while relying on each of its four standing committees to provide more in-depth oversight of specific key risk exposures. However, the report lacks concrete information on the board's specific actions and policies regarding climate-related risks and opportunities.","Global Payments' sustainability report describes the board's oversight of climate-related risks and opportunities, and management's role in assessing and managing them. The report also outlines the organization's processes for identifying, assessing, and managing climate-related risks, and how they are integrated into the overall risk management. The report discloses metrics and targets used to assess climate-related risks and opportunities, and the company's plan to reduce its carbon footprint. However, the report lacks concrete data and specific actions to support its claims.","Global Payments has identified climate-related risks and opportunities over the short, medium, and long term, but the report does not provide specific details on what they are. The report mentions that the company has partnered with VitalMetrics to set a baseline for GHG emissions and develop a decarbonization strategy, but it is unclear if the company has set any concrete targets to manage climate-related risks and opportunities. The report also mentions the adoption of TCFD disclosures, but it is unclear how the company is integrating climate-related risks and opportunities into its overall risk management process.","Global Payments has identified climate-related risks and opportunities in its short, medium, and long-term strategy. The company has adopted the TCFD recommendations and discloses its alignment with CDP. However, the report lacks concrete data on the metrics and targets used to assess climate-related risks and opportunities, and the reduction strategy is yet to be developed.","Global Payments' sustainability report does not provide sufficient information to evaluate the resilience of the organization's strategy in different climate-related scenarios or physical risks. While the report mentions the organization's focus on incorporating climate-related risks and opportunities into its strategy and operational initiatives, it lacks specific metrics, targets, or actions to support this claim. Additionally, the report does not provide any information on the organization's identification or management of climate-related risks.","Global Payments' sustainability report does not provide specific information on the processes used to identify and assess climate-related risks. However, the report mentions that the company has adopted the Task Force on Climate-Related Financial Disclosures  recommendations and discloses metrics and targets related to climate risks and opportunities. The report also highlights the company's focus on reducing its carbon footprint and engaging with suppliers to identify joint sustainability priorities.","Global Payments has established a management risk committee responsible for identifying, assessing, prioritizing, and developing action plans to mitigate key risks. The board engages directly with management to set high-level policy and reviews existing risk management processes. The company is creating a plan to reduce its carbon footprint, incorporating climate-related risks and opportunities into its strategy and operational initiatives. It has partnered with VitalMetrics to set a baseline for GHG emissions and develop a decarbonization strategy. Global Payments supports TCFD's recommendations and reports environmental disclosures through CDP.","Global Payments' sustainability report provides limited information on how the processes for identifying, assessing, and managing climate-related risks are integrated into the organization's overall risk management. The report mentions the establishment of a management risk committee responsible for identifying, assessing, prioritizing, and developing action plans to mitigate key risks, but it does not provide specific details on how climate-related risks are integrated into this process. The report also mentions the adoption of TCFD recommendations and the disclosure of metrics and targets related to climate-related risks, but it does not provide concrete data on the company's performance against these targets.","Global Payments discloses the metrics used to assess climate-related risks and opportunities in line with its strategy and risk-management process. The company also describes the targets used to manage climate-related risks and opportunities. However, there is no information on how these metrics help ensure that the performance is in line with its strategy and risk management process. The report also mentions the impact of climate-related risks and opportunities on the organization's business, strategy, and financial planning. The company has established a comprehensive GHG emissions baseline to identify the largest sources of emissions and develop a reduction strategy that includes short- and long-term Science Based Targets. The report also mentions the adoption of TCFD disclosures. However, there is no information on the processes for identifying, assessing, and managing climate-related risks or the board's oversight of climate-related risks and opportunities.","Global Payments discloses its Scope 1 and Scope 2 GHG emissions, but there is no information on Scope 3 emissions. The report provides specific figures on GHG emissions by facility type and scope. However, there is no mention of related risks specific to GHG emissions.","Global Payments discloses metrics and targets to assess climate-related risks and opportunities, including Scope 1, Scope 2, and Scope 3 GHG emissions. The company has established a comprehensive GHG emissions baseline and plans to develop short- and long-term Science Based Targets. However, the report lacks specific information on the targets used to manage climate-related risks and opportunities."
SOURCES,"[455, 456, 373, 359, 361, 374, 367, 368, 458]","[455, 456, 457, 453, 372, 373, 376, 70, 221, 218, 222, 458, 71, 428]","[455, 355, 398]","[70, 455, 456, 457, 453, 458, 221, 176, 41]","[456, 457, 455, 70, 221, 453, 458, 222, 94, 376, 50, 389, 220, 443, 72, 231, 243, 406]","[70, 432, 221, 222, 376]","[372, 455, 456, 457, 458, 70, 221, 219, 220, 223, 243, 406, 453]","[456, 457, 455, 70, 372, 373, 380]","[457, 456, 70, 455, 443, 220, 376, 458, 372, 372, 221, 406, 243]","[231, 456]","[457, 456, 455, 458]"
PAGE,"[66, 67, 68, 69, 81]","[69, 42, 43, 76, 15, 80, 81]","[65, 81, 72]","[34, 9, 43, 15, 80, 81]","[69, 71, 73, 10, 43, 45, 15, 80, 81, 79, 47, 20]","[43, 76, 69, 15]","[69, 73, 43, 47, 15, 81, 80]","[81, 69, 70, 15]","[69, 73, 43, 79, 15, 81, 47]","[81, 45]",[81]
ANALYSIS,"The sustainability report provides some information on the board's oversight of climate-related risks and opportunities. It mentions that the board engages with management to set high-level policy and reviews risk management processes. However, the report lacks specific details on the processes and frequency by which the board is informed about climate-related issues, whether the board considers climate-related issues when reviewing and guiding strategy, and how the board monitors and oversees progress against goals and targets for addressing climate-related issues. The report does not provide any information on the metrics used by the organization to assess climate-related risks and opportunities. Overall, the disclosure is insufficient in meeting the TCFD guidelines for high-quality disclosure pertaining to the TCFD recommendation point.","The sustainability report provides some information on management's role in assessing and managing climate-related risks and opportunities. It mentions that the organization has established a management risk committee responsible for identifying, assessing, prioritizing, and developing action plans to mitigate key risks. The committee reports to the full board or appropriate board committee periodically and more frequently as needed. The report also describes the board's oversight of climate-related risks and opportunities. However, the report lacks specific details on the organizational structure, processes by which management is informed about climate-related issues, and how management monitors climate-related issues. The report does not provide information on whether the management positions or committees report to the board or a committee of the board. As a result, the report only partially satisfies the given requirements.","The sustainability report provides some information on the climate-related risks and opportunities that the organization has identified over the short, medium, and long term. The report describes the organization's processes for identifying and assessing climate-related risks and how these processes are integrated into the organization's overall risk management. However, the report lacks specific details on the climate-related issues potentially arising in each time horizon that could have a material financial impact on the organization. The report also does not provide a description of the process used to determine which risks and opportunities could have a material financial impact on the organization. Overall, the disclosure is insufficiently detailed to meet the TCFD guidelines.","The sustainability report provides some information on how climate-related risks and opportunities impact the organization's business strategy, economic and financial performance, and financial planning. The report discusses the organization's processes for identifying and assessing climate-related risks and how these processes are integrated into the organization's overall risk management. The report also discloses the metrics used by the organization to assess climate-related risks and opportunities and the related risks. However, the report lacks specific details on the impact of climate-related issues on the organization's financial performance and financial position. The report also does not describe how climate-related issues serve as an input to the organization's financial planning process, the time period used, and how these risks and opportunities are prioritized. Overall, the report partially meets the TCFD guidelines and scores 60 out of 100.","The sustainability report provides some information on the organization's processes for identifying and assessing climate-related risks, as well as metrics and targets used to manage climate-related risks and opportunities. However, the report lacks specific details on how the organization's strategy is resilient to different climate-related scenarios, including a 2°C target or lower scenario, and how it considers climate physical risks. The report does not discuss the potential impact of climate-related issues on financial performance and financial position. Overall, the report partially meets the requirements for high-quality disclosure pertaining to the critical element of the organization's strategy's resilience to climate-related risks and opportunities.","The sustainability report provides some information on the organization's processes for identifying and assessing climate-related risks. The report mentions that the organization has established a management risk committee responsible for identifying, assessing, prioritizing, and developing action plans to mitigate key risks. The report also states that the organization has adopted the Task Force on Climate-Related Financial Disclosures  recommendations and discloses metrics used to assess climate-related risks and opportunities. However, the report lacks specific details on how the organization determines the relative significance of climate-related risks in relation to other risks, and whether it considers existing and emerging regulatory requirements related to climate change. The report also does not disclose processes for assessing the potential size and scope of identified climate-related risks and definitions of risk terminology used or references to existing risk classification frameworks used.","The sustainability report provides some information on the organization's processes for managing climate-related risks. The report describes the impact of climate-related risks and opportunities on the organization's business, strategy, and financial planning. It also provides some information on the organization's processes for identifying and assessing climate-related risks. However, the report lacks specific details on how the organization makes decisions to mitigate, transfer, accept, or control those risks. The report also lacks information on how materiality determinations are made within the organization. While the report describes the metrics used by the organization to assess climate-related risks and opportunities, it does not provide specific details on the targets used by the organization to manage climate-related risks and opportunities. Overall, the report provides some information on the organization's processes for managing climate-related risks, but lacks specific details on some of the TCFD guidelines.","The sustainability report provides some information on the processes for identifying, assessing, and managing climate-related risks. The report describes the organization's processes for identifying and assessing climate-related risks and provides some details on how these processes are integrated into the organization's overall risk management. However, the report lacks specific details on how the organization manages climate-related risks. The report also provides some information on metrics and targets used to assess climate-related risks and opportunities. Overall, the report partially meets the TCFD guidelines for high-quality disclosure pertaining to the TCFD recommendation point.","The sustainability report provides some information on the metrics used to assess climate-related risks and opportunities, but it lacks detail and specificity. The report mentions the need to disclose metrics used to measure and manage climate-related risks and opportunities, but it does not provide a comprehensive list of such metrics. The report also fails to provide historical metrics for trend analysis and forward-looking metrics for the cross-industry. Additionally, the report does not describe the methodologies used to calculate or estimate climate-related metrics. Overall, the report provides some information on the metrics used to assess climate-related risks and opportunities, but it lacks the specificity and detail required to meet the TCFD guidelines.","The sustainability report partially meets the requirements for disclosing Scope 1, Scope 2, and Scope 3 GHG emissions and related risks. The report discloses GHG emissions for Scope 1 and Scope 2, but it is unclear if Scope 3 emissions are disclosed. The report does not provide a description of the methodologies used to calculate or estimate the metrics. The report does not provide related, generally accepted industry-specific GHG efficiency ratios. The report provides some information on the impact of climate-related risks and opportunities on the organization's business, strategy, and financial planning, but it is not clear if the risks differ depending on the scope. The report provides some information on the organization's processes for identifying and assessing climate-related risks, but it is not clear if the processes differ depending on the scope.","The sustainability report provides some information on the targets used by the organization to manage climate-related risks and opportunities and performance against targets. The report mentions that the organization has established a comprehensive GHG emissions baseline to identify the largest sources of emissions and will develop a reduction strategy that includes short- and long-term Science Based Targets. However, the report lacks specific details on the targets, such as whether they are absolute or intensity-based, time frames over which the target applies, base year from which progress is measured, and key performance indicators used to assess progress against targets. The report also does not disclose associated interim targets in aggregate or by business line, where available. Overall, the disclosure is insufficient to meet the TCFD guidelines."
SCORE,40,60,40,60,60,60,70,70,40,60,40
