,"Company name: Celestica
Company sector: Supply Chain Solutions
Company location: ['Canada', 'United States', 'Mexico', 'Ireland', 'Spain', 'Romania', 'China', 'Malaysia', 'Thailand', 'Singapore', 'Japan', 'Laos']
Pages: 120","Company name: Celestica
Company sector: Supply Chain Solutions
Company location: ['Canada', 'United States', 'Mexico', 'Ireland', 'Spain', 'Romania', 'China', 'Malaysia', 'Thailand', 'Singapore', 'Japan', 'Laos']
Pages: 120","Company name: Celestica
Company sector: Supply Chain Solutions
Company location: ['Canada', 'United States', 'Mexico', 'Ireland', 'Spain', 'Romania', 'China', 'Malaysia', 'Thailand', 'Singapore', 'Japan', 'Laos']
Pages: 120","Company name: Celestica
Company sector: Supply Chain Solutions
Company location: ['Canada', 'United States', 'Mexico', 'Ireland', 'Spain', 'Romania', 'China', 'Malaysia', 'Thailand', 'Singapore', 'Japan', 'Laos']
Pages: 120","Company name: Celestica
Company sector: Supply Chain Solutions
Company location: ['Canada', 'United States', 'Mexico', 'Ireland', 'Spain', 'Romania', 'China', 'Malaysia', 'Thailand', 'Singapore', 'Japan', 'Laos']
Pages: 120","Company name: Celestica
Company sector: Supply Chain Solutions
Company location: ['Canada', 'United States', 'Mexico', 'Ireland', 'Spain', 'Romania', 'China', 'Malaysia', 'Thailand', 'Singapore', 'Japan', 'Laos']
Pages: 120","Company name: Celestica
Company sector: Supply Chain Solutions
Company location: ['Canada', 'United States', 'Mexico', 'Ireland', 'Spain', 'Romania', 'China', 'Malaysia', 'Thailand', 'Singapore', 'Japan', 'Laos']
Pages: 120","Company name: Celestica
Company sector: Supply Chain Solutions
Company location: ['Canada', 'United States', 'Mexico', 'Ireland', 'Spain', 'Romania', 'China', 'Malaysia', 'Thailand', 'Singapore', 'Japan', 'Laos']
Pages: 120","Company name: Celestica
Company sector: Supply Chain Solutions
Company location: ['Canada', 'United States', 'Mexico', 'Ireland', 'Spain', 'Romania', 'China', 'Malaysia', 'Thailand', 'Singapore', 'Japan', 'Laos']
Pages: 120","Company name: Celestica
Company sector: Supply Chain Solutions
Company location: ['Canada', 'United States', 'Mexico', 'Ireland', 'Spain', 'Romania', 'China', 'Malaysia', 'Thailand', 'Singapore', 'Japan', 'Laos']
Pages: 120","Company name: Celestica
Company sector: Supply Chain Solutions
Company location: ['Canada', 'United States', 'Mexico', 'Ireland', 'Spain', 'Romania', 'China', 'Malaysia', 'Thailand', 'Singapore', 'Japan', 'Laos']
Pages: 120"
,tcfd_1,tcfd_2,tcfd_3,tcfd_4,tcfd_5,tcfd_6,tcfd_7,tcfd_8,tcfd_9,tcfd_10,tcfd_11
ANSWER,"The report does not provide specific information on how the company's board oversees climate-related risks and opportunities. However, it mentions that the Vice President of Sustainability is responsible for driving the sustainability strategy and overseeing all issues related to sustainability at Celestica. The Chief Operations Officer receives sustainability updates on an annual basis. The report also highlights the importance of assessing risk areas and engaging with stakeholders, including employees, suppliers, and investors, to improve sustainability performance.","Celestica's sustainability report does not provide a clear description of the role of management in assessing and managing climate-related risks and opportunities. The report only mentions that working groups are involved in specific projects and sustainability managers support their work by connecting local issues to global ones and linking individuals across regions who can assist with finding solutions to difficult issues. However, the report lacks concrete information on how management is involved in assessing and managing climate-related risks and opportunities.","Celestica has identified climate-related risks such as natural disasters, political instability, terrorism, armed conflict, labor or social unrest, criminal activity, disease or illness, epidemics and health advisories, unusually adverse weather conditions, and other risks present in the jurisdictions in which they operate. However, the report lacks specific information on opportunities and the risks are not clearly associated with a horizon.","Celestica acknowledges that climate-related risks and opportunities may disrupt its operations and increase costs. However, the report lacks concrete data on how these risks and opportunities impact the company's business strategy, economic and financial performance, and financial planning. The report also contains cheap talks and vague statements that may not reflect the company's true intentions or future actions.","The report does not provide sufficient information to determine the resilience of Celestica's strategy to different climate-related scenarios or physical risks. The report only mentions that the company carries insurance to cover damage to its sites and interruptions to its operations due to natural disasters. However, there is no concrete data or specific actions mentioned to address these risks.","Celestica does not provide specific information on the processes used to identify and assess climate-related risks. However, the company acknowledges climate change as a concern and uses EICC risk assessment methods to monitor major suppliers' management systems in regard to EICC Code elements. The company also conducts annual risk assessments to understand key trends and risks in its industry.","Celestica's sustainability report mentions that they assess risk areas as part of their annual risk assessment program and have a management approach to controlling risk outlined in their top-level EHS manual. They also carry insurance to cover damage to their sites and interruptions to their operations. However, the report lacks specific details on the concrete actions and strategies implemented to manage climate-related risks.","The report does not provide a clear integration of climate-related risks into the organization's overall risk management. While the report mentions risk assessment as part of the Compliance and Ethics program, it does not provide specific details on how climate-related risks are identified, assessed, and managed. The report only mentions that the company is taking steps towards mitigating its impact on the environment.","Celestica does not provide specific metrics used to assess climate-related risks and opportunities. However, the company acknowledges that climate change is a concern and is taking steps towards mitigating its impact on the environment. The report does not provide information on how the metrics help ensure that the performance is in line with its strategy and risk management process.","Celestica discloses its Scope 1 and Scope 2 GHG emissions, which account for approximately 3% and 68% of its overall GHG emissions, respectively. Celestica also reports on its upstream transportation and distribution emissions, which fall under Scope 3. Risks associated with these emissions are not explicitly stated in the report.",Celestica does not disclose any specific targets to understand/quantify/benchmark climate-related risks and opportunities. The report only mentions that climate change is a concern and the company is taking steps towards mitigating its impact on the environment. No information is provided on how the company is performing against any targets.
SOURCES,"[27, 101, 111, 198, 122, 446, 72, 99, 34, 68, 420, 442]",[101],"[122, 445, 123, 189]","[122, 123, 171, 117, 445, 72, 124, 357, 65, 2, 68, 189, 444, 196]","[122, 124]","[122, 48, 41]","[48, 122, 163, 167, 171, 424, 425, 445, 446]","[48, 122, 171]",[171],"[174, 175, 176, 178, 180, 181, 184, 187, 188, 189, 190, 191]",[142]
PAGE,"[32, 36, 11, 13, 113, 21, 54, 119, 22, 29]",[29],"[36, 52, 119]","[34, 2, 36, 47, 52, 21, 22, 119, 54, 93]",[36],"[16, 36, 14]","[36, 46, 47, 16, 114, 119]","[16, 36, 47]",[47],"[48, 49, 50, 51, 52]",[40]
ANALYSIS,"The sustainability report does not provide sufficient information on how the company's board oversees climate-related risks and opportunities. The report does not discuss the processes and frequency by which the board and/or board committees are informed about climate-related issues. There is no mention of whether the board and/or board committees consider climate-related issues when reviewing and guiding strategy, major plans of action, risk management policies, annual budgets, and business plans. The report also does not provide information on how the board monitors and oversees progress against goals and targets for addressing climate-related issues. Therefore, the report fails to meet the TCFD guidelines for high-quality disclosure pertaining to the TCFD recommendation point.","The sustainability report does not provide sufficient information on management's role in assessing and managing climate-related risks and opportunities. The report does not mention whether the organization has assigned climate-related responsibilities to management-level positions or committees, nor does it describe the associated organizational structure. The report does not provide information on processes by which management is informed about climate-related issues, nor does it describe how management monitors climate-related issues. The report only briefly mentions that climate change is a concern and that the company is taking steps towards mitigating its impact on the environment. Overall, the report lacks specific details and does not meet the TCFD guidelines for high-quality disclosure pertaining to the TCFD recommendation point.","The disclosure provided by Celestica's sustainability report is insufficient to meet the requirements for high-quality disclosure pertaining to the critical element of identifying climate-related risks and opportunities. The report does not provide a clear description of the relevant short-, medium-, and long-term time horizons, nor does it identify specific climate-related issues that could have a material financial impact on the organization. Additionally, the report does not describe the process used to determine which risks and opportunities could have a material financial impact on the organization. While the report mentions risks related to climate change, it does not provide sufficient detail to meet the requirements for high-quality disclosure.","The disclosure provided by Celestica's sustainability report is insufficient in meeting the requirements for this critical element. While the report acknowledges the potential impact of climate-related risks and opportunities on the organization's financial performance, it does not provide specific details on how these risks and opportunities affect the company's strategy, economic and financial performance, and financial planning. The report does not discuss the impact of climate-related issues on the company's products and services, supply chain, adaptation and mitigation activities, investment in research and development, acquisitions or divestments, and access to capital. The report also does not describe how climate-related issues serve as an input to the company's financial planning process, the time period used, and how these risks and opportunities are prioritized.","The sustainability report by Celestica provides limited information on the resilience of the organization's strategy when considering different climate-related scenarios, including a 2°C target or lower scenario. The report does not provide any information on how the organization's strategy might change to address potential risks and opportunities. The report does not discuss the potential impact of climate-related issues on financial performance and financial position. The report does not provide any information on the climate-related scenarios and associated time horizon considered. However, the report acknowledges that climate change is a concern and the organization is taking steps towards mitigating its impact on the environment. The report provides some information on greenhouse gas emissions, energy consumption, and environmental compliance.","The sustainability report provides limited information on the processes Celestica uses to identify and assess climate-related risks. The report mentions that assessing risk areas is part of their annual risk assessment program, but it does not provide any details on how they determine the relative significance of climate-related risks in relation to other risks. The report does not disclose whether they consider existing and emerging regulatory requirements related to climate change or other relevant factors. The report also does not disclose the processes for assessing the potential size and scope of identified climate-related risks or definitions of risk terminology used or references to existing risk classification frameworks used. Overall, the report lacks sufficient information to meet the requirements for high-quality disclosure pertaining to the critical element.","The disclosure provides some information on how Celestica manages climate-related risks. It mentions that assessing risk areas is a significant part of their Compliance and Ethics program and is done as part of their annual risk assessment program. However, the disclosure lacks details on how the organization makes decisions to mitigate, transfer, accept, or control those risks. It also does not provide information on how materiality determinations are made within the organization. Therefore, the disclosure partially meets the requirements for high-quality disclosure pertaining to the critical element of how the organization manages climate-related risks.","The disclosure provided by Celestica's sustainability report is insufficient in meeting the requirements for high-quality disclosure pertaining to the integration of processes for identifying, assessing, and managing climate-related risks into the organization's overall risk management. The report does not provide specific details on how the organization integrates climate-related risks into its overall risk management. While the report mentions that assessing risk areas is a significant part of the Compliance and Ethics program, it does not provide any information on how climate-related risks are assessed and managed. The report also lacks information on the company's risk management strategies and how they are integrated into the overall risk management framework. As a result, the report scores 0 on this critical element.","The sustainability report does not provide sufficient information on the metrics used by the organization to assess climate-related risks and opportunities. The report only briefly mentions climate change as a concern and does not provide any specific metrics or targets related to it. There is no information on whether climate-related metrics are incorporated into remuneration policies or whether internal carbon prices are provided. The report does not provide any historical or forward-looking metrics for the cross-industry. Overall, the report fails to meet most of the TCFD guidelines for high-quality disclosure pertaining to the TCFD recommendation point.","The report provides a detailed breakdown of Scope 1 and Scope 2 emissions, and a mechanism to track and report on upstream transportation and distribution emissions. However, the report does not provide a clear disclosure of Scope 3 emissions and the related risks. The report does not provide GHG emissions for historical periods, nor does it provide a description of the methodologies used to calculate or estimate the metrics. The report does not provide generally accepted industry-specific GHG efficiency ratios. The report does not provide a clear disclosure of the related risks and how they differ depending on the scope. The report does not provide a clear disclosure of GHG emissions intensity, reduction of GHG emissions, emissions of ozone-depleting substances , nitrogen oxides , sulfur oxides , and other significant air emissions.","The sustainability report of Celestica does not provide any information on the targets used by the organization to manage climate-related risks and opportunities and performance against targets. The report only mentions the financial implications and other risks and opportunities due to climate change. The report does not describe any key climate-related targets, whether the target is absolute or intensity based, time frames over which the target applies, base year from which progress is measured, and key performance indicators used to assess progress against targets. The report does not disclose associated interim targets in aggregate or by business line, where available. The methodologies used to calculate targets and measures are also not described. Therefore, the report does not meet the TCFD guidelines."
SCORE,0,20,20,20,30,20,50,0,20,50,0
