,"Company name: Acuity Brands, Inc.
Company sector: Electrical & Electronic Equipment and Software & IT Services
Company location: Headquarters Atlanta, GA
Pages: 66","Company name: Acuity Brands, Inc.
Company sector: Electrical & Electronic Equipment and Software & IT Services
Company location: Headquarters Atlanta, GA
Pages: 66","Company name: Acuity Brands, Inc.
Company sector: Electrical & Electronic Equipment and Software & IT Services
Company location: Headquarters Atlanta, GA
Pages: 66","Company name: Acuity Brands, Inc.
Company sector: Electrical & Electronic Equipment and Software & IT Services
Company location: Headquarters Atlanta, GA
Pages: 66","Company name: Acuity Brands, Inc.
Company sector: Electrical & Electronic Equipment and Software & IT Services
Company location: Headquarters Atlanta, GA
Pages: 66","Company name: Acuity Brands, Inc.
Company sector: Electrical & Electronic Equipment and Software & IT Services
Company location: Headquarters Atlanta, GA
Pages: 66","Company name: Acuity Brands, Inc.
Company sector: Electrical & Electronic Equipment and Software & IT Services
Company location: Headquarters Atlanta, GA
Pages: 66","Company name: Acuity Brands, Inc.
Company sector: Electrical & Electronic Equipment and Software & IT Services
Company location: Headquarters Atlanta, GA
Pages: 66","Company name: Acuity Brands, Inc.
Company sector: Electrical & Electronic Equipment and Software & IT Services
Company location: Headquarters Atlanta, GA
Pages: 66","Company name: Acuity Brands, Inc.
Company sector: Electrical & Electronic Equipment and Software & IT Services
Company location: Headquarters Atlanta, GA
Pages: 66","Company name: Acuity Brands, Inc.
Company sector: Electrical & Electronic Equipment and Software & IT Services
Company location: Headquarters Atlanta, GA
Pages: 66"
,tcfd_1,tcfd_2,tcfd_3,tcfd_4,tcfd_5,tcfd_6,tcfd_7,tcfd_8,tcfd_9,tcfd_10,tcfd_11
ANSWER,"The company's sustainability report does not provide specific information on how the board oversees climate-related risks and opportunities. However, the report mentions that the independent board members challenge management and prioritize stockholder engagement. The report also highlights the creation of an ESG Council consisting of senior leadership, including the CEO, to guide the EarthLIGHT program and related strategic initiatives. The report mentions enhancements to governance practices, including the creation of DEI and ESG Councils, both including senior leadership to ensure company-wide alignment and impact, and continued board refreshment to ensure a variety of perspectives and a mix of experience and tenure.","Acuity Brands, Inc. has an ESG Council that guides their EarthLIGHT program and related strategic initiatives. The Council includes the CEO, CFO, COO, General Counsel, Chief Human Resources Officer, Chief Communications Officer, and Chief Sustainability Officer. The report mentions offsetting emissions by investing in forestry and landfill gas-to-energy projects, and achieving carbon neutrality in their operations. However, the report lacks concrete data on the role of management in assessing and managing climate-related risks and opportunities.","Acuity Brands, Inc. has identified reducing their carbon footprint and helping customers reduce theirs as a relevant opportunity. They have set a goal of 100 million metric tons of carbon avoidance by 2030. No specific climate-related risks were identified in the report.","The report lacks specific information on how climate-related risks and opportunities impact the organization's business strategy, economic and financial performance, and financial planning. The report only mentions the company's commitment to reducing its carbon footprint and investing in forestry and landfill gas-to-energy projects. However, it does not provide any concrete data or quantifiable information to support these claims.","The report does not provide sufficient information to determine the resilience of Acuity Brands' strategy in different climate-related scenarios or physical risks. The report mentions the company's commitment to carbon avoidance and offsetting emissions, but lacks concrete data on how the company plans to achieve these goals. Additionally, the report does not provide information on how the company plans to address physical risks related to climate change.","The report does not provide specific information on the processes used by Acuity Brands, Inc. to identify and assess climate-related risks.","Acuity Brands manages climate-related risks by investing in forestry and landfill gas-to-energy projects to offset their emissions, reducing their environmental impact, and committing to a carbon avoidance of 100 million metric tons by 2030. They also design products with sustainability in mind and prioritize the health and well-being of their associates and their families. However, the report lacks concrete data on the effectiveness of their strategies and the extent of their impact.","The report does not provide sufficient information on how the processes for identifying, assessing, and managing climate-related risks are integrated into the organization's overall risk management.","Acuity Brands, Inc. uses Total energy consumed, percentage grid electricity, and percentage renewable to assess climate-related risks and opportunities. The metrics help ensure that the performance is in line with its strategy and risk management process by reducing energy consumption in its offices, production facilities, and distribution centers, and by committing to a carbon avoidance of 100 million metric tons by 2030.","Acuity Brands, Inc. discloses its Scope 1 and Scope 2 greenhouse gas emissions in its FY21 sustainability report. The report states that the largest component of its footprint is the use of its sold products. The company has also calculated its Scope 3 footprint for the first time. However, no specific figures are provided for Scope 3 emissions. The report mentions efforts to reduce emissions from raw materials, transportation, business travel, commuting, and other areas. The related risks are not explicitly stated in the report.","Acuity Brands, Inc. aims to achieve a carbon avoidance of 100 million metric tons by 2030. The company has set a target to enable 27 billion kWh in annual energy savings between FY19 and FY22, which it has already exceeded. In FY21, the company committed to a goal of 100 million metric tons of carbon avoidance as a result of its projected 2020–2030 sales of LED luminaires, lighting controls, and building management systems replacing older ones. There is no information on how the company is performing against these targets."
SOURCES,"[13, 26, 29, 31, 42, 50, 80, 88, 163, 165, 166, 168, 169, 176, 179, 180, 182]","[18, 42, 43, 50, 168]","[49, 42]","[13, 185, 50, 42, 168, 80, 11, 32, 49]","[42, 49, 168, 195, 205, 206]","[202, 32, 88, 130, 196, 29, 50, 43, 117, 14, 80, 206, 30, 168, 205, 195, 186, 49, 13, 42]","[50, 14, 42, 80, 49, 11, 57, 117, 168]",[],"[1, 17, 42, 49]","[57, 50, 58, 208]","[13, 14, 18, 25, 49, 50]"
PAGE,"[4, 6, 8, 13, 16, 51, 52, 53, 56, 25, 58, 27, 57]","[16, 53, 4, 13]","[16, 13]","[3, 4, 8, 13, 16, 53, 25, 58]","[13, 16, 53, 61, 63]","[4, 37, 8, 40, 13, 16, 53, 25, 58, 27, 61, 62, 63]","[3, 4, 37, 13, 16, 18, 53, 25]",[],"[16, 1, 4, 13]","[16, 18, 64]","[16, 4, 6]"
ANALYSIS,"The disclosure provided by the company does not adequately address the TCFD recommendation point of how the board oversees climate-related risks and opportunities. While the report mentions the existence of an ESG Council and the Board's diverse skills and experience, it does not provide specific details on how the board is informed about climate-related issues, whether climate-related issues are considered when reviewing and guiding strategy, and how the board monitors and oversees progress against goals and targets for addressing climate-related issues. The report does not meet any of the TCFD guidelines outlined for high-quality disclosure pertaining to the TCFD recommendation point.","The given disclosure does not provide sufficient information to assess management's role in assessing and managing climate-related risks and opportunities. The disclosure does not address any of the TCFD guidelines outlined for this TCFD recommendation point. The report discusses the company's commitment to carbon avoidance and reducing environmental impact, but it does not provide any information on how management is involved in these efforts. The report also mentions an ESG Council, but it does not provide any details on the council's responsibilities or how it is structured. Overall, the disclosure lacks the necessary information to evaluate management's role in assessing and managing climate-related risks and opportunities.","The sustainability report by Acuity Brands, Inc. lacks sufficient disclosure on climate-related risks and opportunities. The report does not provide a clear description of the relevant short-, medium-, and long-term time horizons, nor does it identify specific climate-related issues that could have a material financial impact on the organization. The report does not describe the process used to determine which risks and opportunities could have a material financial impact on the organization. The report does not provide a description of risks and opportunities by sector and/or geography. While the report mentions reducing the carbon footprint and investing in forestry and landfill gas-to-energy projects, it does not provide any specific details on how these actions will mitigate climate-related risks and opportunities.","The given disclosure does not provide sufficient information to meet the requirements for high-quality disclosure pertaining to the critical element of how climate-related risks and opportunities impact the organization's business strategy, economic and financial performance, and financial planning. The disclosure lacks any specific information on how climate-related issues have affected the organization's businesses, strategy, and financial planning. There is no mention of the impact of climate-related issues on the organization's financial performance and financial position. The disclosure does not describe how climate-related issues serve as an input to the organization's financial planning process, the time period used, and how these risks and opportunities are prioritized. The disclosure does not describe the organization's plans for transitioning to a low-carbon economy, which could include GHG emissions targets and specific activities intended to reduce GHG emissions in their operations and value chain or to otherwise support the transition.","The sustainability report does not provide sufficient information to evaluate the resilience of the organization's strategy to climate-related risks and opportunities. The report does not discuss how the organization's strategy might change to address potential risks and opportunities, the potential impact of climate-related issues on financial performance and position, or the climate-related scenarios and associated time horizon considered. The report only briefly mentions the organization's commitment to reducing carbon emissions and offsetting its emissions by investing in forestry and landfill gas-to-energy projects. The report does not provide any information on how the organization is preparing for a transition to a low-carbon economy consistent with a 2°C or lower scenario or how it is considering scenarios consistent with increased physical climate-related risks.","The given disclosure does not satisfy the requirements for identifying and assessing climate-related risks. The disclosure does not provide any information on the organization's risk management processes for identifying and assessing climate-related risks. There is no description of how the organization determines the relative significance of climate-related risks in relation to other risks. The disclosure does not consider existing and emerging regulatory requirements related to climate change. The disclosure does not provide any information on the processes for assessing the potential size and scope of identified climate-related risks or definitions of risk terminology used or references to existing risk classification frameworks used. Therefore, the disclosure is insufficient to rate the organization's processes for identifying and assessing climate-related risks.","The given disclosure does not provide sufficient information to evaluate the organization's processes for managing climate-related risks. The disclosure only mentions the organization's efforts to reduce its carbon footprint and offset its emissions through investments in forestry and landfill gas-to-energy projects. There is no information on how the organization makes decisions to mitigate, transfer, accept, or control climate-related risks, nor is there any information on how materiality determinations are made within the organization. The disclosure also lacks information on how the organization prioritizes climate-related risks. While the disclosure mentions the feedback received from various ESG rating organizations, it does not provide any details on how this feedback informs the organization's thinking and approach to managing climate-related risks.","The given disclosure does not satisfy the requirements for the critical element. The disclosure does not provide any information on how the processes for identifying, assessing, and managing climate-related risks are integrated into the organization's overall risk management. The excerpts are mostly focused on the company's sustainability initiatives and goals, and do not provide any specific details on how climate-related risks are managed. Therefore, the disclosure is insufficient to assess the integration of climate-related risks into the organization's overall risk management.","The sustainability report of Acuity Brands, Inc. provides some metrics used to assess climate-related risks and opportunities, such as total energy consumed, total water withdrawn, and carbon avoidance. However, the report lacks details on how these metrics help ensure that the performance is in line with its strategy and risk management process. The report does not provide metrics on climate-related risks associated with land use and waste management. The report does not describe whether and how related performance metrics are incorporated into remuneration policies. The report does not provide internal carbon prices or climate-related opportunity metrics. The report does not provide forward-looking metrics for the cross-industry. The report does not describe the methodologies used to calculate or estimate climate-related metrics. Overall, the report partially meets the TCFD guidelines and lacks specific details, resulting in a SCORE of 50.","The disclosure provided by the company is insufficient to meet the requirements for high-quality disclosure pertaining to the critical element of Scope 1, Scope 2, and Scope 3 greenhouse gas  emissions. While the company has disclosed its Scope 1 and Scope 2 GHG emissions, it has not provided any information on its Scope 3 GHG emissions. Additionally, the company has not provided any information on the related risks associated with its GHG emissions. The disclosure lacks details on the methodologies used to calculate or estimate the metrics, and there is no information on historical periods to allow for trend analysis. The company has not provided any industry-specific GHG efficiency ratios.","The sustainability report of Acuity Brands, Inc. provides some information on the targets used to manage climate-related risks and opportunities and performance against targets. The report mentions a carbon avoidance goal of 100 million metric tons by 2030 and provides some details on the progress made towards this goal. However, the report lacks information on the base year from which progress is measured, the key performance indicators used to assess progress against targets, and the methodologies used to calculate targets and measures. Additionally, the report does not provide information on other climate-related targets such as those related to GHG emissions, water usage, energy usage, etc. Overall, the disclosure quality on this critical element is moderate."
SCORE,0,0,20,0,10,0,10,0,50,30,60
