,"Company name: Interpublic Group of Companies, Inc.
Company sector: Advertising and Marketing Services
Company location: New York, NY, United States
Pages: 106","Company name: Interpublic Group of Companies, Inc.
Company sector: Advertising and Marketing Services
Company location: New York, NY, United States
Pages: 106","Company name: Interpublic Group of Companies, Inc.
Company sector: Advertising and Marketing Services
Company location: New York, NY, United States
Pages: 106","Company name: Interpublic Group of Companies, Inc.
Company sector: Advertising and Marketing Services
Company location: New York, NY, United States
Pages: 106","Company name: Interpublic Group of Companies, Inc.
Company sector: Advertising and Marketing Services
Company location: New York, NY, United States
Pages: 106","Company name: Interpublic Group of Companies, Inc.
Company sector: Advertising and Marketing Services
Company location: New York, NY, United States
Pages: 106","Company name: Interpublic Group of Companies, Inc.
Company sector: Advertising and Marketing Services
Company location: New York, NY, United States
Pages: 106","Company name: Interpublic Group of Companies, Inc.
Company sector: Advertising and Marketing Services
Company location: New York, NY, United States
Pages: 106","Company name: Interpublic Group of Companies, Inc.
Company sector: Advertising and Marketing Services
Company location: New York, NY, United States
Pages: 106","Company name: Interpublic Group of Companies, Inc.
Company sector: Advertising and Marketing Services
Company location: New York, NY, United States
Pages: 106","Company name: Interpublic Group of Companies, Inc.
Company sector: Advertising and Marketing Services
Company location: New York, NY, United States
Pages: 106"
,tcfd_1,tcfd_2,tcfd_3,tcfd_4,tcfd_5,tcfd_6,tcfd_7,tcfd_8,tcfd_9,tcfd_10,tcfd_11
ANSWER,"The report does not provide specific information on how the company's board oversees climate-related risks and opportunities. However, the report mentions that the company engages with stakeholders to inform its sustainability strategy and is a founding member of Collectively.org, an online platform dedicated to encouraging young people to take action against climate change. The report also states that the company conducts a materiality assessment with the assistance of its sustainability consultant, Governance & Accountability Institute, to identify key sustainability issues.",The sustainability report does not provide any specific information on the role of management in assessing and managing climate-related risks and opportunities. The report only mentions that the company engages with stakeholders to learn more about their areas of focus and concerns regarding sustainability. The report lacks concrete data and specific actions taken by the company to address climate-related risks and opportunities.,"The report does not provide a clear identification of climate-related risks and opportunities over the short, medium, and long term. The report only mentions that sustainability is a key priority for IPG and that they engage with stakeholders to learn more about their areas of focus and concerns. However, there is no concrete information on how the company plans to address these risks and opportunities.","The report does not provide any specific information on how climate-related risks and opportunities impact the organization's business strategy, economic and financial performance, and financial planning. The report only mentions that the company engages with stakeholders to learn more about their areas of focus and concerns regarding sustainability, and that they are working to improve stakeholder engagement to inform their sustainability strategy moving forward. There is also a mention of a tool that allows business travelers to take carbon emissions into consideration when booking their travel. However, the report lacks concrete data and specific actions taken by the company to address climate-related risks and opportunities.","The report does not provide any information on the resilience of Interpublic Group of Companies, Inc.'s strategy when considering different climate-related scenarios, including a 2°C target or lower scenario, or when considering climate physical risks. The report mainly focuses on stakeholder engagement, sustainability initiatives, and environmental impacts.","The report does not provide specific information on the processes used by Interpublic Group to identify and assess climate-related risks. However, the company conducted a materiality assessment with the assistance of its sustainability consultant, Governance & Accountability Institute, and engages with key stakeholders to learn more about their areas of focus and concerns.","The report does not provide concrete information on how the organization manages climate-related risks. The report only mentions that the organization engages with stakeholders to learn more about their areas of focus and concerns, and that they have implemented a tool for business travelers to take carbon emissions into consideration when booking their travel. However, there is no information on specific actions or strategies implemented to manage climate-related risks.",The report does not provide concrete information on how the company integrates climate-related risks into its overall risk management. The report only mentions that the company engages with stakeholders to learn about their areas of focus and concerns regarding sustainability. The report lacks specific details on the company's risk management process.,"The report does not provide specific metrics used by Interpublic Group to assess climate-related risks and opportunities. However, the company conducted a materiality assessment with the assistance of Governance & Accountability Institute to identify key sustainability aspects important to stakeholders. The report also mentions engaging with stakeholders to inform their sustainability strategy moving forward.","Interpublic Group of Companies, Inc. reports its Scope 1 and Scope 2 GHG emissions, but not Scope 3. The emissions come solely from electricity usage and heating fuel. The company reports GHG emissions intensity per employee and per square footage. The report does not provide specific risks related to GHG emissions.","The report does not provide any specific targets used by the organization to understand/quantify/benchmark climate-related risks and opportunities. The report only mentions that the organization engages with stakeholders to learn more about their areas of focus and concerns. Therefore, it is unclear how the organization is performing against these targets."
SOURCES,"[79, 122, 129, 133, 136, 141, 406, 407]","[120, 127, 134]","[120, 127, 134, 382, 406, 402, 137, 3, 114, 122, 129, 136, 79, 152, 113, 426, 395, 140]","[134, 120, 127, 13, 152, 382, 122, 129, 136, 336, 3, 151, 114, 406, 410, 389, 145, 79, 426]",[3],"[133, 119, 126, 120, 127, 134, 357, 402, 152, 3, 79, 114, 426]","[79, 134, 120, 127, 336, 402, 358]","[134, 120, 127, 406, 357, 13, 356, 114, 129, 136, 426, 3, 79, 405, 137, 133, 395]","[3, 114, 119, 126, 133, 137]","[276, 290, 330, 285, 306, 313]","[120, 127, 134]"
PAGE,"[32, 33, 97, 35, 98, 20, 31]","[32, 33, 31]","[32, 33, 97, 96, 34, 3, 35, 103, 40, 20, 90, 29, 94, 31]","[32, 33, 97, 3, 100, 5, 38, 103, 40, 78, 20, 90, 92, 29, 31]",[3],"[32, 33, 96, 3, 103, 40, 20, 85, 29, 31]","[32, 33, 96, 78, 20, 85, 31]","[32, 33, 97, 3, 34, 5, 103, 20, 85, 29, 94, 31]","[32, 33, 34, 3, 29, 31]","[64, 65, 70, 72, 76, 61]","[32, 33, 31]"
ANALYSIS,"The sustainability report does not provide any information on how the company's board oversees climate-related risks and opportunities. The report does not meet any of the requirements for high-quality disclosure pertaining to the critical element. The report discusses the relevance of sustainability to the organization and its strategy for addressing sustainability, but it does not provide any information on how the board oversees climate-related issues. The report also discusses the company's engagement with stakeholders and its sustainability initiatives, but it does not provide any information on how the board considers climate-related issues when reviewing and guiding strategy, risk management policies, and business plans. The report does not provide any information on how the board monitors and oversees progress against goals and targets for addressing climate-related issues.","The given sustainability report does not provide any information on the role of management in assessing and managing climate-related risks and opportunities. The report does not mention whether the organization has assigned climate-related responsibilities to management-level positions or committees, the associated organizational structure, processes by which management is informed about climate-related issues, or how management monitors climate-related issues. The report only discusses the organization's engagement with stakeholders and its sustainability strategy. Therefore, the report fails to meet any of the TCFD guidelines outlined for this TCFD recommendation point.","The sustainability report fails to meet the requirements for disclosing the most relevant climate-related risks and opportunities that the organization has identified over the short, medium, and long term. The report lacks specific information on the climate-related issues that could have a material financial impact on the organization, and the process used to determine which risks and opportunities could have a material financial impact on the organization. The report only mentions that sustainability is a key priority for the organization and that they engage with stakeholders to learn more about their areas of focus and concerns. The report does not provide a description of the relevant short-, medium-, and long-term time horizons, nor does it describe the risks and opportunities by sector and/or geography. Therefore, the report's score is 0 out of 100.","The given disclosure does not provide any information on how climate-related risks and opportunities impact the organization's businesses strategy, economic and financial performance, and financial planning. The disclosure only talks about the organization's engagement with stakeholders and its sustainability initiatives. The disclosure does not provide any information on the impact of climate-related issues on the organization's financial performance and financial position. The disclosure does not describe how climate-related issues serve as an input to the organization's financial planning process, the time period used, and how these risks and opportunities are prioritized. The disclosure does not describe the organization's plans for transitioning to a low-carbon economy. Overall, the disclosure does not meet any of the requirements for high-quality disclosure pertaining to the critical element.","The given sustainability report does not provide any information on the resilience of the organization's strategy when considering different climate-related scenarios, including a 2°C target or lower scenario. There is no discussion on how the organization's strategies might change to address potential risks and opportunities, the potential impact of climate-related issues on financial performance, or the climate-related scenarios and associated time horizon considered. The report only mentions that sustainability is a key priority for the organization and that they engage with stakeholders to inform their sustainability strategy. However, there is no specific information on how the organization is addressing climate physical risks. Therefore, the report does not meet the TCFD guidelines for the TCFD recommendation point.","The given sustainability report does not provide sufficient information on the processes used by the organization to identify and assess climate-related risks. The report does not describe the risk management processes used to identify and assess climate-related risks, nor does it provide information on how the organization determines the relative significance of climate-related risks in relation to other risks. The report does not disclose whether the organization considers existing and emerging regulatory requirements related to climate change or other relevant factors. The report also does not disclose the processes used for assessing the potential size and scope of identified climate-related risks or definitions of risk terminology used or references to existing risk classification frameworks used.","The disclosure provided in the sustainability report does not meet the requirements for high-quality disclosure pertaining to the critical element of how the organization manages climate-related risks. The report does not describe the organization's processes for managing climate-related risks, including how they make decisions to mitigate, transfer, accept, or control those risks. Additionally, the report does not describe the organization's processes for prioritizing climate-related risks, including how materiality determinations are made within their organizations. The provided disclosure is insufficient and does not provide any meaningful information on how the organization manages climate-related risks.","The given disclosure does not provide any information on how the organization integrates its processes for identifying, assessing, and managing climate-related risks into its overall risk management. Instead, the disclosure focuses on stakeholder engagement, sustainability initiatives, and materiality assessment. The disclosure does not meet any of the requirements for high-quality disclosure pertaining to the critical element. Therefore, the score for this disclosure is 0.","The given sustainability report does not provide any information on the metrics used by the organization to assess climate-related risks and opportunities. The report only mentions that the organization engages with stakeholders to learn more about their areas of focus and concerns. There is no mention of any metrics used to measure and manage climate-related risks and opportunities, nor is there any information on whether and how related performance metrics are incorporated into remuneration policies. The report also does not provide any internal carbon prices or climate-related opportunity metrics. As a result, the report fails to meet any of the TCFD guidelines outlined for this TCFD recommendation point.","The sustainability report provides some information on the organization's Scope 1 and Scope 2 GHG emissions, but it does not disclose Scope 3 GHG emissions and the related risks. The report does not provide a description of the methodologies used to calculate or estimate the metrics. The report does not provide GHG efficiency ratios or historical data for trend analysis. The report does not mention the gases included in the calculation or biogenic CO2 emissions. The report does not provide a rationale for choosing the base year, emissions in the base year, and the context for any GHG trades. Overall, the report lacks transparency and completeness in disclosing the organization's GHG emissions and related risks.","The sustainability report does not provide any information on the targets used by the organization to manage climate-related risks and opportunities and performance against targets. The report only mentions that the organization engages with stakeholders to learn more about their areas of focus and concerns. The report also mentions that the organization is committed to operating sustainably and measuring its carbon footprint, but it does not provide any specific details on the targets used to manage climate-related risks and opportunities. Therefore, the report does not meet any of the requirements for high-quality disclosure pertaining to the critical element."
SCORE,0,0,0,0,0,0,0,0,0,40,0
