,"Company name: Chevron Corporation
Company sector: Oil and Gas
Company location: San Ramon, CA 94583-2324 USA
Pages: 84","Company name: Chevron Corporation
Company sector: Oil and Gas
Company location: San Ramon, CA 94583-2324 USA
Pages: 84","Company name: Chevron Corporation
Company sector: Oil and Gas
Company location: San Ramon, CA 94583-2324 USA
Pages: 84","Company name: Chevron Corporation
Company sector: Oil and Gas
Company location: San Ramon, CA 94583-2324 USA
Pages: 84","Company name: Chevron Corporation
Company sector: Oil and Gas
Company location: San Ramon, CA 94583-2324 USA
Pages: 84","Company name: Chevron Corporation
Company sector: Oil and Gas
Company location: San Ramon, CA 94583-2324 USA
Pages: 84","Company name: Chevron Corporation
Company sector: Oil and Gas
Company location: San Ramon, CA 94583-2324 USA
Pages: 84","Company name: Chevron Corporation
Company sector: Oil and Gas
Company location: San Ramon, CA 94583-2324 USA
Pages: 84","Company name: Chevron Corporation
Company sector: Oil and Gas
Company location: San Ramon, CA 94583-2324 USA
Pages: 84","Company name: Chevron Corporation
Company sector: Oil and Gas
Company location: San Ramon, CA 94583-2324 USA
Pages: 84","Company name: Chevron Corporation
Company sector: Oil and Gas
Company location: San Ramon, CA 94583-2324 USA
Pages: 84"
,tcfd_1,tcfd_2,tcfd_3,tcfd_4,tcfd_5,tcfd_6,tcfd_7,tcfd_8,tcfd_9,tcfd_10,tcfd_11
ANSWER,"The Board oversees climate-related risks and opportunities through the Audit, Management Compensation, Public Policy and Sustainability, and Board Nominating and Governance Committees. Each committee has revised its charter to clarify oversight related to climate issues and coverage of related Board responsibilities. The Management Compensation Committee aligns compensation policies and practices with stockholder interests, including those related to sustainability and climate change. The Public Policy and Sustainability Committee assists the Board with climate change and other sustainability issues. The Board receives monthly briefings on energy transition and climate change issues from internal and outside experts.","The management oversees the corporation's OE audit and assurance process, aligns compensation policies and practices with stockholder interests related to sustainability and climate change, and undertakes a revision of their charter to articulate oversight related to climate issues. They also receive monthly briefings on climate change and energy transition issues and consult with outside experts. The Board oversees risk management policies, practices, and systems that are applied throughout the company, including critical risk topics as part of their decision-making processes.","Chevron Corporation has identified energy transition, climate change, and sustainability risks and opportunities. However, the report lacks specificity on the most relevant climate-related risks and opportunities over the short, medium, and long term. The report also lacks clarity on the association of risks with a horizon. The report mentions stakeholder engagement, but it is unclear how the company engages with stakeholders on climate-related risks and opportunities.","Chevron has modified its Management Compensation Committee Charter and Chevron Incentive Plan to align compensation policies and practices with stockholder interests, including those related to sustainability and climate change. Each committee undertook a revision of their charter to articulate oversight related to climate issues. The company receives monthly briefings on climate change and energy transition issues and oversees management of sustainability issues and practices. Chevron reports metrics and performance data annually, but the report lacks concrete data on the company's GHG emissions strategy and performance.","Chevron's sustainability report mentions its objective of delivering lower carbon energy to a growing world, and its strategy of leveraging its strengths to achieve this. However, the report lacks specific details on how resilient the organization's strategy is when considering different climate-related scenarios, including a 2°C target or lower scenario, and climate physical risks. The report mentions stakeholder engagement and participation in international climate initiatives and reporting frameworks, but it is unclear how these efforts translate into a resilient strategy.","Chevron's sustainability report mentions a risk-based approach to identify, assess, and manage potential risks to the environment across the lifecycle of its assets, including those related to biodiversity. The report also highlights the completion of water stress analysis for Chevron operations to generate data insights to inform strategy to reduce freshwater withdrawals in areas of high water stress. However, the report lacks specific information on the processes used to identify and assess climate-related risks.","Chevron receives monthly briefings on energy transition and climate change issues from internal and external experts. The company has revised the charters of its committees to clarify oversight related to climate issues and coverage of related board responsibilities. The Management Compensation Committee aligns compensation policies and practices with stockholder interests, including those related to sustainability and climate change. Chevron engages in partnerships for environmental research and supports nature-based solutions to climate change. The company manages risk across its six focus areas through a system of safeguards.","Chevron integrates climate-related risks into its overall risk management through its Enterprise Risk Management process, which includes monthly briefings on energy transition and climate change issues, oversight of sustainability issues and practices, and amendments to the Management Compensation Committee Charter to align compensation policies and practices with stockholder interests related to sustainability and climate change. However, the report lacks concrete data on the integration process and may contain greenwashing.","Chevron Corporation uses metrics such as market and price forecasts, energy transition, and ESG reporting to assess climate-related risks and opportunities. These metrics help ensure that the performance is in line with its strategy and risk management process. The company also consults with internal and external experts to discuss energy transition and climate change issues. However, the report lacks concrete data on how these metrics are used to manage climate risks and opportunities.","Chevron discloses its Scope 1 and Scope 2 GHG emissions, including indirect sources of GHG emissions within Scope 1 that are outside of the traditional definition. The company also voluntarily reports its Scope 3 emissions from the use of its products. Risks associated with GHG emissions are not explicitly stated in the report.","Chevron Corporation uses the portfolio carbon intensity and upstream carbon intensity targets to understand/quantify/benchmark climate-related risks and opportunities. The company is performing well against these targets, with the portfolio carbon intensity decreasing from 74.9 grams CO2e/megajoule in 2016 to 71.3 grams CO2e/megajoule in 2021, and the upstream carbon intensity decreasing from 41.9 kilograms CO2e/boe in 2016 to 28.6 kilograms CO2e/boe in 2021."
SOURCES,"[314, 315, 317, 318, 319, 322, 329, 331, 333]","[318, 319, 315]","[318, 333, 57, 357, 47, 52, 319, 76, 53, 157, 516, 329, 60, 44, 109, 24, 513, 511, 42, 389]","[319, 318, 333, 52, 57, 47, 66, 511]","[57, 66]","[157, 179, 159]","[333, 318, 319, 57, 307, 81, 134]","[157, 333, 319, 315]","[333, 329, 52]","[476, 409, 477, 85, 539]",[413]
PAGE,"[48, 49, 50]",[48],"[7, 12, 13, 76, 48, 17, 50, 53, 21, 57, 27]","[12, 13, 76, 15, 48, 50]","[13, 15]","[27, 30]","[13, 46, 48, 17, 50, 24]","[48, 50, 27]","[50, 13]","[80, 18, 75, 60]",[60]
ANALYSIS,"The sustainability report provides some information on the board's oversight of climate-related risks and opportunities. It mentions that each committee undertook a revision of their charter to articulate oversight related to climate issues and coverage of related board responsibilities. The report also highlights that the board oversees risk management policies, practices, and systems that are applied throughout the company. However, the report lacks specific details on the processes and frequency by which the board and/or board committees are informed about climate-related issues. It also does not provide enough information on whether the board and/or board committees consider climate-related issues when reviewing and guiding strategy, major plans of action, risk management policies, annual budgets, and business plans. The report does mention how the board monitors and oversees progress against goals and targets for addressing climate-related issues. Overall, the disclosure quality is moderate.","The sustainability report provides some information on management's role in assessing and managing climate-related risks and opportunities. It mentions that committees have been established to oversee sustainability issues, including climate change, and that management receives monthly briefings on climate-related topics. However, the report lacks specific details on the organizational structure, processes for informing management about climate-related issues, and how management monitors climate-related issues. Therefore, while some of the TCFD guidelines have been partially met, the report does not provide sufficient information to fully satisfy the TCFD recommendation point.","The given disclosure provides some information on the potential climate-related risks and opportunities that the organization has identified over the short, medium, and long term. However, it fails to meet the TCFD guidelines in several ways. Firstly, it does not provide a clear description of the relevant short-, medium-, and long-term time horizons. Secondly, it does not describe the specific climate-related issues potentially arising in each time horizon that could have a material financial impact on the organization. Thirdly, it does not describe the process used to determine which risks and opportunities could have a material financial impact on the organization. Lastly, it does not provide a description of risks and opportunities by sector and/or geography. As a result, the disclosure quality is poor.","The given disclosure does not provide sufficient information to rate the quality of disclosure on how climate-related risks and opportunities impact the organization's business strategy, economic and financial performance, and financial planning. The disclosure does not discuss how identified climate-related issues have affected their businesses, strategy, and financial planning. The disclosure does not reflect a holistic picture of the interdependencies among the factors that affect their ability to create value over time. The disclosure does not describe the impact of climate-related issues on their financial performance and financial position. The disclosure does not describe their plans for transitioning to a low-carbon economy, which could include GHG emissions targets and specific activities intended to reduce GHG emissions in their operations and value chain or to otherwise support the transition.","The sustainability report does not provide sufficient information to assess the resilience of the organization's strategy to climate-related risks and opportunities. The report does not describe how the organization's strategies might change to address potential risks and opportunities, nor does it discuss the potential impact of climate-related issues on financial performance and financial position. The report does not provide information on the climate-related scenarios and associated time horizon considered. While the report mentions climate change and the energy transition, it does not provide any specific details on how the organization plans to address these issues. Overall, the report lacks the necessary components for high-quality disclosure pertaining to the critical element.","The sustainability report provides limited information on the processes used by the organization to identify and assess climate-related risks. While the report mentions the use of a risk-based approach to manage water risks and environmental risks, it does not provide details on how the organization determines the relative significance of climate-related risks in relation to other risks. The report does not disclose whether the organization considers existing and emerging regulatory requirements related to climate change. The report also lacks information on the processes used to assess the potential size and scope of identified climate-related risks and definitions of risk terminology used or references to existing risk classification frameworks used. Overall, the disclosure is insufficient to meet the requirements for high-quality disclosure pertaining to the critical element.","The disclosure provides some information on how the organization manages climate-related risks. The report mentions that the Board oversees risk management policies and practices, and the Audit Committee Charter clarifies the Committee's oversight of the company's sustainability. However, the report lacks specific details on how the organization makes decisions to mitigate, transfer, accept, or control climate-related risks. The report also does not provide information on how the organization prioritizes climate-related risks or how materiality determinations are made within the organization. Overall, the disclosure is insufficient in meeting the TCFD guidelines outlined for this TCFD recommendation point.","The sustainability report provides some information on how the organization integrates processes for identifying, assessing, and managing climate-related risks into its overall risk management. The report mentions the use of a risk-based approach to manage water risks, the Enterprise Risk Management process, and the Environment Risk Management Process. However, the report lacks specific details on how these processes are integrated into the overall risk management of the organization. The report also mentions the oversight of the Board and Committees on risk management policies and practices, but again, lacks specific details. Overall, the disclosure provides some information on the integration of climate-related risks into the organization's overall risk management, but lacks specific details to fully satisfy the TCFD guidelines.","The given disclosure does not provide sufficient information on the metrics used by the organization to assess climate-related risks and opportunities. While the report mentions the topics of energy transition, sustainability, and climate change, it does not provide any specific metrics or methodologies used to measure and manage climate-related risks and opportunities. The report does not provide any historical or forward-looking metrics, nor does it describe how related performance metrics are incorporated into remuneration policies. The report does mention the use of internal carbon prices and climate-related opportunity metrics, but no specific details are provided. Overall, the disclosure lacks the necessary components for high-quality disclosure pertaining to the critical element.","Chevron's sustainability report provides a detailed disclosure of its Scope 1 and Scope 2 GHG emissions, including emissions from indirect sources outside the traditional Scope 1 definition. The report also includes a description of the methodologies used to calculate or estimate the metrics. Chevron has voluntarily reported its Scope 3 emissions from the use of its products for nearly two decades. However, the report does not provide a clear disclosure of the related risks associated with GHG emissions, nor does it provide GHG efficiency ratios. The report also lacks historical data for trend analysis. Overall, Chevron's sustainability report partially meets the TCFD guidelines for high-quality disclosure pertaining to the TCFD recommendation point.","The sustainability report provides limited information on the targets used by the organization to manage climate-related risks and opportunities and performance against targets. While the report mentions GHG emissions and carbon intensity targets, it does not provide details on whether the targets are absolute or intensity-based, time frames over which the target applies, base year from which progress is measured, and key performance indicators used to assess progress against targets. The report also lacks a description of the methodologies used to calculate targets and measures. Overall, the report does not meet the TCFD guidelines for high-quality disclosure pertaining to the TCFD recommendation point."
SCORE,60,60,20,0,20,30,40,60,20,75,20
