,"Company name: Constellium
Company sector: Metals and Mining - Non-Precious Metals
Company location: Paris, France
Pages: 79","Company name: Constellium
Company sector: Metals and Mining - Non-Precious Metals
Company location: Paris, France
Pages: 79","Company name: Constellium
Company sector: Metals and Mining - Non-Precious Metals
Company location: Paris, France
Pages: 79","Company name: Constellium
Company sector: Metals and Mining - Non-Precious Metals
Company location: Paris, France
Pages: 79","Company name: Constellium
Company sector: Metals and Mining - Non-Precious Metals
Company location: Paris, France
Pages: 79","Company name: Constellium
Company sector: Metals and Mining - Non-Precious Metals
Company location: Paris, France
Pages: 79","Company name: Constellium
Company sector: Metals and Mining - Non-Precious Metals
Company location: Paris, France
Pages: 79","Company name: Constellium
Company sector: Metals and Mining - Non-Precious Metals
Company location: Paris, France
Pages: 79","Company name: Constellium
Company sector: Metals and Mining - Non-Precious Metals
Company location: Paris, France
Pages: 79","Company name: Constellium
Company sector: Metals and Mining - Non-Precious Metals
Company location: Paris, France
Pages: 79","Company name: Constellium
Company sector: Metals and Mining - Non-Precious Metals
Company location: Paris, France
Pages: 79"
,tcfd_1,tcfd_2,tcfd_3,tcfd_4,tcfd_5,tcfd_6,tcfd_7,tcfd_8,tcfd_9,tcfd_10,tcfd_11
ANSWER,"The board oversees climate-related risks and opportunities through the Nominating and Governance Committee, which oversees the annual self-assessment of the Board and its committees. The Enterprise Risk Management Committee includes ESG-related risks in its assessments, and the Compliance Committee monitors regulations and sustainability trends. Three of the Board Directors have taken e-learning courses on Climate Risk & Sustainable Growth Strategies. The Executive Committee reviews the progress of the sustainability roadmap at least twice a year and measures sustainability targets quarterly.","Constellium's management assesses and manages climate-related risks and opportunities by identifying risks related to climate change as principal sustainability risks, implementing action plans to mitigate any risks based on this assessment, and monitoring, anticipating, and adapting to changes in regulations that might positively or negatively affect their business. The Enterprise Risk Management Committee includes ESG-related risks in its assessments, and the Compliance Committee includes sustainability risks in its agenda. However, the report lacks concrete data on the specific actions taken by management to address climate-related risks and opportunities.","Constellium identifies physical and transition risks related to climate change as principal sustainability risks. Transition risks include policy risks, technology risks, market risks, and reputational risks. Risks related to circular economy include bottleneck issues due to growing demand for products containing recycled materials. The report does not clearly associate risks with a horizon.","Constellium identifies physical and transition risks related to climate change as principal sustainability risks. The potential impact includes increased costs, reduced demand for products, reputational risk, and becoming less attractive as an employer. The company aims to reduce GHG emissions and increase recycled metal input to mitigate these risks. However, the report lacks concrete data on the company's progress towards its targets and the effectiveness of its policies and actions.","Constellium's sustainability report acknowledges physical and transition risks related to climate change, and the company has conducted a natural hazard assessment of nine major sites. The report outlines targets to reduce GHG emissions intensity and increase recycled metal input. However, the report lacks concrete information on how the company's strategy is resilient to different climate scenarios and physical risks.","Constellium identifies physical and transition risks related to climate change as principal sustainability risks. The company conducts regular materiality analyses and risk assessments to identify and evaluate sustainability risks. The risk assessment process includes evaluating the impact of risks, prioritizing risks, and setting targets for risks related to climate change. The company also monitors and adapts to changes in regulations that might affect its business.","Constellium identifies physical and transition risks related to climate change as principal sustainability risks. They conducted a natural hazard assessment of nine major sites to understand their exposure and will implement action plans to mitigate any risks based on this assessment. They monitor, anticipate, and adapt to changes in regulations and seek to improve industry representation, reputation, and sustainability in their markets. They also made virtual sustainability training around climate change to their sales teams upon demand, boosting their knowledge of specific topics, so they can answer the increasing number of requests and questions from their customers.","Constellium integrates climate-related risks into its overall risk management by conducting a natural hazard assessment of nine major sites, implementing action plans to mitigate risks, and integrating sustainability risk assessment into the company-wide Enterprise Risk Assessment. The company also monitors, anticipates, and adapts to changes in regulations and technology that may affect its business. However, the report lacks concrete data on the effectiveness of risk management strategies.","Constellium identifies physical and transition risks related to climate change as principal sustainability risks. The company assesses sustainability risks and uses key performance indicators to measure progress towards reducing GHG emissions and increasing recycled metal input. The company also conducts virtual sustainability training and collaborative workshops to educate employees on climate change. However, the report lacks specific metrics used to assess climate-related risks and opportunities and how they align with the company's strategy and risk management process.","Constellium discloses its Scope 1, Scope 2, and Scope 3 GHG emissions. The majority of its GHG emissions are at Scope 3 level and related to the metal it buys. The risks associated with these emissions include supply chain transparency and responsible procurement. The company aims to reduce its combined Scope 1, 2, and 3 GHG emissions intensity by 30% vs 2021 by 2030.","Constellium aims to reduce its Scope 1, 2, and 3 GHG emissions intensity by 30% in 2030 vs 2021. The company also targets to increase its recycled metal input to over 750k MT by 2026 and have at least 50% of all aluminum used to be from recycled sources by 2030. The company measures its progress against these targets and incorporates ESG criteria into its incentive programs. As of 2022, Constellium has made progress towards its climate change and recycling targets."
SOURCES,"[2, 12, 19, 20, 70, 73]","[137, 138, 141, 73]","[137, 119, 141, 138, 114, 120, 111, 110, 381, 416, 121, 106, 108, 127, 393, 415]","[109, 114, 119, 120, 121, 127, 136, 137, 138, 141, 142, 143, 380, 381, 393, 394, 415]","[120, 137, 138, 141, 142, 143]","[137, 138, 107, 119, 110, 381]","[137, 138, 141, 120, 114, 142, 121, 73, 134, 109, 136]","[137, 138, 416, 119, 380, 120, 17, 111, 107, 136]","[137, 138, 27, 32, 114, 119, 108, 86, 110, 73, 120]","[280, 71, 156, 422, 354, 145, 161, 108, 163, 296, 143, 380, 144, 355, 128, 165]","[27, 32, 71, 130, 137, 354]"
PAGE,"[1, 3, 4, 13]","[27, 13]","[69, 71, 74, 20, 22, 24, 27]","[69, 71, 74, 20, 22, 24, 27, 28]","[24, 27, 28]","[24, 27, 20, 69]","[13, 20, 22, 24, 27]","[4, 69, 74, 20, 24, 27]","[6, 7, 13, 15, 20, 22, 24, 27]","[65, 66, 69, 75, 13, 50, 20, 54, 24, 28, 30, 31]","[65, 6, 7, 13, 25, 27]"
ANALYSIS,"The sustainability report provides some information on the board's oversight of climate-related risks and opportunities. It mentions that some board directors have taken e-learning courses on climate risk and sustainable growth strategies, and the Nominating and Governance Committee oversees the annual self-assessment of the board and its committees. The report also states that the board reviews progress against sustainability targets and that the Executive Committee reviews the progress of the sustainability roadmap at least twice a year. However, the report lacks specific details on the processes and frequency by which the board and/or board committees are informed about climate-related issues, and whether the board and/or board committees consider climate-related issues when reviewing and guiding strategy, major plans of action, risk management policies, annual budgets, and business plans. The report also does not provide information on how the board monitors and oversees progress against goals and targets for addressing climate-related issues.","The sustainability report provides limited information on management's role in assessing and managing climate-related risks and opportunities. While it mentions the existence of committees and positions responsible for climate-related issues, it does not provide details on their roles and responsibilities. The report also lacks information on the organizational structure and processes by which management is informed about climate-related issues. Overall, the disclosure is insufficient in meeting the TCFD guidelines outlined for this TCFD recommendation point.","The sustainability report provides some information on climate-related risks and opportunities, but it falls short of meeting the TCFD guidelines. The report identifies physical and transition risks related to climate change, but it does not provide a clear description of the relevant short-, medium-, and long-term time horizons. The report also lacks a detailed description of the specific climate-related issues that could have a material financial impact on the organization. While the report mentions the process used to determine which risks and opportunities could have a material financial impact on the organization, it does not provide a sector or geography-wise description of risks and opportunities. Overall, the report provides some information on climate-related risks and opportunities, but it lacks the necessary details to meet the TCFD guidelines.","The sustainability report provides some information on how climate-related risks and opportunities impact the organization's businesses strategy, economic and financial performance, and financial planning. The report discusses physical and transition risks, potential impacts, and targets for reducing GHG emissions. However, the report lacks specific details on how climate-related issues serve as an input to their financial planning process, the time period used, and how these risks and opportunities are prioritized. The report also does not provide a holistic picture of the interdependencies among the factors that affect their ability to create value over time. Overall, the report provides some information but lacks specific details and a comprehensive approach.","The sustainability report provides some information on the organization's resilience to climate-related risks and opportunities, but it falls short of meeting the TCFD guidelines. The report mentions the physical and transition risks related to climate change and the potential impact on financial performance. However, it does not describe how resilient the organization's strategy is to different climate-related scenarios, including a 2°C target or lower scenario. The report also lacks information on how the organization's strategies might change to address potential risks and opportunities. Overall, the report provides some information on the TCFD recommendation point, but it is not comprehensive enough to meet the TCFD guidelines.","The sustainability report provides some information on the processes used to identify and assess climate-related risks. The report identifies physical and transition risks related to climate change as principal sustainability risks and describes the evaluation and prioritization of risks. However, the report lacks details on how the organization determines the relative significance of climate-related risks in relation to other risks and whether they consider existing and emerging regulatory requirements related to climate change. The report also does not disclose the processes for assessing the potential size and scope of identified climate-related risks and definitions of risk terminology used or references to existing risk classification frameworks used. Overall, the disclosure quality is moderate.","The disclosure provides some information on how the organization manages climate-related risks. It identifies physical and transition risks and mentions that the company has conducted a natural hazard assessment of nine major sites to understand its exposure. It also states that the company will implement action plans to mitigate any risks based on this assessment. However, the disclosure lacks details on how the company makes decisions to mitigate, transfer, accept, or control those risks. It also does not provide information on how materiality determinations are made within the organization. Overall, the disclosure partially meets the requirements for high-quality disclosure pertaining to the critical element of how the organization manages climate-related risks.","The disclosure provides a comprehensive overview of the company's approach to identifying, assessing, and managing climate-related risks. The report describes the processes for identifying and evaluating climate-related risks, including physical and transition risks, and how they are integrated into the organization's overall risk management. The report also includes specific examples of risk assessments and mitigation plans. However, the report lacks specific details on the key performance indicators used to assess the risks and the consistency of the outcomes. Overall, the disclosure meets most of the requirements, but there is room for improvement in terms of providing more specific information.","The given disclosure lacks specific details on the metrics used to assess climate-related risks and opportunities. While the report mentions the risks associated with climate change, it does not provide any information on the metrics used to measure and manage these risks. The report does not provide any historical or forward-looking metrics for the cross-industry, nor does it describe the methodologies used to calculate or estimate climate-related metrics. The report does mention the internal carbon prices and climate-related opportunity metrics, but it does not provide any specific details on these metrics. Overall, the disclosure does not meet the majority of the requirements for high-quality disclosure pertaining to the critical element.","The report partially meets the requirements for disclosing Scope 1, Scope 2, and Scope 3 GHG emissions. The report discloses Scope 1 and Scope 2 GHG emissions, but it is unclear whether the disclosure is independent of a materiality assessment. The report also discloses Scope 3 GHG emissions, but it is not clear whether the disclosure is comprehensive. The report does not provide a description of the methodologies used to calculate or estimate the metrics. The report provides GHG emissions for historical periods, but it is unclear whether the emissions are calculated in line with the GHG Protocol methodology. The report provides industry-specific GHG efficiency ratios. The report provides related risks, but it is unclear whether the risks differ depending on the scope.","The sustainability report provides a clear description of the organization's key climate-related targets, including GHG emissions intensity reduction targets for Scope 1, 2, and 3, and recycled metal input targets. The report also includes the base year, time frames, and key performance indicators used to assess progress against targets. However, the report lacks a description of the methodologies used to calculate targets and measures. The report also does not disclose associated interim targets in aggregate or by business line, where available. Overall, the report provides a good level of disclosure on the targets used by the organization to manage climate-related risks and opportunities and performance against targets."
SCORE,60,30,50,60,50,60,60,85,20,70,80
