,"Company name: HDFC Bank
Company sector: Financial Services
Company location: India
Pages: 39","Company name: HDFC Bank
Company sector: Financial Services
Company location: India
Pages: 39","Company name: HDFC Bank
Company sector: Financial Services
Company location: India
Pages: 39","Company name: HDFC Bank
Company sector: Financial Services
Company location: India
Pages: 39","Company name: HDFC Bank
Company sector: Financial Services
Company location: India
Pages: 39","Company name: HDFC Bank
Company sector: Financial Services
Company location: India
Pages: 39","Company name: HDFC Bank
Company sector: Financial Services
Company location: India
Pages: 39","Company name: HDFC Bank
Company sector: Financial Services
Company location: India
Pages: 39","Company name: HDFC Bank
Company sector: Financial Services
Company location: India
Pages: 39","Company name: HDFC Bank
Company sector: Financial Services
Company location: India
Pages: 39","Company name: HDFC Bank
Company sector: Financial Services
Company location: India
Pages: 39"
,tcfd_1,tcfd_2,tcfd_3,tcfd_4,tcfd_5,tcfd_6,tcfd_7,tcfd_8,tcfd_9,tcfd_10,tcfd_11
ANSWER,"The report does not provide specific information on how the board oversees climate-related risks and opportunities. It only mentions that the Risk Policy and Monitoring Committee of the Board supervises the implementation of the risk strategy and periodically reviews risk level and direction, portfolio composition, status of impaired credits as well as limits for treasury operations. However, it is unclear whether this committee specifically addresses climate-related risks and opportunities.","The Board of Directors endorses the risk strategy and approves the risk policies. The Risk Policy and Monitoring Committee of the Board supervises the implementation of the risk strategy and guides the development of policies, procedures and systems for managing risk. The committee periodically reviews risk level and direction, portfolio composition, status of impaired credits as well as limits for treasury operations. The Bank has collaborated with an external sustainability and carbon consultant for assistance in measuring the carbon footprint of the entire organization with the help of an IT platform.","The sustainability report of HDFC Bank identifies several climate-related risks and opportunities. Risks include developments in international policy, natural calamities, emission reporting obligations, and reputation. Opportunities include international agreements, cap and trade schemes, and renewable energy regulation. The report does not clearly associate risks with a horizon, and some statements lack concrete data.","The HDFC Bank acknowledges that developments in the international policy domain have direct implications on its operational cost. Natural calamities pose a risk to the Bank's credit exposure. The Bank has identified credit risk, market risk, liquidity risk, and operational risk as potential risks to its business. The Bank has collaborated with an external sustainability and carbon consultant to measure its carbon footprint. The Bank continuously identifies and acts on opportunities that generate long-term value for its stakeholders. However, the report lacks concrete data to support its claims.","The report does not provide sufficient information to determine the resilience of HDFC Bank's strategy in different climate-related scenarios or physical risks. The report only mentions the risks faced by the bank, such as credit risk, market risk, liquidity risk, and operational risk, but does not provide any concrete measures taken by the bank to address these risks in the context of climate change. The report also mentions the bank's efforts to minimize its environmental impact, but it is unclear how these efforts contribute to the resilience of the bank's strategy in the face of climate-related risks.","HDFC Bank assesses projects for risks related to negative social and/or environmental impacts before approval. The bank appoints independent engineers for conducting due diligence from technical, environmental, health, safety, and social perspectives. The board reviews risk management processes for sustainability topics. The bank collaborates with an external sustainability and carbon consultant for assistance in measuring the carbon footprint of the entire organization. The bank makes continuous efforts to identify and act on opportunities that generate long-term value for its stakeholders.","HDFC Bank collaborates with an external sustainability and carbon consultant to measure the carbon footprint of the entire organization. The bank has a Risk Policy and Monitoring Committee of the Board that supervises the implementation of the risk strategy and guides the development of policies, procedures, and systems for managing risk. The bank also screens investments to be sustainable and environmentally responsible through Social and Environmental Risk Management System .","The HDFC Bank's sustainability report does not provide sufficient information on how the processes for identifying, assessing, and managing climate-related risks are integrated into the organization's overall risk management. The report only mentions the existence of a Risk Policy and Monitoring Committee of the Board that supervises the implementation of the Risk Management Strategy, but it does not provide any details on how climate-related risks are managed.","HDFC Bank's sustainability report does not provide specific metrics used to assess climate-related risks and opportunities. However, the report mentions that the Board of Directors endorses the risk strategy and approves the risk policies, while the Risk Policy and Monitoring Committee supervises the implementation of the risk strategy. The report also states that the Bank makes continuous efforts to identify and act on opportunities that generate long-term value for its stakeholders.","Yes, HDFC Bank discloses its Scope 1, Scope 2, and Scope 3 greenhouse gas emissions. The combined Scope 1 and Scope 2 emissions increased by 15% due to increased electricity consumption, while the aggregate Scope 3 emissions reduced by 12%. The report does not provide specific figures for GHG emissions. The related risks are not specified in the report.","The report does not provide specific targets used to understand/quantify/benchmark climate-related risks and opportunities. The report only mentions that the bank acknowledges risks and recognises opportunities, and has a Risk Policy and Monitoring Committee that supervises the implementation of the Risk Management Strategy. There is no information on how the organization is performing against these targets."
SOURCES,"[69, 201, 242, 259]","[200, 205, 210, 242, 258]","[200, 201, 202, 204, 205, 206, 208, 209, 210, 213, 214, 239, 242, 243, 250, 258, 273]","[205, 201, 210, 202, 208, 204, 211, 207, 214, 216]","[51, 52, 69, 118, 192, 200, 201, 202, 204, 205, 210, 211, 213, 214, 236, 239, 243, 250, 257, 258]","[138, 200, 205, 210, 213, 228, 255, 69, 137, 140, 178, 195, 211, 236, 239, 246, 258]","[200, 205, 258, 211, 138, 236]","[200, 258]","[51, 200, 201, 205, 210, 228, 236, 239, 242, 243, 248, 255, 257, 258, 262]","[39, 150, 151, 204, 234, 236]","[200, 201, 202, 205, 209, 213, 214, 217, 228, 236, 239, 242, 243, 246, 257, 258, 262]"
PAGE,"[33, 10, 27, 30]","[33, 26, 27, 28, 30]","[33, 35, 26, 27, 28, 29, 30, 31]","[27, 28, 29]","[33, 8, 10, 17, 25, 26, 27, 28, 29, 30, 31]","[32, 33, 10, 20, 23, 25, 26, 27, 28, 29, 30, 31]","[33, 20, 26, 27, 28, 30]","[33, 26]","[32, 33, 8, 26, 27, 28, 29, 30, 31]","[21, 27, 5, 30]","[33, 26, 27, 28, 29, 30, 31]"
ANALYSIS,"The sustainability report provides some information on the board's oversight of climate-related risks and opportunities. It mentions the frequency of the board's review of sustainability impacts, risks, and opportunities, the board's role in reviewing risk management processes for sustainability topics, and the board's performance with respect to governance of sustainability topics. However, the report lacks information on whether the board considers climate-related issues when reviewing and guiding strategy, major plans of action, risk management policies, annual budgets, and business plans as well as setting the organization's performance objectives, monitoring implementation and performance, and overseeing major capital expenditures, acquisitions, and divestitures. The report also does not provide details on how the board monitors and oversees progress against goals and targets for addressing climate-related issues.","The sustainability report provides some information on management's role in assessing and managing climate-related risks and opportunities. It mentions the existence of a Risk Policy and Monitoring Committee of the Board that supervises the implementation of the risk strategy and guides the development of policies, procedures, and systems for managing risk. However, the report lacks specific details on the organizational structure, processes by which management is informed about climate-related issues, and how management monitors climate-related issues. The report also includes some irrelevant information that does not address the TCFD recommendation point. Overall, the report partially meets the TCFD guidelines for high-quality disclosure pertaining to the TCFD recommendation point.","The sustainability report provides limited information on the most relevant climate-related risks and opportunities that the organization has identified over the short, medium, and long term. The report does not provide a clear description of the specific climate-related issues potentially arising in each time horizon that could have a material financial impact on the organization. The report does not provide a description of the process used to determine which risks and opportunities could have a material financial impact on the organization. The report does not consider providing a description of their risks and opportunities by sector and/or geography, as appropriate. Overall, the report lacks the necessary components for high-quality disclosure pertaining to the critical element.","The sustainability report fails to meet the TCFD guidelines for this TCFD recommendation point. The report does not provide any specific information on how climate-related risks and opportunities impact the organization's businesses strategy, economic and financial performance, and financial planning. The report only mentions a few risks and opportunities without providing any details on how they impact the organization's financial performance. The report does not describe how climate-related issues serve as an input to their financial planning process, the time period used, and how these risks and opportunities are prioritized. The report does not describe the impact of climate-related issues on their financial position. The report does not describe their plans for transitioning to a low-carbon economy.","The sustainability report does not provide sufficient information to evaluate the resilience of the organization's strategy to climate-related risks and opportunities. The report does not discuss how the organization's strategy might change to address potential risks and opportunities, the potential impact of climate-related issues on financial performance and position, or the climate-related scenarios and associated time horizon considered. The report only briefly mentions natural calamities and developments in the international policy domain as potential risks. The report does not provide any information on how the organization's strategy is resilient to physical climate-related risks. Therefore, the report does not meet the TCFD guidelines for this TCFD recommendation point.","The sustainability report provides some information on the organization's processes for identifying and assessing climate-related risks. The report mentions that the bank assesses projects for risks related to negative social and/or environmental impacts before approval and appoints independent engineers for conducting due diligence from environmental, health, safety, and social perspectives. The report also describes the bank's risk policy and monitoring committee of the board that supervises the implementation of the risk strategy. However, the report lacks specific details on how the bank determines the relative significance of climate-related risks in relation to other risks and whether it considers existing and emerging regulatory requirements related to climate change. The report also does not disclose the processes for assessing the potential size and scope of identified climate-related risks and definitions of risk terminology used or references to existing risk classification frameworks used.","The sustainability report provides limited information on how the organization manages climate-related risks. The report mentions that the bank collaborates with an external sustainability and carbon consultant for assistance in measuring the carbon footprint of the entire organization. However, the report does not provide any details on how the bank makes decisions to mitigate, transfer, accept, or control climate-related risks. The report also does not describe the bank's processes for prioritizing climate-related risks or how materiality determinations are made within the organization. Overall, the report lacks the necessary components for high-quality disclosure pertaining to the critical element of how the organization manages climate-related risks.","The sustainability report provides some information on how the processes for identifying, assessing, and managing climate-related risks are integrated into the organization's overall risk management. The report mentions the Board's role in identifying and managing sustainability impacts, risks, and opportunities, and the frequency of the Board's review of sustainability impacts, risks, and opportunities. The report also describes the Bank's Risk Policy and Monitoring Committee, which supervises the implementation of the Risk Management Strategy. However, the report lacks specific details on how the processes for identifying, assessing, and managing climate-related risks are integrated into the organization's overall risk management. The report does not provide any information on how the Bank weighs risks or how it identifies, measures, monitors, and manages risks of varied nature. Therefore, the report partially meets the TCFD guidelines.","The sustainability report does not provide sufficient information on the metrics used by the organization to assess climate-related risks and opportunities. The report only mentions the risks faced by the organization, such as credit risk, market risk, liquidity risk, and operational risk, but does not provide any specific metrics to measure and manage climate-related risks and opportunities. The report does not provide any information on whether and how related performance metrics are incorporated into remuneration policies. The report does not provide any internal carbon prices or climate-related opportunity metrics. The report does not provide any forward-looking metrics for the cross-industry. The report does not provide a description of the methodologies used to calculate or estimate climate-related metrics.","The sustainability report provides some information on the organization's greenhouse gas  emissions, but it does not meet the requirements for high-quality disclosure. The report does not disclose Scope 1, Scope 2, and Scope 3 GHG emissions independently, nor does it provide related risks. The report does not provide GHG emissions for historical periods, nor does it describe the methodologies used to calculate or estimate the metrics. The report does not provide generally accepted industry-specific GHG efficiency ratios. While the report mentions a carbon footprint measurement, it does not provide the results. Overall, the report lacks transparency and specificity in disclosing GHG emissions and related risks.","The sustainability report does not provide sufficient information on the targets used by the organization to manage climate-related risks and opportunities and performance against targets. The report only briefly mentions the risks and opportunities faced by the organization, but does not provide any specific targets or performance indicators. The report does not describe whether the targets are absolute or intensity-based, the time frames over which the targets apply, the base year from which progress is measured, or the key performance indicators used to assess progress against targets. The report does not provide a description of the methodologies used to calculate targets and measures. Overall, the report does not meet the TCFD guidelines for high-quality disclosure pertaining to the TCFD recommendation point."
SCORE,60,60,20,0,0,60,20,60,10,30,10
