,"Company name: EnLink
Company sector: Oil & Gas - Midstream
Company location: United States
Pages: 56","Company name: EnLink
Company sector: Oil & Gas - Midstream
Company location: United States
Pages: 56","Company name: EnLink
Company sector: Oil & Gas - Midstream
Company location: United States
Pages: 56","Company name: EnLink
Company sector: Oil & Gas - Midstream
Company location: United States
Pages: 56","Company name: EnLink
Company sector: Oil & Gas - Midstream
Company location: United States
Pages: 56","Company name: EnLink
Company sector: Oil & Gas - Midstream
Company location: United States
Pages: 56","Company name: EnLink
Company sector: Oil & Gas - Midstream
Company location: United States
Pages: 56","Company name: EnLink
Company sector: Oil & Gas - Midstream
Company location: United States
Pages: 56","Company name: EnLink
Company sector: Oil & Gas - Midstream
Company location: United States
Pages: 56","Company name: EnLink
Company sector: Oil & Gas - Midstream
Company location: United States
Pages: 56","Company name: EnLink
Company sector: Oil & Gas - Midstream
Company location: United States
Pages: 56"
,tcfd_1,tcfd_2,tcfd_3,tcfd_4,tcfd_5,tcfd_6,tcfd_7,tcfd_8,tcfd_9,tcfd_10,tcfd_11
ANSWER,"EnLink's Board of Directors oversees climate-related risks and opportunities by discussing top risks with the Audit Committee twice a year and reviewing sustainability progress through its Sustainability Committee. The directors have extensive energy, finance, sustainability, and public company governance expertise. However, the report lacks concrete data on the board's actions and responsibilities regarding climate issues.","EnLink's management assesses and manages climate-related risks and opportunities by discussing enterprise risks, including climate-related risks, with the Audit Committee of the Board of Directors twice a year. They also engage leaders throughout the business to identify and prioritize risks in their respective areas and update corresponding mitigation plans quarterly. EnLink follows a continuous improvement process to ensure environmental standards and considerations are a priority in project planning, emergency response planning, and employee training. They have also adopted near- and long-term emissions targets and are pursuing a path to reach a 30% reduction in their total scope 1 carbon dioxide equivalent  emissions intensity by 2030 as compared to 2020 levels.","EnLink has identified short, medium, and long-term emissions targets, including a 30% reduction in methane emissions intensity by 2024 and a 30% reduction in total CO2e emissions intensity by 2030. The company also focuses on environmental stewardship, energy transition, and energy use and emissions. However, the report lacks concrete data on the identified risks and opportunities, and some statements may be cheap talks.","EnLink acknowledges climate-related risks and opportunities in its sustainability report, but the report lacks specific details on how these impact the company's strategy, financial performance, and planning. The report includes some greenwashing and cheap talks, such as emphasizing the importance of sustainability without providing concrete data or targets. The report also lacks transparency on the company's environmental impact and does not provide enough information on its ESG-related topics.","EnLink has set emissions reduction targets, including a 30% reduction in methane emissions intensity by 2024 and a 30% reduction in total CO2e emissions intensity by 2030. They have also committed to achieving net-zero emissions by 2050. However, the report lacks specific details on how the company plans to achieve these targets and whether their strategy is resilient to different climate scenarios.","EnLink identifies and assesses climate-related risks through a companywide risk management program, which includes leaders discussing enterprise risks and determining prioritization, and the ERM program used as the basis for EnLink’s Internal Audit plan. The company also utilizes process hazard analyses, pre-job tailgate meetings, inspections, and incident investigations to identify and mitigate work hazards throughout each phase of new projects and existing operations. EnLink's environmental performance is driven by their environmental management system, enabling both managerial oversight and employee focus on key environmental areas.","EnLink has an Enterprise Risk Management program that identifies and prioritizes risks, including climate-related risks. The company has adopted near- and long-term emissions targets and is pursuing significant emissions reduction strategies to achieve net zero greenhouse gas emissions by 2050. EnLink also follows a continuous improvement process to ensure environmental standards are a priority in project planning, emergency response planning, and employee training.","EnLink integrates climate-related risks into its overall risk management through its Enterprise Risk Management program, which identifies and prioritizes risks in each business area and updates corresponding mitigation plans quarterly. The program is also used as the basis for EnLink's Internal Audit plan and is discussed with the Audit Committee of the Board of Directors twice a year. However, the report lacks concrete data on the specific processes for identifying, assessing, and managing climate-related risks.","EnLink's sustainability report mentions a Safety and Sustainability Scorecard that measures key performance indicators focused on risk management, compliance, process improvement, and employee knowledge and development. The report also highlights the company's focus on Environmental Stewardship, Social Responsibility, and Governance and Ethics. However, the report lacks specific metrics used to assess climate-related risks and opportunities, and how they align with the company's strategy and risk management process.","EnLink discloses its intention to achieve a 30% reduction in total scope 1 CO2e emissions intensity by 2030 as compared to 2020 levels. The report also mentions a 30% reduction in methane emissions intensity by 2024 and net zero emissions by 2050. However, no specific figures on GHG emissions are provided, and the related risks are not discussed in detail.","EnLink has set targets to reduce methane emissions intensity by 30% by 2024 and total CO2e emissions intensity by 30% by 2030. In 2021, they achieved reductions of approximately 1,500 metric tonnes of methane emissions and approximately 38,000 MT of CO2e. The company uses a Safety and Sustainability Scorecard to track performance in risk management, compliance, process improvement, and employee development. EnLink's sustainability program is reviewed regularly by the Sustainability Core Team and the Internal Audit team."
SOURCES,"[208, 209, 212, 213, 237]","[26, 111, 236, 238, 24, 29, 8, 35, 79]","[209, 79, 104, 86, 25]","[21, 26, 45, 79, 111, 116, 208, 237, 238]","[79, 91, 60]","[237, 104, 116, 238, 120, 236, 29, 26, 112, 118, 241, 25, 27, 21, 134, 35]","[237, 111, 236, 104, 238, 209, 79, 26, 86, 25, 57, 35, 241]","[236, 237, 238]","[116, 26, 25, 45, 104]","[15, 60, 12]","[25, 79, 116]"
PAGE,"[48, 54, 46]","[1, 5, 6, 7, 8, 19, 54, 26]","[6, 46, 19, 21, 25]","[4, 6, 10, 46, 19, 54, 26, 27]","[19, 22, 14]","[4, 6, 7, 8, 54, 55, 25, 26, 27, 30]","[6, 8, 46, 14, 19, 21, 54, 55, 25, 26]",[54],"[25, 10, 27, 6]","[2, 14]","[27, 19, 6]"
ANALYSIS,"The sustainability report provides some information on the board's oversight of climate-related risks and opportunities. It mentions that the board is informed about a wide range of risks, including climate-related risks, and that the Audit Committee reviews selected risks in depth twice a year. However, the report does not provide any information on whether the board considers climate-related issues when reviewing and guiding strategy, risk management policies, annual budgets, and business plans. Additionally, the report does not provide any information on how the board monitors and oversees progress against goals and targets for addressing climate-related issues. Overall, the disclosure is insufficient in meeting the TCFD guidelines.","The disclosure provides some information on management's role in assessing and managing climate-related risks and opportunities. It mentions that a wide range of risks, including climate-related risks, are considered, and results are discussed with the Audit Committee of the Board of Directors. It also describes EnLink's environmental management system and its continuous improvement process. However, the disclosure lacks specific information on whether the organization has assigned climate-related responsibilities to management-level positions or committees, the associated organizational structure, processes by which management is informed about climate-related issues, and how management monitors climate-related issues. Therefore, the disclosure partially meets the TCFD guidelines.","The given disclosure provides limited information on the climate-related risks and opportunities that the organization has identified over the short, medium, and long term. While the report mentions that a wide range of risks are considered, including climate-related risks, it does not provide a clear description of the specific climate-related issues potentially arising in each time horizon that could have a material financial impact on the organization. Additionally, the report does not describe the process used to determine which risks and opportunities could have a material financial impact on the organization. The disclosure does not meet the TCFD guidelines for high-quality disclosure pertaining to the TCFD recommendation point.","The given disclosure does not provide sufficient information to evaluate the impact of climate-related risks and opportunities on the organization's businesses strategy, economic and financial performance, and financial planning. The disclosure does not discuss how identified climate-related issues have affected their businesses, strategy, and financial planning. The disclosure does not provide any information on the impact of climate-related issues on their financial performance and financial position. The disclosure does not describe how climate-related issues serve as an input to their financial planning process, the time period used, and how these risks and opportunities are prioritized. The disclosure does not describe the impact of climate-related issues on their operations, supply chain, and investment in research and development. The disclosure does not describe their plans for transitioning to a low-carbon economy.","The sustainability report provides limited information on the resilience of the organization's strategy to climate-related risks and opportunities. While the report mentions the company's emissions reduction targets and its commitment to achieving net-zero emissions by 2050, it does not provide a detailed discussion of how the company's strategy will change to address potential climate-related risks and opportunities. The report also does not discuss the potential impact of climate-related issues on financial performance and financial position. Overall, the report does not meet the majority of the TCFD guidelines outlined for this TCFD recommendation point.","The sustainability report provides some information on the organization's processes for identifying and assessing climate-related risks. The report mentions that a wide range of risks are considered, including climate-related risks, and that leaders discuss enterprise risks to determine prioritization. However, the report lacks specific details on how the organization determines the relative significance of climate-related risks in relation to other risks. The report also does not disclose the processes for assessing the potential size and scope of identified climate-related risks or definitions of risk terminology used or references to existing risk classification frameworks used. Overall, the disclosure is insufficient in meeting the TCFD guidelines.","The sustainability report provides some information on how the organization manages climate-related risks. It mentions that a wide range of risks are considered, including climate-related risks, and that EnLink has an Enterprise Risk Management program that identifies and prioritizes risks. However, the report lacks specific details on how the organization makes decisions to mitigate, transfer, accept, or control climate-related risks. It also does not provide information on how materiality determinations are made within the organization. Overall, the disclosure is insufficient to meet the TCFD guidelines for high-quality disclosure pertaining to the TCFD recommendation point.","The sustainability report provides some information on how EnLink integrates climate-related risks into its overall risk management. The report mentions that a wide range of risks, including climate-related risks, are considered, and that leaders throughout the business are engaged to identify and prioritize risks in their respective areas. The report also states that EnLink operates a companywide risk management program and business continuity plan to ensure ongoing sustainability. However, the report lacks specific details on how EnLink identifies, assesses, and manages climate-related risks. The report could benefit from more information on how EnLink's ERM program is integrated into its strategic plan and how EnLink prioritizes climate-related risks. Overall, the report provides some information on the integration of climate-related risks into EnLink's overall risk management, but lacks specific details.","The given disclosure does not provide sufficient information to evaluate the organization's metrics used to assess climate-related risks and opportunities. The report mentions that a wide range of risks are considered, including climate-related risks, and that EnLink has a sustainability program that aligns with its company strategy, industry developments, and stakeholder expectations. However, the report does not provide any specific metrics used to measure and manage climate-related risks and opportunities. The report also does not provide any information on whether and how related performance metrics are incorporated into remuneration policies. While EnLink reports on its environmental performance and stewardship, it does not provide any specific metrics on climate-related risks associated with water, energy, land use, and waste management. The report does not provide any information on internal carbon prices or climate-related opportunity metrics. Overall, the disclosure is insufficient to evaluate the organization's metrics used to assess climate-related risks and opportunities.","The sustainability report provides some information on the organization's Scope 1 and Scope 2 GHG emissions, but it is unclear whether the emissions are calculated in line with the GHG Protocol methodology. The report does not provide any information on Scope 3 GHG emissions and the related risks. The report does not provide historical data on GHG emissions, which is necessary for trend analysis. The report does not provide a description of the methodologies used to calculate or estimate the metrics. Overall, the report lacks sufficient detail to meet the TCFD guidelines for high-quality disclosure pertaining to the TCFD recommendation point.","The given disclosure provides limited information on the targets used by the organization to manage climate-related risks and opportunities and performance against targets. While the report mentions the adoption of near- and long-term emissions targets, it does not provide details on the targets' base year, time frames, or key performance indicators used to assess progress against targets. The report also lacks information on the methodologies used to calculate targets and measures. The report does not disclose associated interim targets in aggregate or by business line, where available. Overall, the disclosure does not meet most of the requirements outlined for high-quality disclosure pertaining to the critical element."
SCORE,40,60,20,0,20,40,50,60,10,30,30
