,"Company name: Humana
Company sector: Healthcare
Company location: None
Pages: 27","Company name: Humana
Company sector: Healthcare
Company location: None
Pages: 27","Company name: Humana
Company sector: Healthcare
Company location: None
Pages: 27","Company name: Humana
Company sector: Healthcare
Company location: None
Pages: 27","Company name: Humana
Company sector: Healthcare
Company location: None
Pages: 27","Company name: Humana
Company sector: Healthcare
Company location: None
Pages: 27","Company name: Humana
Company sector: Healthcare
Company location: None
Pages: 27","Company name: Humana
Company sector: Healthcare
Company location: None
Pages: 27","Company name: Humana
Company sector: Healthcare
Company location: None
Pages: 27","Company name: Humana
Company sector: Healthcare
Company location: None
Pages: 27","Company name: Humana
Company sector: Healthcare
Company location: None
Pages: 27"
,tcfd_1,tcfd_2,tcfd_3,tcfd_4,tcfd_5,tcfd_6,tcfd_7,tcfd_8,tcfd_9,tcfd_10,tcfd_11
ANSWER,"The report does not provide specific information on how the company's board oversees climate-related risks and opportunities. However, the report mentions that Humana is working with a global leader to create a more robust next-generation goal that will align with the Science Based Targets Initiative  to address climate change. The report also highlights the company's commitment to reducing greenhouse gas emissions and waste from its operations, adopting renewable energy solutions, and benchmarking and publicly reporting its efforts as part of its ESG measurement strategy.","Humana is committed to reducing greenhouse gas emissions, waste, and adopting renewable energy solutions. They are working with a global leader in digital transformation to create a more robust next-generation goal that will align with the Science Based Targets Initiative  to address climate change. However, the report lacks specific data on the role of management in assessing and managing climate-related risks and opportunities.","Humana has identified reducing greenhouse gas emissions, deploying water conservation efforts, adopting renewable energy solutions, and diverting waste as relevant climate-related opportunities. However, the report lacks clear identification of climate-related risks and their associated horizon. The report also contains cheap talks and vague statements that require further clarification and quantification.","Humana's sustainability report mentions their commitment to reducing greenhouse gas emissions, waste, and deploying renewable energy solutions. They plan to announce a new environmental goal in late 2022 aligned with the Science Based Targets Initiative. However, the report lacks concrete data on the impact of climate-related risks and opportunities on their business strategy, economic and financial performance, and financial planning.","Humana plans to announce a new environmental goal in late 2022 that will align with the Science Based Targets Initiative  to address climate change. However, the report lacks concrete information on how resilient the organization's strategy is when considering different climate-related scenarios or physical risks.","Humana's sustainability report does not provide specific information on the processes used to identify and assess climate-related risks. However, the report highlights the company's commitment to reducing greenhouse gas emissions, waste, and water consumption, as well as adopting renewable energy solutions. Humana also engages a third-party assurance contractor to verify its GHG emissions. The report lacks concrete data on the company's progress towards its environmental goals and does not provide a timeline for achieving them.","Humana is working with internal and external partners to develop environmental strategies, including reducing greenhouse gas emissions and waste, deploying water conservation efforts, adopting renewable energy solutions, and benchmarking and publicly reporting their efforts. They are also working with a global leader in energy management to create a more robust next-generation goal that will align with the Science Based Targets Initiative  to address climate change. However, the report lacks concrete data on the effectiveness of these strategies and the extent of their implementation.","Humana's sustainability report mentions its commitment to reducing greenhouse gas emissions, adopting renewable energy solutions, and deploying water conservation efforts. The report also states that Humana is working with a global leader in energy management to create a more robust next-generation goal that will align with the Science Based Targets Initiative  to address climate change. However, the report lacks concrete information on how the processes for identifying, assessing, and managing climate-related risks are integrated into the organization's overall risk management.","Humana uses five key metrics categories to measure and report their ESG performance, including environmental impact, talent and diversity, access to healthcare, data privacy and protection, and product quality and safety. The metrics help ensure that the company's performance is in line with its commitments to sustainable business and improving health outcomes. However, the report lacks specific details on how these metrics are used to assess climate-related risks and opportunities.","Humana discloses limited assurance verification of their GHG emissions for submission to the CDP, but it is unclear whether they disclose their Scope 1, Scope 2, and Scope 3 GHG emissions. No specific figures or data on these emissions are provided. The report does not identify any specific risks related to GHG emissions.","Humana is working with a global leader to create a Science Based Targets Initiative  aligned environmental goal, which will be announced in late 2022. No information is provided on how the organization is performing against these targets."
SOURCES,"[97, 98, 91, 100]","[97, 98]","[97, 100, 101, 99, 12]","[97, 98, 100]",[97],"[97, 74, 109, 9, 14, 98, 99, 2, 28, 12, 100, 108, 101, 13, 86, 71, 0, 87, 91]","[97, 98, 100]","[97, 98, 100]","[9, 12, 13, 16, 28, 43, 71, 86, 97, 98, 99, 100, 101, 107, 108, 109]",[109],[98]
PAGE,"[24, 22]",[24],"[24, 2]",[24],[24],"[0, 1, 2, 7, 18, 21, 22, 24, 26]",[24],[24],"[1, 2, 3, 7, 10, 18, 21, 24, 26]",[26],[24]
ANALYSIS,"The sustainability report does not provide sufficient information on how the company's board oversees climate-related risks and opportunities. The report does not discuss the processes and frequency by which the board and/or board committees are informed about climate-related issues. There is no mention of whether the board and/or board committees consider climate-related issues when reviewing and guiding strategy, major plans of action, risk management policies, annual budgets, and business plans. The report also does not provide information on how the board monitors and oversees progress against goals and targets for addressing climate-related issues. As a result, the report fails to meet the requirements for high-quality disclosure pertaining to the critical element of how the company's board oversees climate-related risks and opportunities.","The given sustainability report does not provide sufficient information to assess the role of management in assessing and managing climate-related risks and opportunities. The report does not mention whether the organization has assigned climate-related responsibilities to management-level positions or committees, nor does it describe the associated organizational structure. The report does not provide information on the processes by which management is informed about climate-related issues, nor does it describe how management monitors climate-related issues. The report only mentions the organization's commitment to reducing greenhouse gas emissions and waste, adopting renewable energy solutions, and benchmarking and publicly reporting its efforts as part of its ESG measurement strategy. Overall, the report lacks specific details and does not meet the requirements for high-quality disclosure pertaining to the critical element.","The sustainability report by Humana does not provide sufficient information on the most relevant climate-related risks and opportunities that the organization has identified over the short, medium, and long term. The report does not meet any of the requirements outlined for this critical element. The report mentions the organization's commitment to reducing greenhouse gas emissions, waste, and adopting renewable energy solutions, but it does not provide any specific information on the climate-related risks and opportunities that could have a material financial impact on the organization. The report also lacks a description of the process used to determine which risks and opportunities could have a material financial impact on the organization. Overall, the report does not provide adequate disclosure on this critical element.","The sustainability report of Humana lacks sufficient disclosure on how climate-related risks and opportunities impact the organization's business strategy, economic and financial performance, and financial planning. The report does not provide any specific information on how climate-related issues have affected their businesses, strategy, and financial planning. There is no mention of the impact of climate-related issues on their financial performance and financial position. The report does not describe how climate-related issues serve as an input to their financial planning process, the time period used, and how these risks and opportunities are prioritized. The report does not describe the impact of climate-related issues on their operations, supply chain, and investment in research and development. Overall, the report lacks the necessary components for high-quality disclosure pertaining to the critical element.","The sustainability report of Humana provides limited information on the resilience of the organization's strategy when considering different climate-related scenarios, including a 2°C target or lower scenario, and climate physical risks. The report mentions that Humana is working with a global leader to create a more robust next-generation goal that will align with the Science Based Targets Initiative  to address climate change, but no further details are provided. The report also discusses reducing greenhouse gas emissions and waste, adopting renewable energy solutions, and benchmarking, but it does not provide any information on how their strategies might change to address potential risks and opportunities. Overall, the report lacks specific details and does not meet most of the TCFD guidelines.","The given sustainability report does not provide sufficient information on the processes used by Humana to identify and assess climate-related risks. While the report mentions some of the company's environmental strategies, it does not describe how the organization determines the relative significance of climate-related risks in relation to other risks. The report also does not disclose whether the company considers existing and emerging regulatory requirements related to climate change. Additionally, the report does not provide any information on the processes used for assessing the potential size and scope of identified climate-related risks or definitions of risk terminology used or references to existing risk classification frameworks used. Overall, the report lacks the necessary components for high-quality disclosure pertaining to the critical element of identifying and assessing climate-related risks.","The sustainability report provides some information on how Humana manages climate-related risks. The report mentions that the company works with internal and external partners to develop environmental strategies, including reducing greenhouse gas emissions and waste, deploying water conservation efforts, adopting renewable energy solutions, and benchmarking. The report also mentions that Humana is working with a global leader in the digital transformation of energy management and automation to create a more robust next-generation goal that will align with the Science Based Targets Initiative  to address climate change. However, the report does not provide sufficient details on how the company makes decisions to mitigate, transfer, accept, or control climate-related risks, nor does it describe the company's processes for prioritizing climate-related risks. Overall, the report provides some information on how Humana manages climate-related risks, but it lacks specific details on the company's processes for managing and prioritizing these risks.","The given sustainability report does not provide sufficient information on how the processes for identifying, assessing, and managing climate-related risks are integrated into the organization's overall risk management. The report mentions Humana's commitment to reducing greenhouse gas emissions, adopting renewable energy solutions, and benchmarking, but it does not provide any specific details on how these processes are integrated into the organization's overall risk management. The report also mentions that Humana is working with a global leader to create a more robust next-generation goal that will align with the Science Based Targets Initiative  to address climate change, but it does not provide any specific details on how this goal will be integrated into the organization's overall risk management. Therefore, the report does not meet the TCFD guidelines for high-quality disclosure pertaining to the TCFD recommendation point.","The sustainability report does not provide sufficient information on the metrics used to assess climate-related risks and opportunities. While the report mentions five key metrics categories, it does not provide specific details on the metrics used to measure and manage climate-related risks and opportunities. The report does not provide metrics consistent with the cross-industry, nor does it include metrics on climate-related risks associated with water, energy, land use, and waste management. The report does not describe whether and how related performance metrics are incorporated into remuneration policies. While the report mentions internal carbon prices and climate-related opportunity metrics, it does not provide specific details on these metrics. The report does not provide forward-looking metrics for the cross-industry, nor does it describe the methodologies used to calculate or estimate climate-related metrics.","The sustainability report of Humana Inc. provides limited information on the disclosure of its Scope 1, Scope 2, and Scope 3 greenhouse gas  emissions. The report mentions that a third-party assurance contractor was employed to undertake the actions necessary to provide limited assurance verification of their GHG emissions for submission to the CDP. However, the report does not provide any specific details on the GHG emissions, related risks, or the methodologies used to calculate or estimate the metrics. The report does not meet the requirements for high-quality disclosure pertaining to the critical element of GHG emissions.","The sustainability report provides limited information on the targets used by the organization to manage climate-related risks and opportunities and performance against targets. The report mentions that Humana is working with a global leader to create a next-generation goal that will align with the Science Based Targets Initiative  to address climate change, but no specific targets are disclosed. The report does not provide information on whether the targets are absolute or intensity-based, time frames over which the target applies, base year from which progress is measured, or key performance indicators used to assess progress against targets. The report does not disclose any associated interim targets in aggregate or by business line, where available. The methodologies used to calculate targets and measures are also not described."
SCORE,0,10,0,10,20,10,60,0,20,20,20
