,"Company name: Allstate
Company sector: Insurance
Company location: Headquarters in USA, operates in multiple countries including India
Pages: 79","Company name: Allstate
Company sector: Insurance
Company location: Headquarters in USA, operates in multiple countries including India
Pages: 79","Company name: Allstate
Company sector: Insurance
Company location: Headquarters in USA, operates in multiple countries including India
Pages: 79","Company name: Allstate
Company sector: Insurance
Company location: Headquarters in USA, operates in multiple countries including India
Pages: 79","Company name: Allstate
Company sector: Insurance
Company location: Headquarters in USA, operates in multiple countries including India
Pages: 79","Company name: Allstate
Company sector: Insurance
Company location: Headquarters in USA, operates in multiple countries including India
Pages: 79","Company name: Allstate
Company sector: Insurance
Company location: Headquarters in USA, operates in multiple countries including India
Pages: 79","Company name: Allstate
Company sector: Insurance
Company location: Headquarters in USA, operates in multiple countries including India
Pages: 79","Company name: Allstate
Company sector: Insurance
Company location: Headquarters in USA, operates in multiple countries including India
Pages: 79","Company name: Allstate
Company sector: Insurance
Company location: Headquarters in USA, operates in multiple countries including India
Pages: 79","Company name: Allstate
Company sector: Insurance
Company location: Headquarters in USA, operates in multiple countries including India
Pages: 79"
,tcfd_1,tcfd_2,tcfd_3,tcfd_4,tcfd_5,tcfd_6,tcfd_7,tcfd_8,tcfd_9,tcfd_10,tcfd_11
ANSWER,"The Board oversees Allstate's business and management, including risk management, and regularly reviews overall business strategy, business plans for Allstate's property and casualty business, life insurance and annuity business and its investment portfolio, liquidity and use of capital, legal, regulatory and legislative issues. The Sustainability Leadership Team completes an annual review of the company's operations, stakeholder expectations and competitive actions to identify internal opportunities related to climate change. The Team considers potential opportunities related to employee engagement, current and future sustainability-related regulation, improved operational efficiencies and customer and consumer expectations.","Allstate regularly manages climate risks and opportunities through fluid risk identification processes. Business area risk owners identify risks and opportunities throughout the year, and Allstate monitors significant risk exposures in comparison to enterprise action plan targets quarterly through a comprehensive Enterprise Risk & Return. Allstate also applies its knowledge to help customers prepare for more severe and unpredictable weather patterns.","Allstate identifies climate risks such as catastrophic weather events, regulatory changes, and reputational risks. The company also sees opportunities in developing innovative products and services to manage future risks and investing in environmentally friendly projects. However, the report lacks concrete data and specific actions to address these risks and opportunities.","Allstate recognizes climate change as a significant issue to its business and monitors scientific analysis to assess the future frequency and severity of hurricanes. The company also identifies potential risks related to climate, such as catastrophic weather events, and considers regulatory, customer behavior changes, reputational, and weather-related risks and opportunities. Allstate's sustainability strategy includes reducing its energy, water, waste, and paper use to lower operating costs. The company invests in environmentally friendly opportunities, including wind, hydro, solar, and geothermal energy projects. Allstate's reporting framework is updated annually to reflect materiality assessment changes.","Allstate's sustainability report mentions that they monitor scientific analysis on how climate change might affect the future frequency and severity of hurricanes. They also have an interest in environmentally friendly investment opportunities. However, the report lacks concrete information on the resilience of their strategy in different climate-related scenarios and physical risks.","Allstate uses fluid risk identification processes to identify and assess climate-related risks. Business area risk owners identify risks and opportunities throughout the year, and Allstate monitors significant risk exposures in comparison to enterprise action plan targets quarterly through a comprehensive Enterprise Risk & Return dashboard. The report captures potential risks related to climate such as catastrophic weather events and other factors such as auto and homeowner insurance claim frequencies and severities, business continuity and disaster recovery planning, and investment concentration. Regulatory, customer behavior changes, reputational and weather-related risks and opportunities are also considered.","Allstate manages climate-related risks by monitoring significant risk exposures in comparison to enterprise action plan targets quarterly through a comprehensive Enterprise Risk & Return. They also focus on sustainable operations, develop innovative products and services to help manage future risks, and invest in environmentally friendly opportunities. However, the report lacks concrete data on the actual reduction of greenhouse gas emissions and the effectiveness of their risk management strategies.","Allstate uses fluid risk identification processes to manage climate risks, and business area risk owners identify risks and opportunities throughout the year. Allstate monitors significant risk exposures in comparison to enterprise action plan targets quarterly through a comprehensive Enterprise Risk & Return. However, the report lacks concrete data on the integration of climate-related risks into the overall risk management of the organization.","Allstate uses fluid risk identification processes to manage climate risks and opportunities. Business area risk owners identify risks and opportunities throughout the year, and Allstate monitors significant risk exposures in comparison to enterprise action plan targets quarterly through a comprehensive Enterprise Risk & Return. The company also monitors prevailing scientific analysis about how climate change might affect the future frequency and severity of hurricanes, and regularly discusses such trends with premier hurricane modelers. However, the report lacks specific metrics used to assess climate-related risks and opportunities and how they help ensure performance is in line with its strategy and risk management process.",Allstate discloses its direct and indirect greenhouse gas emissions by weight  but does not disclose its Scope 3 emissions. The report does not provide any specific figures on these emissions. The related risks are not mentioned in the report.,"Allstate uses fluid risk identification processes to manage climate risks and opportunities. The company monitors significant risk exposures in comparison to enterprise action plan targets quarterly through a comprehensive Enterprise Risk & Return Dashboard. However, the report lacks specific targets to quantify and benchmark climate-related risks and opportunities."
SOURCES,"[255, 254, 256, 120, 121, 153]","[254, 308, 329]","[254, 255, 329, 308, 330, 307, 120, 481, 65, 252, 496, 309, 463]","[329, 255, 254, 308, 307, 330, 4, 521, 256, 479, 464, 258]","[254, 329, 330]","[254, 255]","[254, 308, 119, 255, 329, 330, 4, 307, 309, 258, 120, 3, 522, 479, 521, 252, 253, 483]","[254, 255]","[254, 255, 329]",[496],"[119, 254, 255]"
PAGE,"[25, 20, 38]","[44, 38, 47]","[69, 38, 71, 10, 74, 44, 47, 20]","[1, 69, 38, 71, 44, 77, 47]","[38, 47]",[38],"[1, 38, 71, 72, 44, 77, 47, 19, 20]",[38],"[38, 47]",[74],"[19, 38]"
ANALYSIS,"The disclosure provides some information on the board's oversight of climate-related risks and opportunities. It mentions that the board and/or board committees are informed about climate-related issues and consider them when reviewing and guiding strategy, risk management policies, and business plans. The disclosure also mentions that the board monitors and oversees progress against goals and targets for addressing climate-related issues. However, the disclosure lacks specific details on the processes and frequency by which the board and/or board committees are informed about climate-related issues. Additionally, the disclosure does not provide any information on how the board considers climate-related issues when setting the organization's performance objectives, monitoring implementation and performance, and overseeing major capital expenditures, acquisitions, and divestitures. Overall, the disclosure partially meets the requirements for high-quality disclosure pertaining to the board's oversight of climate-related risks and opportunities.","The report provides some information on management's role in assessing and managing climate-related risks and opportunities. It mentions that climate risk is among some of the enterprise risks and opportunities that are regularly managed by Allstate, and that business area risk owners identify risks and opportunities throughout the year. However, the report does not provide specific information on whether the organization has assigned climate-related responsibilities to management-level positions or committees, the associated organizational structure, processes by which management is informed about climate-related issues, and how management monitors climate-related issues. Therefore, the report partially meets the requirements for high-quality disclosure pertaining to the critical element.","The sustainability report provides some information on climate-related risks and opportunities, but it lacks specificity and detail. The report does not provide a clear description of the relevant short-, medium-, and long-term time horizons, nor does it describe the specific climate-related issues that could have a material financial impact on the organization. The report briefly mentions some risks related to climate, such as catastrophic weather events, but does not provide a comprehensive overview of the risks and opportunities. The report does not describe the process used to determine which risks and opportunities could have a material financial impact on the organization. Overall, the disclosure is insufficient to meet the requirements for high-quality disclosure on the critical element of climate-related risks and opportunities.","The sustainability report provides some information on how climate-related risks and opportunities impact the organization's businesses strategy, economic and financial performance, and financial planning. The report discusses the impact of climate-related risks on the organization's business practices, risk management, and investment in research and development. However, the report lacks specific details on how climate-related issues serve as an input to their financial planning process, the time period used, and how these risks and opportunities are prioritized. The report also does not describe the impact of climate-related issues on their financial performance and financial position. Overall, the report provides some information but lacks specific details and comprehensive disclosures.","The sustainability report provides some information on the organization's resilience to climate-related risks and opportunities, but it lacks specific details on how the organization's strategy would change to address potential risks and opportunities. The report mentions that the organization monitors scientific analysis on how climate change might affect the future frequency and severity of hurricanes, but it does not provide any information on the climate-related scenarios and associated time horizon considered. The report also lacks information on the potential impact of climate-related issues on financial performance and financial position. Overall, the disclosure is insufficient to meet the TCFD guidelines for high-quality disclosure pertaining to the TCFD recommendation point.","The report provides some information on the organization's processes for identifying and assessing climate-related risks. It describes the risk management processes for identifying and assessing climate-related risks and considers existing and emerging regulatory requirements related to climate change. However, the report lacks details on how the organization determines the relative significance of climate-related risks in relation to other risks. The report does not disclose the processes for assessing the potential size and scope of identified climate-related risks and definitions of risk terminology used or references to existing risk classification frameworks used. Therefore, the report partially meets the requirements for high-quality disclosure pertaining to the critical element.","Allstate's sustainability report provides a comprehensive description of the organization's processes for managing climate-related risks. The report describes how the organization identifies and prioritizes climate-related risks and opportunities, including materiality determinations. It also outlines the company's efforts to mitigate climate risks, such as reducing greenhouse gas emissions and investing in renewable energy projects. However, the report lacks specific details on how the organization makes decisions to mitigate, transfer, accept, or control those risks. Additionally, the report does not provide information on the financial implications and other risks and opportunities for the organization's activities due to climate change. Overall, the report provides a good overview of the organization's approach to managing climate-related risks, but lacks some specific details.","The report provides some information on how climate-related risks are integrated into the organization's overall risk management. It mentions that climate risk is among some of the enterprise risks and opportunities that are regularly managed by Allstate. The report also describes the processes for identifying, assessing, and managing climate-related risks. However, the report lacks specific details on how these processes are integrated into the organization's overall risk management. The report does not provide any information on how the organization evaluates the effectiveness of its processes for identifying, assessing, and managing climate-related risks. Overall, the report provides some information on the integration of climate-related risks into the organization's overall risk management, but it lacks specific details and does not fully meet the requirements.","The sustainability report provides limited information on the metrics used to assess climate-related risks and opportunities. While the report mentions that climate risk is among some of the enterprise risks and opportunities that are regularly managed by Allstate, it does not provide specific metrics used to measure and manage climate-related risks and opportunities. The report does not provide metrics consistent with the cross-industry, metrics on climate-related risks associated with water, energy, land use, and waste management, or metrics for historical periods to allow for trend analysis. The report does not provide forward-looking metrics for the cross-industry, consistent with their business or strategic planning time horizons. The report does not provide a description of the methodologies used to calculate or estimate climate-related metrics. Therefore, the report does not meet most of the TCFD guidelines.","The report fails to meet the requirements for high-quality disclosure on Scope 1, Scope 2, and Scope 3 GHG emissions. While the report discloses the total direct and indirect GHG emissions by weight , it does not provide the GHG emissions for each scope. The report also does not provide the related risks and how they differ depending on the scope. The report does not disclose the methodologies used to calculate or estimate the metrics. The report does not provide historical data for trend analysis. The report does not provide generally accepted industry-specific GHG efficiency ratios. The report does not consider disclosing Scope 3 GHG emissions. The report fails to meet most of the requirements for high-quality disclosure on Scope 1, Scope 2, and Scope 3 GHG emissions.","The sustainability report provides limited information on the targets used by the organization to manage climate-related risks and opportunities and performance against targets. While the report mentions that climate risk is among some of the enterprise risks and opportunities that are regularly managed by Allstate, it does not provide any specific targets or key performance indicators used to assess progress against targets. The report also lacks information on whether the targets are absolute or intensity-based, time frames over which the target applies, and the base year from which progress is measured. Overall, the report fails to meet most of the TCFD guidelines outlined for this TCFD recommendation point."
SCORE,70,60,30,60,30,60,80,60,20,20,20
