,"Company name: BrightView
Company sector: Professional and Commercial Services
Company location: Blue Bell, Pennsylvania
Pages: 22","Company name: BrightView
Company sector: Professional and Commercial Services
Company location: Blue Bell, Pennsylvania
Pages: 22","Company name: BrightView
Company sector: Professional and Commercial Services
Company location: Blue Bell, Pennsylvania
Pages: 22","Company name: BrightView
Company sector: Professional and Commercial Services
Company location: Blue Bell, Pennsylvania
Pages: 22","Company name: BrightView
Company sector: Professional and Commercial Services
Company location: Blue Bell, Pennsylvania
Pages: 22","Company name: BrightView
Company sector: Professional and Commercial Services
Company location: Blue Bell, Pennsylvania
Pages: 22","Company name: BrightView
Company sector: Professional and Commercial Services
Company location: Blue Bell, Pennsylvania
Pages: 22","Company name: BrightView
Company sector: Professional and Commercial Services
Company location: Blue Bell, Pennsylvania
Pages: 22","Company name: BrightView
Company sector: Professional and Commercial Services
Company location: Blue Bell, Pennsylvania
Pages: 22","Company name: BrightView
Company sector: Professional and Commercial Services
Company location: Blue Bell, Pennsylvania
Pages: 22","Company name: BrightView
Company sector: Professional and Commercial Services
Company location: Blue Bell, Pennsylvania
Pages: 22"
,tcfd_1,tcfd_2,tcfd_3,tcfd_4,tcfd_5,tcfd_6,tcfd_7,tcfd_8,tcfd_9,tcfd_10,tcfd_11
ANSWER,"The report does not provide specific information on how the board oversees climate-related risks and opportunities. However, it states that the board collaborates with the leadership teams to direct and oversee ESG strategies, establish relevant policies and practices, and monitor progress and performance. The report also highlights the board's oversight of the company's ESG efforts and its commitment to sound business principles and maintaining the highest standards of business integrity and ethics.","BrightView's management is responsible for overseeing ESG strategies, establishing relevant policies and practices, and monitoring progress and performance. The company plans to convert its vehicle fleet to electric or hybrid, engage in incremental initiatives to plant two million trees, and achieve carbon neutrality by 2035. However, the report lacks concrete data and relies on vague statements, and it is unclear how the company plans to achieve its goals.","BrightView has identified reducing greenhouse gas emissions, water stewardship, and focusing on renewables as the most relevant climate-related risks and opportunities over the short, medium, and long term. However, the report lacks specificity on the horizon of the risks. The company also plans to achieve carbon neutrality by 2035, but the report does not provide a clear roadmap on how this will be achieved.","BrightView remains committed to carbon neutrality goals through equipment and fleet electrification, energy-efficient buildings, and tree planting. They are also engaged with a sustainability consultant to review their greenhouse gas emissions inventory and advise on data collection and management process improvements. However, the report lacks concrete data on how climate-related risks and opportunities impact the organization's business strategy, economic and financial performance, and financial planning.","BrightView's sustainability report mentions its commitment to achieving carbon neutrality by 2035, but acknowledges that certain factors may impact key milestones. The report also highlights the company's efforts to reduce carbon emissions through equipment and fleet electrification, energy-efficient buildings, and tree planting. However, the report lacks specific information on how resilient the organization's strategy is when considering different climate-related scenarios or physical risks.","BrightView uses benchmarking peers and sustainability leaders, analyzing current and emerging ESG trends, and examining leading reporting standards and guidance from Global Reporting Initiative , MSCI, and the Sustainability Accounting Standards Board  to identify and assess climate-related risks.","BrightView manages climate-related risks by reducing carbon emissions through equipment and fleet electrification, energy-efficient buildings, and tree planting. They also work with customers to save water usage and focus on renewables as they shift to a more electric-powered company. They aim to achieve carbon neutrality by 2035 and have taken steps to convert their management vehicle fleet to electric or hybrid and plant two million trees. They also conduct safety training and hold meetings to prevent injuries and accidents. However, the report lacks concrete data on the progress made towards achieving their goals and the effectiveness of their strategies.","The report does not provide a clear integration of climate-related risks into the organization's overall risk management. While the materiality assessment guides the focus of disclosures in the ESG report, it does not provide a clear link between the assessment and the organization's risk management. The report contains cheap talks and vague statements that lack concrete data to support the company's claims.","BrightView uses a materiality assessment process to identify ESG topics that matter most to its stakeholders. The assessment involves benchmarking peers and sustainability leaders, analyzing current and emerging ESG trends, and examining leading reporting standards and guidance. The report mentions reducing carbon emissions through equipment and fleet electrification, energy-efficient buildings, and tree planting, as well as enabling clients to save water through design and strategic technological innovations, particularly in areas of extreme water stress. However, the report lacks specific metrics to assess climate-related risks and opportunities.",BrightView expects to disclose Scope 1 and Scope 2 emissions in the near future. No specific figures or data on GHG emissions were provided. The report does not mention any related risks specific to GHG emissions.,"BrightView has committed to becoming carbon neutral by 2035. They have conducted a materiality assessment to identify ESG topics that matter most to their stakeholders. The assessment guided the focus of disclosures in their ESG report and reports in the future. They have identified environmental topics such as reducing waste, avoiding harmful pesticides, reducing carbon emissions, enabling clients to save water, and focusing on renewables. However, there is no specific target mentioned in the report to understand/quantify/benchmark climate-related risks and opportunities."
SOURCES,"[15, 22, 24, 25, 27, 28, 85, 90, 91, 92, 94, 95]","[22, 24, 25, 28, 37, 52, 75, 13]","[4, 8, 22, 24, 35, 37]","[3, 12, 13, 22, 23, 24, 25, 27, 28, 35, 37, 52, 71, 75, 95]","[25, 28, 35, 12, 22, 23, 27, 37, 3, 38, 78, 75, 52, 15, 1, 8]","[22, 23]","[25, 28, 12, 38, 74, 75, 8, 37, 35, 15, 27, 43, 71, 22, 23, 52, 30, 18]","[22, 12, 75, 28, 25, 24, 74, 71, 52, 27, 8, 85, 15, 95, 66, 37, 47, 35, 21]","[22, 24, 25, 31, 35, 37]",[28],"[12, 22, 24, 28, 35, 37]"
PAGE,"[3, 5, 6, 19, 20]","[3, 5, 6, 8, 12, 16]","[1, 2, 5, 6, 8]","[1, 3, 5, 6, 8, 12, 16, 20]","[1, 2, 3, 5, 6, 8, 12, 16, 17]",[5],"[2, 3, 4, 5, 6, 8, 10, 12, 16]","[2, 3, 5, 6, 8, 11, 12, 15, 16, 19, 20]","[8, 5, 6, 7]",[6],"[8, 3, 5, 6]"
ANALYSIS,"The sustainability report provides limited information on the board's oversight of climate-related risks and opportunities. While the report mentions that the board directs and oversees ESG strategies, establishes relevant policies and practices, and monitors progress and performance, it does not provide specific details on how the board is informed about climate-related issues, whether it considers climate-related issues when reviewing and guiding strategy, risk management policies, and business plans, and how it monitors and oversees progress against goals and targets for addressing climate-related issues. The report also includes irrelevant information on board diversity and employee safety. Overall, the disclosure quality on the board's oversight of climate-related risks and opportunities is poor.","The given disclosure does not provide sufficient information to assess the role of management in assessing and managing climate-related risks and opportunities. While the report mentions the company's commitment to achieving carbon neutrality by 2035 and replacing outdated equipment with energy-efficient alternatives, it does not provide any specific information on how management is involved in assessing and managing climate-related issues. The report briefly mentions the board's role in overseeing ESG matters, but it does not provide any information on whether the organization has assigned climate-related responsibilities to management-level positions or committees, the associated organizational structure, processes by which management is informed about climate-related issues, or how management monitors climate-related issues.","The sustainability report provides some information on climate-related risks and opportunities, but it falls short of meeting the TCFD guidelines for high-quality disclosure. The report does not provide a clear description of the relevant short-, medium-, and long-term time horizons, nor does it identify specific climate-related issues that could have a material financial impact on the organization. The report also lacks a description of the process used to determine which risks and opportunities could have a material financial impact on the organization. While the report mentions reducing greenhouse gas emissions and water stewardship, it does not provide sufficient details on how these initiatives will be implemented. Overall, the report lacks sector and/or geography-specific information. The TCFD recommendation point is not adequately addressed in the report.","The sustainability report provides some information on the impact of climate-related risks and opportunities on the organization's businesses, strategy, and financial planning. The report mentions the company's commitment to carbon neutrality goals, reduction of carbon emissions, and water stewardship. However, the report lacks specific details on how climate-related issues have affected the company's businesses, strategy, and financial planning in areas such as products and services, supply chain, adaptation and mitigation activities, investment in research and development, operations, acquisitions or divestments, and access to capital. The report also does not describe the impact of climate-related issues on the company's financial performance and financial position. Overall, the report provides limited disclosure on the impact of climate-related risks and opportunities on the organization's businesses, strategy, and financial planning.","The sustainability report of BrightView provides some information on its strategy's resilience to climate-related risks and opportunities. The report mentions the company's commitment to achieving carbon neutrality by 2035 and replacing outdated equipment and appliances with energy-efficient alternatives. However, the report lacks specific details on how the company's strategy might change to address potential risks and opportunities, the potential impact of climate-related issues on financial performance, and the climate-related scenarios considered. The report also does not provide any information on the resilience of the company's strategy to physical climate-related risks. Overall, the report provides limited disclosure on the resilience of the company's strategy to climate-related risks and opportunities.","The sustainability report provides some information on the organization's processes for identifying and assessing climate-related risks. The report mentions benchmarking peers and sustainability leaders, analyzing current and emerging ESG trends, and examining leading reporting standards and guidance from Global Reporting Initiative , MSCI, and the Sustainability Accounting Standards Board . However, the report lacks specific details on how the organization determines the relative significance of climate-related risks in relation to other risks, and whether they consider existing and emerging regulatory requirements related to climate change. The report also does not disclose the processes for assessing the potential size and scope of identified climate-related risks and definitions of risk terminology used or references to existing risk classification frameworks used. As a result, the report's disclosure quality on this critical element is moderate.","The disclosure provides some information on the organization's processes for managing climate-related risks, such as reducing carbon emissions through equipment and fleet electrification, energy-efficient buildings, and tree planting. However, the disclosure lacks details on how the organization makes decisions to mitigate, transfer, accept, or control those risks. Additionally, the disclosure does not provide information on how materiality determinations are made within the organization. While the disclosure mentions a materiality assessment, it does not provide any details on how the assessment was conducted or what topics were identified as material. Overall, the disclosure partially meets the requirements for high-quality disclosure pertaining to the management of climate-related risks.","The sustainability report provides some information on how the organization integrates processes for identifying, assessing, and managing climate-related risks into its overall risk management. The report mentions a materiality assessment process that guides the focus of disclosures in the ESG report and reports in the future. The report also highlights the organization's commitment to achieving carbon neutrality by 2035 and replacing outdated equipment and appliances with energy-efficient alternatives. However, the report lacks specific details on how the organization integrates climate-related risks into its overall risk management. The report does not provide information on the organization's risk management framework or how climate-related risks are identified, assessed, and managed. Therefore, the report does not fully meet the TCFD guidelines.","The sustainability report does not provide sufficient information on the metrics used to assess climate-related risks and opportunities. While the report mentions the company's commitment to carbon neutrality and provides some information on greenhouse gas emissions, it does not provide specific metrics or methodologies used to measure and manage climate-related risks and opportunities. The report also does not provide metrics on climate-related risks associated with water, energy, land use, and waste management. Additionally, the report does not describe whether and how related performance metrics are incorporated into remuneration policies. While the report mentions the use of a materiality assessment, it does not provide specific details on the metrics used in the assessment. Overall, the report does not meet the TCFD guidelines for high-quality disclosure pertaining to the TCFD recommendation point.","The sustainability report does not meet the requirements for disclosing Scope 1, Scope 2, and Scope 3 greenhouse gas  emissions. While the report mentions that the organization is working with a sustainability consultant to review its GHG emissions inventory, it does not provide any specific information on the emissions or related risks. The report does not provide GHG emissions for historical periods, nor does it describe the methodologies used to calculate or estimate the metrics. The report does not provide any industry-specific GHG efficiency ratios. Overall, the report lacks the necessary components for high-quality disclosure pertaining to the critical element of GHG emissions.","The given disclosure provides some information on the organization's targets to manage climate-related risks and opportunities and performance against targets. The report mentions the organization's commitment to carbon neutrality by 2035 and reducing carbon emissions through equipment and fleet electrification, energy-efficient buildings, and tree planting. However, the report lacks specific details on the targets, such as whether they are absolute or intensity-based, time frames over which the target applies, base year from which progress is measured, and key performance indicators used to assess progress against targets. The report also does not provide a description of the methodologies used to calculate targets and measures. Overall, the disclosure partially meets the requirements for high-quality disclosure pertaining to the critical element."
SCORE,20,0,30,40,40,60,60,50,20,20,60
