,"Company name: Cooper Standard
Company sector: Automotive
Company location: {'North America': ['United States', 'Mexico'], 'South America': [], 'Europe': ['Poland'], 'Asia Pacific': []}
Pages: 103","Company name: Cooper Standard
Company sector: Automotive
Company location: {'North America': ['United States', 'Mexico'], 'South America': [], 'Europe': ['Poland'], 'Asia Pacific': []}
Pages: 103","Company name: Cooper Standard
Company sector: Automotive
Company location: {'North America': ['United States', 'Mexico'], 'South America': [], 'Europe': ['Poland'], 'Asia Pacific': []}
Pages: 103","Company name: Cooper Standard
Company sector: Automotive
Company location: {'North America': ['United States', 'Mexico'], 'South America': [], 'Europe': ['Poland'], 'Asia Pacific': []}
Pages: 103","Company name: Cooper Standard
Company sector: Automotive
Company location: {'North America': ['United States', 'Mexico'], 'South America': [], 'Europe': ['Poland'], 'Asia Pacific': []}
Pages: 103","Company name: Cooper Standard
Company sector: Automotive
Company location: {'North America': ['United States', 'Mexico'], 'South America': [], 'Europe': ['Poland'], 'Asia Pacific': []}
Pages: 103","Company name: Cooper Standard
Company sector: Automotive
Company location: {'North America': ['United States', 'Mexico'], 'South America': [], 'Europe': ['Poland'], 'Asia Pacific': []}
Pages: 103","Company name: Cooper Standard
Company sector: Automotive
Company location: {'North America': ['United States', 'Mexico'], 'South America': [], 'Europe': ['Poland'], 'Asia Pacific': []}
Pages: 103","Company name: Cooper Standard
Company sector: Automotive
Company location: {'North America': ['United States', 'Mexico'], 'South America': [], 'Europe': ['Poland'], 'Asia Pacific': []}
Pages: 103","Company name: Cooper Standard
Company sector: Automotive
Company location: {'North America': ['United States', 'Mexico'], 'South America': [], 'Europe': ['Poland'], 'Asia Pacific': []}
Pages: 103","Company name: Cooper Standard
Company sector: Automotive
Company location: {'North America': ['United States', 'Mexico'], 'South America': [], 'Europe': ['Poland'], 'Asia Pacific': []}
Pages: 103"
,tcfd_1,tcfd_2,tcfd_3,tcfd_4,tcfd_5,tcfd_6,tcfd_7,tcfd_8,tcfd_9,tcfd_10,tcfd_11
ANSWER,"The Board as a whole is responsible for the oversight of the company's ESG strategy, including the integration of ESG risks and opportunities into the Company's long-term strategy and enterprise risk management. The Audit Committee is responsible for ESG disclosures, processes, and controls, including their assurance ensuring ESG disclosures are investor grade. The Board receives regular updates on key ESG topics according to a standard Board calendar. The Board evaluates each individual in the context of the Board as a whole, with the objective of retaining a group that can best enhance the Company's success and represents the interests of stockholders and other stakeholders through sound judgment.","Cooper Standard reports that they evaluate and manage climate-related risks and opportunities through their Enterprise Risk Management approach, which informs their strategic and business planning processes. They have begun aggregating their Scope 3 emissions data to set science-based targets in the future and report to the CDP. The Vice President of Global Health, Safety and Environment is responsible for managing operational environmental impacts, including climate-related risks. However, the report lacks specific details on the management's role in assessing and managing climate-related risks and opportunities.""","Cooper Standard has identified climate change as a material issue and is working towards setting science-based targets. The company aims to reduce its GHG emissions, energy consumption, and waste generation. It has also prioritized business continuity as a material topic. However, the report lacks specific details on the most relevant climate-related risks and opportunities over the short, medium, and long term.","Cooper Standard mentions aggregating Scope 3 emissions data to set science-based targets in the future. They also report to the CDP to manage climate risks. The company believes that by evaluating and managing climate-related risks, they can drive business innovation and resiliency while contributing to the betterment of the environment. However, the report lacks concrete data on the company's current economic and financial performance impacted by climate-related risks and opportunities.","The report does not provide sufficient information to determine the resilience of Cooper Standard's strategy to different climate-related scenarios or physical risks. While the report mentions the company's efforts to mitigate climate risk and set science-based targets, it lacks concrete data or specific actions taken to address these risks. Additionally, the report contains several cheap talks and vague statements that do not provide a clear picture of the company's strategy.","Cooper Standard identifies and assesses climate-related risks through aggregating Scope 3 emissions data, reporting to CDP, conducting annual risk assessments, and using a tool to standardize failure identification process. The company also monitors water risk and incorporates climate change risks into its Enterprise Risk Management Framework.","Cooper Standard manages climate-related risks by aggregating their Scope 3 emissions data to set science-based targets, reporting to the CDP, evaluating and managing climate-related risks, identifying strategies and actions, and incorporating climate change risks into their Enterprise Risk Management Framework. They also monitor water risk through various platforms and have implemented a global contingency planning procedure. They prioritize risk identification and invest in projects to drive down operating costs and energy usage in their facilities.","Cooper Standard integrates climate-related risks into its overall risk management through its Enterprise Risk Management  approach, which informs strategic and business planning processes. The ERM process is aligned with strategic planning and corporate responsibility initiatives to ensure the sustainability of the enterprise. The Global Sustainability Council  assesses each identified risk for corresponding ESG materiality, informing the risk management team where ESG materiality may influence risk tolerance.","Cooper Standard uses the CDP to measure and manage their risks and opportunities on climate change. They also conduct an annual risk assessment that inventories potential compliance, strategic, financial, and operational risks and assesses each for likelihood, impact and speed of onset. The company is in the process of aggregating their Scope 3 emissions data to set science-based targets in the future.","Cooper Standard reports on its Scope 1 and Scope 2 GHG emissions, but is in the process of aggregating its Scope 3 emissions data. The report does not provide specific figures on these emissions. The related risks are not identified in the report.""","Cooper Standard aims to set science-based targets in the future by aggregating its Scope 3 emissions data. The company reports to the CDP to manage climate risks. The sustainability report lists various goals and metrics for energy consumption, renewable energy consumption, GHG emissions reduction, and waste diversion. The report also identifies climate change as a material issue and lists it as a priority in the company's ESG goals. However, the report lacks specific information on the company's progress towards these goals."
SOURCES,"[44, 36, 46, 48, 37]","[3, 297, 320, 321, 322, 323, 325, 326, 331, 372, 373, 377, 378, 379, 507, 70, 103, 1, 103, 2, 103, 3]","[297, 321, 325, 331, 365, 374, 377, 378, 511]","[379, 321, 331, 297, 332, 320, 378, 325, 526, 373, 73, 511, 507, 524, 278, 365, 34]","[379, 331, 321, 378, 511, 365, 332, 323, 373, 374, 297, 73, 276, 326, 456]","[297, 321, 325, 377, 378, 331, 332]","[377, 378, 331, 332, 373, 374, 365]","[325, 321, 323]","[297, 325, 379]","[1, 2, 3, 302, 4, 305, 1, 305, 2, 379, 369, 507, 511, 75, 297]","[379, 297, 511, 326, 76, 73, 369, 507, 378, 374, 365, 512, 373, 331, 12, 296, 325, 278]"
PAGE,"[8, 10]","[65, 1, 66, 67, 98, 74, 75, 16, 24, 61]","[65, 66, 67, 99, 73, 74, 75, 61]","[65, 66, 67, 100, 99, 98, 7, 73, 74, 75, 17, 57, 61]","[65, 66, 99, 67, 73, 74, 75, 17, 87, 57, 61]","[65, 66, 67, 75, 61]","[73, 67, 75, 74]","[65, 66]","[66, 75, 61]","[1, 98, 99, 74, 75, 18, 61, 62]","[66, 99, 98, 67, 3, 73, 74, 75, 17, 18, 57, 61]"
ANALYSIS,"The sustainability report provides some information on the board's oversight of climate-related risks and opportunities. It mentions that the board is responsible for the oversight of ESG strategy and risk management, and delegates certain ESG oversight responsibilities to its committees. However, the report lacks specific details on how the board is informed about climate-related issues, how it considers climate-related issues when reviewing and guiding strategy, and how it monitors and oversees progress against goals and targets for addressing climate-related issues. The report does mention that the board receives regular updates on key ESG topics, but it does not provide any specifics on the frequency or content of these updates. Overall, the disclosure is insufficient to fully satisfy the TCFD guidelines.","The given disclosure does not provide sufficient information to evaluate the role of management in assessing and managing climate-related risks and opportunities. The disclosure does not provide information on whether the organization has assigned climate-related responsibilities to management-level positions or committees, the associated organizational structure, processes by which management is informed about climate-related issues, and how management monitors climate-related issues. The disclosure only provides general information on the organization's efforts to mitigate climate risk and report to the CDP. While the disclosure mentions the organization's Enterprise Risk Management approach, it does not provide specific information on how climate-related risks are identified, assessed, and managed. Overall, the disclosure lacks the necessary components for high-quality disclosure pertaining to the critical element.","The sustainability report provides limited information on the most relevant climate-related risks and opportunities that the organization has identified over the short, medium, and long term. The report mentions climate change risks and opportunities in a few sections, but it does not provide a clear description of the specific climate-related issues that could have a material financial impact on the organization in each time horizon. The report also lacks information on the process used to determine which risks and opportunities could have a material financial impact on the organization. While the report mentions the company's goal of sourcing 100% renewable energy by 2025 and reducing GHG emissions, it does not provide a detailed description of the risks and opportunities associated with these goals.","The sustainability report provides limited information on how climate-related risks and opportunities impact the organization's business strategy, economic and financial performance, and financial planning. The report mentions that the company is aggregating its Scope 3 emissions data and reporting to the CDP to manage climate risks. However, the report lacks specific details on how climate-related issues have affected the company's businesses, strategy, and financial planning. The report does not describe the impact of climate-related issues on the company's financial performance and financial position. The report does not provide information on how climate-related issues serve as an input to the company's financial planning process. The report does not describe the company's plans for transitioning to a low-carbon economy.","The sustainability report provides limited information on the resilience of the organization's strategy to climate-related risks and opportunities. While the report mentions the incorporation of climate change risks into the Enterprise Risk Management Framework and the development of a roadmap to meet renewable energy goals, it does not provide a detailed discussion of how the organization's strategy might change to address potential risks and opportunities. The report also lacks information on the potential impact of climate-related issues on financial performance and the climate-related scenarios considered. Overall, the report does not meet the TCFD guidelines for high-quality disclosure pertaining to the TCFD recommendation point.","The sustainability report provides some information on the organization's processes for identifying and assessing climate-related risks. The report mentions that the company conducts an annual risk assessment that inventories potential risks and assesses each for likelihood, impact, and speed of onset. The report also mentions that the company considers existing and emerging regulatory requirements related to climate change. However, the report lacks specific details on how the company determines the relative significance of climate-related risks in relation to other risks. The report does not disclose the processes for assessing the potential size and scope of identified climate-related risks or definitions of risk terminology used or references to existing risk classification frameworks used. Overall, the disclosure is insufficient to meet the TCFD guidelines.","The report provides some information on how the organization manages climate-related risks. It mentions that the company is aggregating its Scope 3 emissions data to set science-based targets in the future and reports to the CDP. The report also describes the company's holistic risk management process through its Enterprise Risk Management approach, which includes an annual risk assessment that inventories potential compliance, strategic, financial, and operational risks. However, the report lacks specific details on how the company makes decisions to mitigate, transfer, accept, or control climate-related risks and how materiality determinations are made within the organization. Overall, the disclosure is insufficient to meet the TCFD guidelines.","The report provides a comprehensive description of the organization's risk management process, including the identification, assessment, and management of climate-related risks. The report describes how the organization's risk management process is integrated into its overall risk management. The report also mentions the formation of the Global Sustainability Council to enhance and integrate ERM and ESG activities. However, the report lacks specific details on how the organization identifies, assesses, and manages climate-related risks. The report could benefit from providing more information on the tools and metrics used to assess climate-related risks. Overall, the report provides a good overview of the organization's risk management process, but it could benefit from more specific details.","The sustainability report provides limited information on the metrics used to assess climate-related risks and opportunities. While the report mentions some metrics related to energy consumption, renewable energy consumption, GHG emissions, and waste diversion, it does not provide a comprehensive list of metrics used to measure and manage climate-related risks and opportunities. The report also lacks information on how these metrics help ensure that the performance is in line with its strategy and risk management process. The report could have provided more information on the methodologies used to calculate or estimate climate-related metrics. Overall, the report falls short of meeting the TCFD guidelines for high-quality disclosure pertaining to the TCFD recommendation point.","The sustainability report provides some information on Scope 1 and Scope 2 GHG emissions, but it is unclear whether these emissions are independent of a materiality assessment. The report mentions that the organization is aggregating its Scope 3 emissions data, but it does not provide any information on the related risks. The report does not provide GHG emissions for historical periods, nor does it describe the methodologies used to calculate or estimate the metrics. The report does not provide industry-specific GHG efficiency ratios. Overall, the report partially meets some of the TCFD guidelines, but it lacks important details and does not meet others.","The sustainability report provides limited information on the targets used by the organization to manage climate-related risks and opportunities and performance against targets. The report mentions that the organization is aggregating its Scope 3 emissions data to set science-based targets in the future. However, it does not provide any specific targets or performance against them. The report also mentions that the organization conducts an annual risk assessment that inventories potential risks, including climate-related risks, but does not provide any specific targets or performance against them. The report does not provide any information on the methodologies used to calculate targets and measures. Overall, the report lacks specific details on the targets used by the organization to manage climate-related risks and opportunities and performance against targets."
SCORE,50,10,30,20,30,40,50,80,40,50,30
