,"Company name: Covia
Company sector: Industrial and Energy
Company location: Headquartered in Independence, OH 44131
Pages: 70","Company name: Covia
Company sector: Industrial and Energy
Company location: Headquartered in Independence, OH 44131
Pages: 70","Company name: Covia
Company sector: Industrial and Energy
Company location: Headquartered in Independence, OH 44131
Pages: 70","Company name: Covia
Company sector: Industrial and Energy
Company location: Headquartered in Independence, OH 44131
Pages: 70","Company name: Covia
Company sector: Industrial and Energy
Company location: Headquartered in Independence, OH 44131
Pages: 70","Company name: Covia
Company sector: Industrial and Energy
Company location: Headquartered in Independence, OH 44131
Pages: 70","Company name: Covia
Company sector: Industrial and Energy
Company location: Headquartered in Independence, OH 44131
Pages: 70","Company name: Covia
Company sector: Industrial and Energy
Company location: Headquartered in Independence, OH 44131
Pages: 70","Company name: Covia
Company sector: Industrial and Energy
Company location: Headquartered in Independence, OH 44131
Pages: 70","Company name: Covia
Company sector: Industrial and Energy
Company location: Headquartered in Independence, OH 44131
Pages: 70","Company name: Covia
Company sector: Industrial and Energy
Company location: Headquartered in Independence, OH 44131
Pages: 70"
,tcfd_1,tcfd_2,tcfd_3,tcfd_4,tcfd_5,tcfd_6,tcfd_7,tcfd_8,tcfd_9,tcfd_10,tcfd_11
ANSWER,"Covia's Board receives quarterly updates on ESG progress and performance, and works closely with the ELT to refine and enhance the strategic direction of ESG programming. The Board also oversees the integrity of Covia's financial statements and internal financial reporting controls, adherence to established internal policies and external standards and regulations, and several key internal programs. However, the report lacks concrete data on the board's direct responsibilities and actions pertaining to climate issues.","Covia is committed to addressing climate change by reducing greenhouse gas emissions across its operations and safeguarding the environment for future generations through resource conservation and biodiversity protection. Management is responsible for conducting risk assessments prior to commencing any assigned task and incorporating environmental targets into leaders' performance review processes and compensation structure. However, the report lacks concrete data on the company's progress towards achieving its climate-related goals.","Covia has identified opportunities to reduce GHG emissions, protect essential water supply, and preserve biodiversity through conservation and reclamation practices. The company has conducted a comprehensive GHG emissions assessment to determine its biggest climate-related opportunities and risks going forward. However, the report lacks clear identification of climate-related risks associated with a horizon.","Covia is committed to addressing climate change by reducing greenhouse gas emissions across its operations and safeguarding the environment for future generations through resource conservation and biodiversity protection. The company plans to achieve its GHG emissions reduction goal by enhancing energy efficiency, increasing reliance on renewable energy and lower-carbon-footprint fuel sources, improving transportation efficiencies, and installing more efficient, lower-emissions processing technologies. However, the report lacks concrete data on the company's progress towards achieving its goals and the effectiveness of its initiatives.","Covia's sustainability report mentions a commitment to reducing GHG emissions and safeguarding the environment, with a goal to reduce Scope 1 and Scope 2 GHG emissions by 20% on a per ton basis by 2030. The report also highlights the company's efforts to align its water management strategy with UN SDG 6 and recycle 90% of water at sites in water-stressed areas. However, the report lacks concrete information on the resilience of the company's strategy in different climate-related scenarios or physical risks.","Covia utilizes the MSHA SLAM risk management process for identifying and assessing climate-related risks. They also incorporate environmental targets into their leaders' performance review processes and compensation structure. However, the report lacks specific details on the risk assessment process for climate-related risks.","Covia is committed to reducing greenhouse gas emissions across its operations and safeguarding the environment for future generations through resource conservation and biodiversity protection. The company has conducted a comprehensive GHG emissions assessment, analyzed the findings, and evaluated the trends to determine its biggest climate-related opportunities and risks going forward. Covia has set a target to reduce its GHG emissions by 20% on a per-ton basis by 2030 and has implemented several initiatives to achieve this target, including using high-efficiency blowers in production processes, sourcing at least 40% of electricity from wind turbines, phasing out all existing forklifts in favor of electric-powered units, and procuring required materials locally to decrease transportation emissions. Covia has also incorporated environmental targets into its leaders' performance review processes and compensation structure, and these targets cascade throughout the organization and are included in various departmental and individual Team Member performance metrics.","Covia integrates climate-related risks into its overall risk management by incorporating environmental targets into leaders' performance review processes and compensation structure, cascading targets throughout the organization, and tracking key performance indicators for accountability.","Covia uses metrics such as GHG emissions reduction, water consumption reporting, and biodiversity preservation to assess climate-related risks and opportunities. These metrics are incorporated into leaders' performance reviews and compensation structures, and cascaded throughout the organization. The company's climate strategy is evaluated through data-driven analysis of GHG emissions and trends. However, the report lacks specific details on how these metrics help ensure performance is in line with the company's strategy and risk management process.","Yes, Covia discloses its Scope 1 and Scope 2 GHG emissions. The company aims to reduce Scope 1 and Scope 2 GHG emissions by 20% on a per ton basis by 2030. The risks associated with GHG emissions are not explicitly stated in the report.","Covia has set targets to reduce greenhouse gas emissions by 20% on a per ton basis, recycle 90% of water within stressed areas, and implement a conservation biodiversity initiative at all sites. The company also aims to improve team member engagement ratings and develop a robust Community Action Plan at 100% of its locations. Covia has not provided sufficient information to evaluate its performance against these targets."
SOURCES,"[263, 274, 270]","[2, 41, 103, 268, 55, 48, 10, 60, 52, 297, 44, 362, 139, 364, 46, 296, 51]","[2, 10, 15, 44, 48, 60, 61, 334]","[41, 60, 2, 10, 4, 48, 46, 362, 247, 287, 364, 44, 259, 61, 268, 52, 244, 69]","[4, 10, 44, 59, 61, 76]","[139, 52]","[41, 60, 11, 48, 44, 64, 296]","[52, 140, 264]","[2, 4, 8, 10, 44, 48, 52]","[59, 334]","[44, 48, 52, 281, 290, 320, 359, 364, 365]"
PAGE,"[51, 53, 54]","[1, 2, 68, 8, 9, 10, 11, 13, 52, 21, 57, 29]","[64, 1, 2, 3, 9, 10, 13]","[1, 2, 68, 8, 9, 10, 11, 13, 46, 47, 14, 50, 52, 55]","[1, 2, 9, 12, 13, 16]","[11, 29]","[2, 8, 9, 10, 13, 57]","[51, 11, 29]","[1, 2, 9, 10, 11]","[64, 12]","[68, 9, 10, 11, 55, 56, 61]"
ANALYSIS,"The report provides some information on the board's oversight of climate-related risks and opportunities. It mentions that the board receives updates on ESG progress and performance, and works closely with the ELT to refine and enhance the strategic direction of ESG programming. However, the report does not provide details on the processes and frequency by which the board and/or board committees are informed about climate-related issues, nor does it discuss whether the board and/or board committees consider climate-related issues when reviewing and guiding strategy, risk management policies, and business plans. The report also does not provide information on how the board monitors and oversees progress against goals and targets for addressing climate-related issues. Overall, the disclosure is insufficient to fully satisfy the requirements for high-quality disclosure pertaining to the critical element.","The sustainability report does not provide sufficient information on management's role in assessing and managing climate-related risks and opportunities. The report does not mention whether the organization has assigned climate-related responsibilities to management-level positions or committees, nor does it describe the associated organizational structure. The report does not provide information on processes by which management is informed about climate-related issues, and how management monitors climate-related issues. The report only briefly mentions the organization's commitment to addressing climate change and reducing greenhouse gas emissions. Overall, the report lacks specific details on management's role in assessing and managing climate-related risks and opportunities.","The sustainability report provides limited information on the most relevant climate-related risks and opportunities that the organization has identified over the short, medium, and long term. While the report mentions the organization's commitment to addressing climate change and reducing greenhouse gas emissions, it does not provide a clear description of the specific climate-related issues that could have a material financial impact on the organization. The report also lacks information on the process used to determine which risks and opportunities could have a material financial impact on the organization. Overall, the report fails to meet the TCFD guidelines for high-quality disclosure pertaining to the TCFD recommendation point.","The given disclosure does not provide sufficient information to rate the quality of disclosure on how climate-related risks and opportunities impact the organization's business strategy, economic and financial performance, and financial planning. The disclosure does not discuss how identified climate-related issues have affected their businesses, strategy, and financial planning. The disclosure does not reflect a holistic picture of the interdependencies among the factors that affect their ability to create value over time. The disclosure does not describe the impact of climate-related issues on their financial performance and financial position. The disclosure does not describe their plans for transitioning to a low-carbon economy, which could include GHG emissions targets and specific activities intended to reduce GHG emissions in their operations and value chain or to otherwise support the transition.","The given sustainability report by Covia provides limited information on the resilience of the organization's strategy when considering different climate-related scenarios, including a 2°C target or lower scenario. The report mentions that the company conducted a comprehensive GHG emissions assessment and evaluated the trends to determine climate-related opportunities and risks. However, it does not provide any specific details on how the company's strategies might change to address potential risks and opportunities, the potential impact of climate-related issues on financial performance, or the climate-related scenarios and associated time horizon considered. Therefore, the report does not meet most of the TCFD guidelines outlined for this TCFD recommendation point.","The given disclosure does not provide sufficient information to rate the organization's processes for identifying and assessing climate-related risks. The disclosure mentions the use of the SLAM risk management process, but it is unclear how this process is used to identify and assess climate-related risks. The disclosure does not provide any information on how the organization determines the relative significance of climate-related risks in relation to other risks. There is no mention of whether the organization considers existing and emerging regulatory requirements related to climate change or other relevant factors. The disclosure also does not provide any information on the processes for assessing the potential size and scope of identified climate-related risks or definitions of risk terminology used or references to existing risk classification frameworks used.","The disclosure provided by Covia's sustainability report does not meet the requirements for high-quality disclosure on how the organization manages climate-related risks. While the report mentions the company's commitment to reducing greenhouse gas emissions and protecting the environment, it does not provide specific details on the processes for managing climate-related risks or how materiality determinations are made. The report does mention a GHG emissions assessment and analysis, but it is unclear how this analysis informs the company's decision-making processes. Overall, the disclosure lacks the necessary components for high-quality disclosure on managing climate-related risks.","The given disclosure does not provide sufficient information on how the processes for identifying, assessing, and managing climate-related risks are integrated into the organization's overall risk management. While the report mentions the use of the SLAM risk management process and the incorporation of environmental targets into leaders' performance review processes, it does not provide any specific details on how climate-related risks are identified, assessed, and managed. The report also lacks information on how these processes are integrated into the organization's overall risk management. Therefore, the disclosure does not fully satisfy the requirements for high-quality disclosure pertaining to the critical element.","The sustainability report provides some information on the metrics used to assess climate-related risks and opportunities, but it falls short of meeting most of the TCFD guidelines. The report mentions that the organization conducted a comprehensive GHG emissions assessment and evaluated the trends to determine its biggest climate-related opportunities and risks. However, it does not provide any specific details on the metrics used to measure and manage climate-related risks and opportunities. The report also lacks information on whether and how related performance metrics are incorporated into remuneration policies. While the report mentions the need to provide forward-looking metrics, it does not provide any such metrics. Overall, the report provides insufficient information to assess the organization's performance on this TCFD recommendation point.","The report provides some information on the organization's Scope 1 and Scope 2 GHG emissions, but it is unclear whether the emissions are independent of a materiality assessment. The report does not provide information on Scope 3 GHG emissions and the related risks. The report does not mention the GHG Protocol methodology, and there is no information on industry-specific GHG efficiency ratios. The report provides GHG emissions and associated metrics for historical periods, but there is no description of the methodologies used to calculate or estimate the metrics. Overall, the report lacks important details and does not meet most of the TCFD guidelines.","The sustainability report provides some information on the targets used by the organization to manage climate-related risks and opportunities and performance against targets. The report mentions some targets related to GHG emissions, water usage, and energy usage, but lacks specific details such as whether the targets are absolute or intensity-based, time frames over which the target applies, base year from which progress is measured, and key performance indicators used to assess progress against targets. The report also lacks a description of the methodologies used to calculate targets and measures. While the report mentions some milestones achieved in 2021, it does not provide a comprehensive overview of the organization's performance against targets. Overall, the disclosure quality is moderate."
SCORE,50,20,20,0,20,0,20,30,20,30,60
