,"Company name: Globe Life Insurance
Company sector: Insurance
Company location: McKinney, Texas
Pages: 36","Company name: Globe Life Insurance
Company sector: Insurance
Company location: McKinney, Texas
Pages: 36","Company name: Globe Life Insurance
Company sector: Insurance
Company location: McKinney, Texas
Pages: 36","Company name: Globe Life Insurance
Company sector: Insurance
Company location: McKinney, Texas
Pages: 36","Company name: Globe Life Insurance
Company sector: Insurance
Company location: McKinney, Texas
Pages: 36","Company name: Globe Life Insurance
Company sector: Insurance
Company location: McKinney, Texas
Pages: 36","Company name: Globe Life Insurance
Company sector: Insurance
Company location: McKinney, Texas
Pages: 36","Company name: Globe Life Insurance
Company sector: Insurance
Company location: McKinney, Texas
Pages: 36","Company name: Globe Life Insurance
Company sector: Insurance
Company location: McKinney, Texas
Pages: 36","Company name: Globe Life Insurance
Company sector: Insurance
Company location: McKinney, Texas
Pages: 36","Company name: Globe Life Insurance
Company sector: Insurance
Company location: McKinney, Texas
Pages: 36"
,tcfd_1,tcfd_2,tcfd_3,tcfd_4,tcfd_5,tcfd_6,tcfd_7,tcfd_8,tcfd_9,tcfd_10,tcfd_11
ANSWER,"The company's ERM Committee, consisting of senior-level executives, identifies and reviews all major risks to the company, develops processes and plans to monitor, address, and mitigate such risks, and establishes risk tolerance levels. The Chief Risk Officer provides regular reports on sustainability practices and agenda to the ERM Committee. The company plans to expand its approach to addressing climate risk within its risk management activities in alignment with TCFD recommendations and other applicable regulatory requirements in 2022.","Globe Life Insurance plans to expand its approach to addressing climate risk within its risk management activities in alignment with the TCFD recommendations and other applicable regulatory requirements. The company incorporates ESG risk impacts into the credit outlook for issuers to develop a complete view of the long-term default and downgrade risk. The ERM Committee identifies and reviews all major risks to the company, develops processes and plans to monitor, address, and mitigate such risks, and establishes risk tolerance levels.","Globe Life Insurance plans to expand its approach to addressing climate risk within its risk management activities in alignment with the TCFD recommendations and other applicable regulatory requirements in 2022. The company recognizes the potential impacts of climate change and the importance of this issue to investors, the communities it serves, and the health of the planet. It also believes ESG factors can impact its investment portfolio performance and are necessary considerations for long-term investing.","Globe Life Insurance plans to expand its approach to addressing climate risk in alignment with TCFD recommendations and other regulatory requirements. The company incorporates ESG risk impacts into its credit outlook for issuers and monitors ESG ratings from external providers. It recognizes the potential impacts of climate change and implements green building initiatives and recycling and waste reduction practices. ESG factors are considered in investment decisions. However, the report lacks concrete data on the company's environmental responsibility efforts.","Globe Life Insurance plans to expand its approach to addressing climate risk in 2022 in alignment with TCFD recommendations and other regulatory requirements. The report mentions incorporating ESG factors into investment decisions, but no concrete information is provided on the resilience of the organization's strategy to different climate-related scenarios or physical risks.","Globe Life Insurance monitors and evaluates the impact of environmental risks to its business as part of its enterprise risk management process. In 2022, the company plans to expand its approach to addressing climate risk within its risk management activities in alignment with the TCFD recommendations and other applicable regulatory requirements.","Globe Life Insurance plans to expand its approach to addressing climate risk within its risk management activities in alignment with the TCFD recommendations and other applicable regulatory requirements. The company incorporates relevant ESG risk impacts into the credit outlook for issuers to develop a complete view of the long-term default and downgrade risk. It also implements green building initiatives at its corporate facilities and emphasizes recycling and waste reduction. The company proactively plans mitigation for hazards like severe weather and infectious diseases, and maintains a mass notification process to proactively communicate to employees.","Globe Life Insurance plans to expand its approach to addressing climate risk within its risk management activities in alignment with TCFD recommendations and other applicable regulatory requirements in 2022. The ERM Committee identifies and reviews all major risks to the company, develops processes and plans to monitor, address, and mitigate such risks, and establishes risk tolerance levels. The Committee receives regular reports on sustainability practices and agenda from the Chair of the ESG Committee.","Globe Life Insurance plans to expand its approach to addressing climate risk within its risk management activities in alignment with the TCFD recommendations and other applicable regulatory requirements in 2022. The company incorporates ESG risk impacts into the credit outlook for issuers to develop a complete view of the long-term default and downgrade risk. It also monitors the ESG ratings from external providers to understand how these may impact its investments. However, the report lacks specific metrics used to assess climate-related risks and opportunities.","Yes, Globe Life Insurance discloses its Scope 1, Scope 2, and Scope 3 greenhouse gas emissions. The total Scope 1 and 2 emissions  are 7,547 metric tons CO2E. The total Scope 3 emissions  are 38,420 metric tons CO2E. The report does not provide any specific risks related to these emissions.","Globe Life Insurance plans to expand its approach to addressing climate risk within its risk management activities in alignment with the TCFD recommendations and other applicable regulatory requirements in 2022. However, the report does not provide any specific targets or information on how the organization is performing against these targets."
SOURCES,"[92, 93, 97, 170]","[170, 158, 96, 104, 93, 7, 92, 97]","[170, 93, 158, 11]","[170, 11, 158, 104, 93, 167, 105, 117, 173, 141, 168, 12, 116, 120, 7, 174, 96, 155]","[170, 11, 116, 158, 93, 105, 10, 1, 7, 12, 6, 118]",[170],"[170, 104, 11, 158, 93, 96, 12, 92, 97, 120, 116, 168, 167, 10, 117, 100]","[170, 11, 158, 104, 93, 21, 100, 96, 168, 117, 116, 94, 97, 108, 7, 12, 120, 155, 167, 105, 92]","[170, 11, 158, 104, 93, 141, 96, 8, 97, 94, 7, 160, 167, 100, 139, 2]","[130, 2]","[170, 11, 104, 158, 8, 7, 141, 93, 94, 12, 6, 105, 96, 1, 168, 159]"
PAGE,"[33, 19, 20]","[33, 3, 19, 20, 21, 31]","[33, 19, 4, 31]","[33, 34, 3, 4, 19, 20, 21, 23, 24, 28, 31]","[33, 1, 3, 4, 19, 21, 23, 31]",[33],"[33, 3, 4, 19, 20, 21, 23, 24, 31]","[33, 3, 4, 5, 19, 20, 21, 22, 23, 24, 31]","[32, 33, 1, 3, 4, 19, 20, 21, 27, 28, 31]","[1, 26]","[33, 1, 3, 4, 19, 20, 21, 28, 31]"
ANALYSIS,"The disclosure provides some information on the board's oversight of climate-related risks and opportunities. It mentions that the company plans to expand its approach to addressing climate risk within its risk management activities in alignment with the TCFD recommendations and other applicable regulatory requirements. However, it does not provide any details on the processes and frequency by which the board and/or board committees are informed about climate-related issues. The disclosure also does not mention whether the board and/or board committees consider climate-related issues when reviewing and guiding strategy, major plans of action, risk management policies, annual budgets, and business plans. Additionally, there is no information on how the board monitors and oversees progress against goals and targets for addressing climate-related issues. Therefore, the disclosure is insufficient and does not meet most of the requirements.","The disclosure provides some information on management's role in assessing and managing climate-related risks and opportunities. It mentions that the company monitors and evaluates the impact of environmental risks as part of its enterprise risk management process and plans to expand its approach to addressing climate risk in 2022. It also describes the roles and responsibilities of the ERM Committee and the ESG Committee. However, the disclosure lacks specific details on the organizational structure, processes for informing management about climate-related issues, and how management monitors climate-related issues. Therefore, while some TCFD guidelines have been met, the disclosure is insufficiently detailed to fully satisfy the TCFD recommendation point.","The sustainability report provides limited information on the climate-related risks and opportunities that the organization has identified over the short, medium, and long term. While the report mentions that the organization monitors and evaluates the impact of environmental risks as part of its enterprise risk management process, it does not provide a clear description of the specific climate-related issues potentially arising in each time horizon that could have a material financial impact on the organization. The report also lacks information on the process used to determine which risks and opportunities could have a material financial impact on the organization. Overall, the disclosure is insufficient to meet the TCFD guidelines for high-quality disclosure pertaining to the TCFD recommendation point.","The sustainability report provides limited information on how climate-related risks and opportunities impact the organization's business strategy, economic and financial performance, and financial planning. The report mentions that the company monitors and evaluates the impact of environmental risks as part of its enterprise risk management process and plans to expand its approach to addressing climate risk in alignment with TCFD recommendations. However, the report lacks specific details on how climate-related issues have affected the company's businesses, strategy, and financial planning. The report does not describe the impact of climate-related issues on the company's financial performance and financial position. The report also does not provide information on the company's plans for transitioning to a low-carbon economy. Overall, the report does not meet most of the TCFD guidelines.","The sustainability report provides limited information on the resilience of the organization's strategy to climate-related risks and opportunities. While the report mentions that the company monitors and evaluates the impact of environmental risks and plans to expand its approach to addressing climate risk, it does not provide specific details on how the company's strategy might change to address potential risks and opportunities. The report also does not discuss the potential impact of climate-related issues on financial performance and position. While the report mentions that the company is developing its ESG strategy and disclosures and intends to align with TCFD recommendations, it does not provide specific details on the climate-related scenarios and associated time horizons considered. Overall, the report provides limited information on the resilience of the organization's strategy to climate-related risks and opportunities.","The sustainability report provides some information on the organization's processes for identifying and assessing climate-related risks. The report mentions that the organization monitors and evaluates the impact of environmental risks as part of its enterprise risk management process. It also states that the organization plans to expand its approach to addressing climate risk within its risk management activities in alignment with the TCFD recommendations and other applicable regulatory requirements. However, the report lacks specific details on how the organization determines the relative significance of climate-related risks in relation to other risks, and whether it considers existing and emerging regulatory requirements related to climate change. The report does not disclose the processes for assessing the potential size and scope of identified climate-related risks or definitions of risk terminology used or references to existing risk classification frameworks used.","The sustainability report provides some information on how the organization manages climate-related risks. The report mentions that the organization monitors and evaluates the impact of environmental risks as part of its enterprise risk management process. The organization also plans to expand its approach to addressing climate risk within its risk management activities in alignment with the TCFD recommendations and other applicable regulatory requirements. However, the report lacks specific details on how the organization makes decisions to mitigate, transfer, accept, or control climate-related risks. The report also does not provide information on how materiality determinations are made within the organization. Overall, the disclosure is insufficient to meet the TCFD guidelines.","The sustainability report provides some information on how the organization integrates climate-related risks into its overall risk management. The report mentions that the company monitors and evaluates the impact of environmental risks as part of its enterprise risk management process. The company also plans to expand its approach to addressing climate risk within its risk management activities in alignment with the TCFD recommendations and other applicable regulatory requirements. However, the report lacks specific details on how the company identifies, assesses, and manages climate-related risks. The report also does not provide information on how the company integrates climate-related risks into its strategic planning process. Overall, the disclosure is somewhat informative but lacks specific details.","The sustainability report provides limited information on the metrics used to assess climate-related risks and opportunities. While the report mentions the company's enterprise risk management process and its plan to expand its approach to addressing climate risk in alignment with TCFD recommendations, it does not provide specific details on the metrics used to measure and manage climate-related risks and opportunities. The report also lacks information on whether and how related performance metrics are incorporated into remuneration policies. While the report mentions the company's focus on sustainable business practices and green building initiatives, it does not provide metrics for historical periods or forward-looking metrics for the cross-industry. Overall, the report does not meet most of the TCFD guidelines.","The disclosure provides some information on Scope 1, Scope 2, and Scope 3 GHG emissions, but it lacks detail and does not meet all the requirements. The report does not provide GHG emissions independent of a materiality assessment, and the methodology used to calculate or estimate the metrics is not described. The report does not provide GHG efficiency ratios, and the Scope 3 emissions are not comprehensive. However, the report provides historical data for trend analysis and mentions the risks associated with climate change. Overall, the disclosure is insufficient and does not meet all the requirements for high-quality disclosure.","The sustainability report provides limited information on the targets used by the organization to manage climate-related risks and opportunities and performance against targets. The report mentions the importance of environmental responsibility and sustainability, but it does not provide any specific targets or indicators to measure progress. The report does not describe whether the targets are absolute or intensity-based, time frames over which the target applies, base year from which progress is measured, or key performance indicators used to assess progress against targets. The report does not provide a description of the methodologies used to calculate targets and measures. Overall, the report lacks the necessary components for high-quality disclosure pertaining to the critical element."
SCORE,20,60,20,20,30,50,40,60,30,40,20
