,"Company name: KB Home
Company sector: Homebuilding
Company location: Los Angeles, CA
Pages: 23","Company name: KB Home
Company sector: Homebuilding
Company location: Los Angeles, CA
Pages: 23","Company name: KB Home
Company sector: Homebuilding
Company location: Los Angeles, CA
Pages: 23","Company name: KB Home
Company sector: Homebuilding
Company location: Los Angeles, CA
Pages: 23","Company name: KB Home
Company sector: Homebuilding
Company location: Los Angeles, CA
Pages: 23","Company name: KB Home
Company sector: Homebuilding
Company location: Los Angeles, CA
Pages: 23","Company name: KB Home
Company sector: Homebuilding
Company location: Los Angeles, CA
Pages: 23","Company name: KB Home
Company sector: Homebuilding
Company location: Los Angeles, CA
Pages: 23","Company name: KB Home
Company sector: Homebuilding
Company location: Los Angeles, CA
Pages: 23","Company name: KB Home
Company sector: Homebuilding
Company location: Los Angeles, CA
Pages: 23","Company name: KB Home
Company sector: Homebuilding
Company location: Los Angeles, CA
Pages: 23"
,tcfd_1,tcfd_2,tcfd_3,tcfd_4,tcfd_5,tcfd_6,tcfd_7,tcfd_8,tcfd_9,tcfd_10,tcfd_11
ANSWER,"KB Home's board oversees sustainability through the Environmental Leadership Team, National Advisory Board, and Board of Directors Oversight. However, the report lacks specific information on how the board oversees climate-related risks and opportunities, making it difficult to assess the effectiveness of their oversight.","The sustainability report does not provide clear information on the role of management in assessing and managing climate-related risks and opportunities. The report mentions the participation of the CEO and senior executives in the National Advisory Board, but it is unclear how this relates to climate risks and opportunities. The report also discusses environmental sustainability and long-term strategic goals, but it lacks specific information on management's role in addressing climate risks and opportunities.","KB Home has identified energy efficiency, water conservation, healthier home environments, and waste reduction as its long-term strategic goals and 2017 environmental priorities. However, the report lacks a clear identification of climate-related risks and opportunities over the short, medium, and long term, and whether these risks are associated with a horizon. The report also lacks concrete data to support its claims, making it difficult to assess the company's progress towards its sustainability goals.","KB Home's sustainability report outlines its focus on sustainability, including energy efficiency, water conservation, healthy home environments, and waste reduction. The report also highlights the company's commitment to balancing environmental and social priorities. However, the report lacks specific data and metrics to support its claims, and it is unclear how climate-related risks and opportunities impact the company's business strategy, economic and financial performance, and financial planning.","The sustainability report does not provide any information on how resilient KB Home's strategy is when considering different climate-related scenarios, including a 2°C target or lower scenario. The report also does not provide any information on how resilient KB Home's strategy is when considering climate physical risks.",The sustainability report does not provide any information on the processes used by KB Home to identify and assess climate-related risks. This lack of disclosure raises concerns about the company's commitment to addressing climate change risks and its transparency with stakeholders.,"The sustainability report of KB Home does not provide concrete information on how the organization manages climate-related risks. The report only mentions the financial implications and risks due to climate change, but no specific actions or strategies are outlined to manage these risks. The report also mentions partnerships with suppliers committed to conserving natural resources, but it is unclear how this relates to climate risk management.","The sustainability report does not provide specific information on how KB Home integrates climate-related risks into its overall risk management. The report mainly focuses on the company's sustainability initiatives and goals, including energy efficiency, water conservation, and healthier indoor environments.","KB Home's sustainability report does not provide specific metrics used to assess climate-related risks and opportunities. However, the report mentions that the company focuses on energy efficiency, water conservation, healthier home environments, and waste reduction as part of its long-term strategic goals and 2017 environmental priorities. The report also states that KB Home follows the Global Reporting Initiative  Guidelines for sustainability reporting and that it has been publishing carbon footprint measurement information since 2007. However, the report lacks concrete data on the company's progress towards its sustainability goals and initiatives.","KB Home reports its direct and energy indirect GHG emissions , but does not disclose its Scope 3 emissions. The report does not provide any specific figures on these emissions. The related risks are not mentioned in the report.",The report does not provide specific targets used by KB Home to understand/quantify/benchmark climate-related risks and opportunities. The report only mentions the company's focus on sustainability efforts and environmental priorities against the long-term strategic goals outlined in their inaugural sustainability report 10 years ago. No information is provided on how the organization is performing against these targets.
SOURCES,"[168, 181, 182, 184]","[185, 157, 136, 59]","[157, 2]","[2, 3, 4, 6, 9, 12, 142, 143, 157, 173, 207, 210, 211, 212, 215, 219, 220, 221, 222]","[157, 2]",[],"[220, 181, 156, 210, 6, 28, 173, 215, 136, 4, 129]","[3, 4, 9, 110, 136, 156, 173, 181, 210, 211, 214, 215, 220, 221]","[2, 3, 5, 6, 157, 182, 183, 200, 207, 210, 211, 212, 214, 215, 217, 220, 221, 222]","[219, 220]",[157]
PAGE,[18],"[8, 17, 18, 14]","[17, 1]","[1, 2, 15, 17, 18, 20, 21]","[17, 1]",[],"[1, 4, 14, 16, 18, 20, 21]","[1, 2, 13, 14, 16, 18, 20, 21]","[1, 17, 18, 19, 20, 21]",[21],[17]
ANALYSIS,"The sustainability report does not provide sufficient information on how the company's board oversees climate-related risks and opportunities. While the report mentions the Board of Directors' oversight of the management of the business, it does not provide any information on the processes and frequency by which the board and/or board committees are informed about climate-related issues. The report also does not mention whether the board and/or board committees consider climate-related issues when reviewing and guiding strategy, major plans of action, risk management policies, annual budgets, and business plans. Additionally, the report does not provide any information on how the board monitors and oversees progress against goals and targets for addressing climate-related issues. As a result, the report does not meet the requirements for high-quality disclosure pertaining to the critical element of how the company's board oversees climate-related risks and opportunities.","The given sustainability report does not provide any information on the role of management in assessing and managing climate-related risks and opportunities. The report does not mention whether the organization has assigned climate-related responsibilities to management-level positions or committees, the associated organizational structure, processes by which management is informed about climate-related issues, or how management monitors climate-related issues. The report only provides information on the organization's sustainability goals and priorities, accomplishments and challenges, and partnerships with suppliers. As a result, the report fails to meet any of the requirements outlined for high-quality disclosure pertaining to the critical element of management's role in assessing and managing climate-related risks and opportunities.","The sustainability report fails to meet the requirements for disclosing the most relevant climate-related risks and opportunities that the organization has identified over the short, medium, and long term. The report lacks a description of the specific climate-related issues potentially arising in each time horizon that could have a material financial impact on the organization. There is no mention of the process used to determine which risks and opportunities could have a material financial impact on the organization. The report does not provide a description of their risks and opportunities by sector and/or geography, as appropriate. The given disclosure is irrelevant to the critical element and does not provide any information on climate-related risks and opportunities.","The sustainability report does not provide sufficient information on how climate-related risks and opportunities impact the organization's business strategy, economic and financial performance, and financial planning. The report does not discuss how identified climate-related issues have affected their businesses, strategy, and financial planning. The report does not provide a holistic picture of the interdependencies among the factors that affect their ability to create value over time. The report does not describe the impact of climate-related issues on their financial performance and financial position. The report does not describe how climate-related issues serve as an input to their financial planning process, the time period used, and how these risks and opportunities are prioritized. The report does not describe their plans for transitioning to a low-carbon economy, which could include GHG emissions targets and specific activities intended to reduce GHG emissions in their operations and value chain or to otherwise support the transition.","The sustainability report does not provide any information on the resilience of the organization's strategy when considering different climate-related scenarios, including a 2°C target or lower scenario. There is no discussion on how the organization's strategies might change to address potential risks and opportunities. The report does not provide any information on the potential impact of climate-related issues on financial performance and financial position. The report does not mention any climate-related scenarios and associated time horizon considered. Therefore, the report does not meet any of the requirements for the critical element. The report mainly focuses on the organization's economic and social sustainability, environmental performance indicators, and organizational profile and governance.","The given sustainability report does not provide any information on the processes used by the organization to identify and assess climate-related risks. The report does not describe the risk management processes for identifying and assessing climate-related risks, nor does it provide any information on how the organization determines the relative significance of climate-related risks in relation to other risks. The report also does not disclose whether the organization considers existing and emerging regulatory requirements related to climate change or other relevant factors. The report does not provide any information on the processes for assessing the potential size and scope of identified climate-related risks or definitions of risk terminology used or references to existing risk classification frameworks used. Therefore, the report does not meet any of the TCFD guidelines for high-quality disclosure pertaining to the TCFD recommendation point.","The given disclosure does not provide any information on how the organization manages climate-related risks. The report does not describe the processes for managing climate-related risks, including how they make decisions to mitigate, transfer, accept, or control those risks. Additionally, the report does not describe the processes for prioritizing climate-related risks, including how materiality determinations are made within their organizations. The report does not meet any of the requirements for high-quality disclosure pertaining to the critical element of how the organization manages climate-related risks.","The given disclosure does not provide any information on how the processes for identifying, assessing, and managing climate-related risks are integrated into the organization's overall risk management. The disclosure only provides information on the company's sustainability initiatives, goals, and achievements. The disclosure does not meet any of the requirements for high-quality disclosure pertaining to the critical element of how climate-related risks are integrated into the organization's overall risk management.","The sustainability report does not provide any information on the metrics used by the organization to assess climate-related risks and opportunities. There is no mention of any key metrics used to measure and manage climate-related risks and opportunities, nor are there any metrics consistent with the cross-industry. The report does not provide any information on climate-related risks associated with water, energy, land use, and waste management. There is no mention of whether and how related performance metrics are incorporated into remuneration policies. The report does not provide any internal carbon prices or climate-related opportunity metrics such as revenue from products and services designed for a low-carbon economy. The report does not provide any historical or forward-looking metrics for the cross-industry, nor does it describe the methodologies used to calculate or estimate climate-related metrics.","The sustainability report fails to meet the requirements for disclosing Scope 1, Scope 2, and Scope 3 greenhouse gas  emissions and related risks. The report does not provide GHG emissions independent of a materiality assessment, nor does it provide GHG emissions and associated metrics for historical periods. The report does not describe the methodologies used to calculate or estimate the metrics. The report does not provide generally accepted industry-specific GHG efficiency ratios. The report does not consider disclosing Scope 3 GHG emissions. The report does not calculate GHG emissions in line with the GHG Protocol methodology. The report does not provide any information on the related risks and how they differ depending on the scope.","The sustainability report does not provide any information on the targets used by the organization to manage climate-related risks and opportunities and performance against targets. The report only provides information on the organization's long-term strategic goals and 2017 environmental priorities. The report does not describe the key climate-related targets, whether the target is absolute or intensity based, time frames over which the target applies, base year from which progress is measured, and key performance indicators used to assess progress against targets. The report does not provide a description of the methodologies used to calculate targets and measures. Therefore, the report does not meet any of the requirements for high-quality disclosure pertaining to the critical element."
SCORE,0,0,0,0,0,0,0,0,0,0,0
