,"Company name: Arcosa
Company sector: Infrastructure
Company location: North America
Pages: 61","Company name: Arcosa
Company sector: Infrastructure
Company location: North America
Pages: 61","Company name: Arcosa
Company sector: Infrastructure
Company location: North America
Pages: 61","Company name: Arcosa
Company sector: Infrastructure
Company location: North America
Pages: 61","Company name: Arcosa
Company sector: Infrastructure
Company location: North America
Pages: 61","Company name: Arcosa
Company sector: Infrastructure
Company location: North America
Pages: 61","Company name: Arcosa
Company sector: Infrastructure
Company location: North America
Pages: 61","Company name: Arcosa
Company sector: Infrastructure
Company location: North America
Pages: 61","Company name: Arcosa
Company sector: Infrastructure
Company location: North America
Pages: 61","Company name: Arcosa
Company sector: Infrastructure
Company location: North America
Pages: 61","Company name: Arcosa
Company sector: Infrastructure
Company location: North America
Pages: 61"
,tcfd_1,tcfd_2,tcfd_3,tcfd_4,tcfd_5,tcfd_6,tcfd_7,tcfd_8,tcfd_9,tcfd_10,tcfd_11
ANSWER,"The Governance and Sustainability Committee oversees risks related to governance structure and director compensation programs and reviews the Company's activities and practices regarding ESG-related matters. The Audit Committee oversees material financial, legal, and regulatory risk exposures. The Board oversees climate-related risks and opportunities through committees and reports back on their risk oversight activities. The report does not provide specific actions taken by the Board to address climate-related risks and opportunities.","Arcosa's senior management team has implemented multiple strategies for assessing and managing climate-related risks and opportunities. The board oversees climate-related risks and opportunities, and management identifies, assesses, and manages climate-related risks through the ERM process. The report discloses metrics and targets used to assess and manage relevant climate-related risks and opportunities where such information is material.","Arcosa has identified physical risks such as changes in precipitation patterns, rising temperatures, and flooding that may adversely impact operations. The company also recognizes transition risks such as policy and regulatory changes, market price increases, and changes in customer behavior. However, the report lacks concrete data and targets to manage these risks and opportunities, and some statements may be considered cheap talks.","Arcosa's sustainability report identifies physical and transition risks related to climate change, including changes in precipitation patterns, extreme weather, and increased severity of natural disasters. The report also mentions potential financial impacts, such as higher operating costs and potential revenue loss. The company plans to integrate ESG into everything it does, but the report lacks concrete data on metrics and targets used to assess and manage climate-related risks and opportunities.","Arcosa's sustainability report mentions that they have performed a high-level review of the impact of a 2°C global warming scenario, but it is unclear how resilient their strategy is in this scenario. They have identified physical risks such as changes in precipitation patterns, rising temperatures, and inconsistent electricity supply, but their mitigation strategies are medium- to long-term. There is no clear mention of resilience to a 2°C target or lower scenario or physical risks in the short term.","Arcosa identifies and assesses climate-related risks through its Enterprise Risk Management process, with input from internal and external sources. The ERM framework is dynamic and applied across all business units and risk-related topics. The company also prepares for climate-related impacts through monthly business reviews and annual strategic planning, building business processes to address changes in supply chain resilience, customer preferences, industry norms, workforce reliability, weather patterns, and new technology. However, the report lacks specific metrics and targets used to assess and manage relevant climate-related risks and opportunities.","Arcosa has identified and disclosed climate-related risks and opportunities in the short, medium, and long terms. The organization manages climate-related risks through its Enterprise Risk Management process, which is dynamic and integrated into the overall risk management. The company has established a layered structure for identifying risks and opportunities, and the Board oversees climate-related risks and opportunities. Arcosa has developed a renewable energy roadmap to position itself for the future of purchased energy. However, the report lacks specific metrics and targets used to assess and manage relevant climate-related risks and opportunities.","Arcosa integrates climate-related risks into its Enterprise Risk Management  process, which is dynamic in its application across all business units and risk-related topics. The ERM process is supported by input from both internal and external sources. The company also discloses metrics and targets used to assess and manage relevant climate-related risks and opportunities where such information is material.","Arcosa discloses metrics used to assess climate-related risks and opportunities, including Scope 1, Scope 2, and, if appropriate, Scope 3 greenhouse gas emissions, and the related risks. The organization also describes targets used to manage climate-related risks and opportunities and performance against targets. The ERM process is used to identify and assess climate-related risks, and the Board oversees climate-related risks and opportunities. However, the report lacks specific details on how the metrics help ensure performance is in line with its strategy and risk management process.","Yes, Arcosa discloses its Scope 1, Scope 2, and Scope 3 greenhouse gas emissions, but the data is incomplete and in process. The report does not provide specific figures on these emissions. The related risks are not specified, and the report lacks concrete data on the processes for identifying and assessing climate-related risks.","Arcosa's sustainability report discloses targets used to manage climate-related risks and opportunities, but the report does not provide specific information on the targets. The report mentions that the company is dedicated to developing and implementing initiatives to support reduction efforts, but it lacks concrete data to verify the effectiveness of these initiatives."
SOURCES,"[147, 140, 146, 143, 183, 144, 142, 45, 145, 151, 141]","[140, 141, 143, 144, 145, 147, 158, 168, 169, 170, 176, 180, 182, 183, 188, 189, 191, 192]","[143, 142, 180, 192, 141, 140, 144, 158, 185, 168, 182, 183, 188]","[143, 180, 192, 142, 141, 176, 189, 183, 185, 168, 147, 172, 158]","[143, 180, 184]","[141, 192]","[141, 142, 143, 144, 145, 147, 151, 158, 168, 170, 176, 180, 182, 183, 188, 189, 190, 191, 192]","[141, 192]","[141, 142, 143, 144, 145, 146, 147, 158, 170, 176, 179, 180, 181, 189, 191, 192, 194]","[56, 223, 140, 141, 40]","[142, 180, 145]"
PAGE,"[33, 34, 35, 41, 12]","[33, 34, 36, 38, 40, 41, 43]","[33, 36, 38, 41, 42, 43]","[33, 34, 36, 38, 39, 40, 41, 42, 43]","[33, 42, 41]","[33, 43]","[33, 34, 35, 36, 38, 40, 41, 43]","[33, 43]","[33, 34, 36, 38, 40, 41, 43, 44]","[33, 11, 14, 55]","[33, 34, 41]"
ANALYSIS,"The sustainability report provides some information on the board's oversight of climate-related risks and opportunities. The report mentions that the Governance and Sustainability Committee and the Audit Committee oversee specific types of climate-related risks and opportunities. The report also states that the board considers climate-related issues when reviewing and guiding strategy, major plans of action, risk management policies, annual budgets, and business plans. However, the report lacks specific details on the processes and frequency by which the board and/or board committees are informed about climate-related issues. Additionally, the report does not provide information on how the board monitors and oversees progress against goals and targets for addressing climate-related issues. Overall, the disclosure quality is moderate.","The sustainability report provides some information on management's role in assessing and managing climate-related risks and opportunities. It describes the board's oversight of climate-related risks and opportunities and management's role in assessing and managing climate-related risks and opportunities. However, it does not provide information on whether the organization has assigned climate-related responsibilities to management-level positions or committees, the associated organizational structure, processes by which management is informed about climate-related issues, and how management monitors climate-related issues. The report also lacks specific details on metrics and targets used to assess and manage relevant climate-related risks and opportunities. Overall, the disclosure is insufficient in meeting the TCFD guidelines for high-quality disclosure pertaining to the TCFD recommendation point.","The sustainability report provides some information on the climate-related risks and opportunities that the organization has identified over the short, medium, and long term. The report describes the specific climate-related issues potentially arising in each time horizon that could have a material financial impact on the organization. However, the report lacks a clear description of the relevant short-, medium-, and long-term time horizons, and the process used to determine which risks and opportunities could have a material financial impact on the organization. The report also does not provide a description of risks and opportunities by sector and/or geography, as appropriate. Overall, the disclosure is insufficiently detailed to meet the TCFD guidelines.","The sustainability report provides some information on the impact of climate-related risks and opportunities on the organization's businesses, strategy, and financial planning. The report describes the climate-related risks and opportunities identified by the organization and their impact on the business. However, the report lacks specific details on how these risks and opportunities affect the organization's financial performance and financial planning process. The report also does not describe how climate-related issues serve as an input to the financial planning process, the time period used, and how these risks and opportunities are prioritized. The report does not describe the organization's plans for transitioning to a low-carbon economy. Overall, the report partially meets the TCFD guidelines and lacks specific details, resulting in a score of 60.","The sustainability report provides some information on the organization's resilience to climate-related risks and opportunities, including a 2°C or lower scenario. The report describes the climate-related risks and opportunities identified by the organization and their impact on the business, strategy, and financial planning. The report also includes a scenario analysis of the impact of a 2°C global warming scenario. However, the report lacks specific details on how the organization's strategy might change to address potential risks and opportunities, the potential impact of climate-related issues on financial performance, and the climate-related scenarios and associated time horizon considered. The report also does not disclose the metrics and targets used to assess and manage relevant climate-related risks and opportunities.","The sustainability report provides a comprehensive description of the organization's processes for identifying and assessing climate-related risks. The report describes the risk management processes for identifying and assessing climate-related risks, including how organizations determine the relative significance of climate-related risks in relation to other risks. The report also discloses the processes for assessing the potential size and scope of identified climate-related risks and definitions of risk terminology used or references to existing risk classification frameworks used. However, the report does not provide specific details on whether the organization considers existing and emerging regulatory requirements related to climate change as well as other relevant factors considered. Overall, the report provides a detailed description of the organization's processes for identifying and assessing climate-related risks, but there is room for improvement in terms of providing specific details on regulatory requirements and other relevant factors.","The sustainability report provides a comprehensive disclosure of the organization's processes for managing climate-related risks. The report describes the organization's processes for identifying and assessing climate-related risks, including how they make decisions to mitigate, transfer, accept, or control those risks. The report also describes the organization's processes for prioritizing climate-related risks, including how materiality determinations are made within their organizations. The report discloses the metrics and targets used to assess and manage relevant climate-related risks and opportunities where such information is material. However, the report lacks specific details on how the organization integrates its processes for identifying, assessing, and managing climate-related risks into its overall risk management. Overall, the report meets most of the requirements and provides sufficient details to rate the organization's disclosure quality on managing climate-related risks.","The sustainability report provides a comprehensive disclosure of the processes for identifying, assessing, and managing climate-related risks integrated into the organization's overall risk management. The report describes how the organization identifies and assesses climate-related risks through the ERM process, with input from both internal and external sources. The report also discloses the metrics and targets used to assess and manage relevant climate-related risks and opportunities where such information is material. However, the report lacks specific details on how the organization integrates its processes for managing climate-related risks into its overall risk management. Overall, the report provides a satisfactory level of disclosure on the TCFD recommendation point.","The sustainability report provides some information on the metrics used to assess climate-related risks and opportunities. The report discloses the targets used to manage climate-related risks and opportunities and performance against targets. It also describes the processes for identifying and assessing climate-related risks and how they are integrated into the organization's overall risk management. The report provides some metrics on Scope 1, Scope 2, and, if appropriate, Scope 3 greenhouse gas emissions, and the related risks. However, the report lacks details on the key metrics used to measure and manage climate-related risks and opportunities, metrics consistent with the cross-industry, and metrics associated with water, energy, land use, and waste management. The report also does not provide information on whether and how related performance metrics are incorporated into remuneration policies. Therefore, the report scores 60 out of 100.","The sustainability report provides some information on the organization's greenhouse gas  emissions and related risks. The report discloses Scope 1 and Scope 2 GHG emissions, but it is unclear whether Scope 3 GHG emissions have been disclosed. The report does not provide GHG emissions for historical periods, nor does it describe the methodologies used to calculate or estimate the metrics. The report does not provide generally accepted industry-specific GHG efficiency ratios. The report does not provide information on the related risks and how they differ depending on the scope. Overall, the report lacks sufficient detail to meet the TCFD guidelines for high-quality disclosure pertaining to the TCFD recommendation point.","The sustainability report provides some information on the targets used by the organization to manage climate-related risks and opportunities and performance against targets. The report describes the key climate-related targets such as those related to GHG emissions, water usage, energy usage, etc. and provides information on whether the target is absolute or intensity based, time frames over which the target applies, base year from which progress is measured, and key performance indicators used to assess progress against targets. However, the report does not provide a description of the methodologies used to calculate targets and measures. Overall, the disclosure quality is moderate, and the report meets some of the requirements but lacks specific details."
SCORE,70,40,50,60,60,85,90,80,60,40,70
