,"Company name: Fidelity National Financial, Inc.
Company sector: Title insurance industry
Company location: Jacksonville, Florida
Pages: 33","Company name: Fidelity National Financial, Inc.
Company sector: Title insurance industry
Company location: Jacksonville, Florida
Pages: 33","Company name: Fidelity National Financial, Inc.
Company sector: Title insurance industry
Company location: Jacksonville, Florida
Pages: 33","Company name: Fidelity National Financial, Inc.
Company sector: Title insurance industry
Company location: Jacksonville, Florida
Pages: 33","Company name: Fidelity National Financial, Inc.
Company sector: Title insurance industry
Company location: Jacksonville, Florida
Pages: 33","Company name: Fidelity National Financial, Inc.
Company sector: Title insurance industry
Company location: Jacksonville, Florida
Pages: 33","Company name: Fidelity National Financial, Inc.
Company sector: Title insurance industry
Company location: Jacksonville, Florida
Pages: 33","Company name: Fidelity National Financial, Inc.
Company sector: Title insurance industry
Company location: Jacksonville, Florida
Pages: 33","Company name: Fidelity National Financial, Inc.
Company sector: Title insurance industry
Company location: Jacksonville, Florida
Pages: 33","Company name: Fidelity National Financial, Inc.
Company sector: Title insurance industry
Company location: Jacksonville, Florida
Pages: 33","Company name: Fidelity National Financial, Inc.
Company sector: Title insurance industry
Company location: Jacksonville, Florida
Pages: 33"
,tcfd_1,tcfd_2,tcfd_3,tcfd_4,tcfd_5,tcfd_6,tcfd_7,tcfd_8,tcfd_9,tcfd_10,tcfd_11
ANSWER,"The board of directors recognizes the importance of developing a long-term ESG strategy, monitoring progress, and providing effective risk oversight and management, including with respect to climate-related risks. The audit committee reviews and reports on ESG efforts to the board of directors. The ERM program, overseen by the Chief Risk Officer, conducts climate risk assessments and reports to the audit committee regularly. However, the report lacks specific details on the board's direct actions and responsibilities regarding climate-related risks and opportunities.","Management conducted a climate risk assessment to identify climate-related risks and opportunities at the enterprise-level. Management does not view their core products to be directly impacted by climate change. However, they have enhanced and developed key policies and statements to reflect their ongoing commitment to sustainability and mitigating climate-related risk. The Chief Risk Officer oversees their ERM program and reports to the audit committee of the board of directors on a regular basis about their ERM and business continuity programs.","Fidelity National Financial, Inc. has identified climate-related risks and opportunities through a consolidated assessment in 2021. However, the report does not provide specific details on the identified risks and opportunities, nor does it associate them with a horizon. The report also lacks concrete data on the company's sustainability efforts, and some statements may be considered cheap talks.","Fidelity National Financial, Inc. recognizes climate-related risks and opportunities and has developed policies to mitigate them. However, management does not view their core products to be directly impacted by climate change. The report lacks concrete data on the impact of climate change on the company's financial performance and planning.","The report does not provide sufficient information to determine the resilience of Fidelity National Financial's strategy to different climate-related scenarios or physical risks. The report only mentions that the company conducted a climate risk assessment in 2021 and enhanced policies to mitigate climate-related risks. However, it does not provide any concrete actions or strategies to address these risks.","Fidelity National Financial, Inc. conducted its first climate change risk assessment in 2021 to identify climate-related risks and opportunities at the enterprise-level, in line with the NY Department of Financial Services Guidance. The company also enhanced and developed key policies and statements to reflect its ongoing commitment to sustainability and mitigating climate-related risk.","Fidelity National Financial manages climate-related risks through its Enterprise Risk Management program, which conducts risk assessments and develops appropriate plans to mitigate risks to an acceptable level. The company has enhanced and developed key policies and statements to reflect its ongoing commitment to sustainability and mitigating climate-related risk. However, management does not view its core products to be directly impacted by climate change, and the report lacks concrete data on the company's reduction of greenhouse gas emissions.","Fidelity National Financial, Inc. has integrated climate-related risks into its Enterprise Risk Management  program, overseen by the Chief Risk Officer and reported to the audit committee of the board of directors. The company has conducted a climate change risk assessment and developed policies to reflect its commitment to sustainability. However, the report does not provide concrete information on how the integration is done.","Fidelity National Financial, Inc. conducted its first climate change risk assessment in 2021 and identified climate-related risks and opportunities at the enterprise-level. The company enhanced and developed key policies and statements to reflect its ongoing commitment to sustainability and mitigating climate-related risk. The ERM program reviews proposed New Products and Services for possible climate impacts outside of current operations. The Chief Risk Officer oversees the ERM program and reports to the audit committee of the board of directors on a regular basis about the ERM and business continuity programs.","Yes, Fidelity National Financial, Inc. discloses its Scope 1 and Scope 2 greenhouse gas  emissions in its sustainability report. However, there is no mention of Scope 3 emissions. The report states that the company completed its inaugural internal GHG emissions inventory for its Jacksonville headquarters in 2020, following the GHG Protocol Corporate Standard for both 2019 and 2020. The related risks are not specified in the report.","Fidelity National Financial, Inc. conducted its first climate change risk assessment in 2021 to identify climate-related risks and opportunities at the enterprise-level. The report does not provide any specific targets or performance against these targets for understanding/quantifying/benchmarking climate-related risks and opportunities."
SOURCES,"[35, 65, 151]","[62, 63, 65, 151]","[9, 62, 65]","[65, 62, 151, 17, 63, 9, 10, 150, 72, 64, 195, 25, 152, 166, 36]","[65, 151, 62, 9, 17, 63, 150, 35, 67, 72, 152, 167, 64, 196, 27, 76, 157]","[62, 17, 151]","[62, 65, 151, 63, 9, 17, 150, 72, 166, 10, 156, 167, 64, 61, 172, 157, 152, 8, 154]","[62, 65, 151]","[62, 17, 65, 151, 9]","[60, 66]","[62, 151]"
PAGE,"[25, 13, 7]","[25, 13]","[2, 13]","[32, 2, 3, 4, 7, 13, 14, 25, 28]","[32, 2, 3, 5, 7, 13, 14, 15, 25, 26, 28]","[25, 3, 13]","[2, 3, 13, 14, 25, 26, 28]","[25, 13]","[25, 2, 3, 13]",[13],"[25, 13]"
ANALYSIS,"The disclosure provides some information on the board's oversight of climate-related risks and opportunities. The report mentions that the audit committee reviews and reports on ESG efforts to the board of directors, and the board recognizes the importance of developing a long-term ESG strategy, monitoring progress, and providing effective risk oversight and management, including with respect to climate-related risks. However, the report lacks specific details on the processes and frequency by which the board and/or board committees are informed about climate-related issues, whether the board and/or board committees consider climate-related issues when reviewing and guiding strategy, and how the board monitors and oversees progress against goals and targets for addressing climate-related issues.","The sustainability report provides some information on management's role in assessing and managing climate-related risks and opportunities. It mentions that Enterprise Risk Management  formalized the analysis of climate risk into a consolidated assessment, and the Chief Risk Officer oversees the ERM program and reports to the audit committee of the board of directors. However, the report lacks specific details on the organizational structure, processes by which management is informed about climate-related issues, and how management monitors climate-related issues. Additionally, the report does not mention whether the management positions or committees responsible for climate-related issues report to the board or a committee of the board. Overall, the disclosure is insufficient to meet the TCFD guidelines for high-quality disclosure pertaining to the TCFD recommendation point.","The sustainability report provides some information on climate-related risks and opportunities, but it falls short of meeting the TCFD guidelines. The report does not provide a clear description of the relevant short-, medium-, and long-term time horizons, nor does it identify specific climate-related issues that could have a material financial impact on the organization. The report mentions a climate risk assessment, but it does not describe the process used to determine which risks and opportunities could have a material financial impact on the organization. The report does not provide a sector or geography-specific description of risks and opportunities. Overall, the report lacks the necessary details to assess the organization's climate-related risks and opportunities.","The sustainability report provides some information on how climate-related risks and opportunities impact the organization's business strategy, economic and financial performance, and financial planning. The report mentions that the company has conducted a climate risk assessment and has developed policies to mitigate climate-related risks. However, the report lacks specific details on how climate-related issues have affected the organization's businesses, strategy, and financial planning. The report does not provide information on the impact of climate-related issues on the organization's financial performance and financial position. Additionally, the report does not describe how climate-related issues serve as an input to the organization's financial planning process. Overall, the report provides some information on the TCFD recommendation point, but it lacks specific details and does not meet all the TCFD guidelines.","The sustainability report provides some information on the organization's resilience to climate-related risks and opportunities, but it falls short of meeting the TCFD guidelines. The report mentions that the organization conducted a climate risk assessment and integrated the findings into its ERM program. However, it does not provide any details on how the organization's strategy might change to address potential risks and opportunities, the potential impact of climate-related issues on financial performance and position, or the climate-related scenarios and associated time horizon considered. The report also lacks information on how the organization's strategy is resilient to physical climate risks. Overall, the report provides limited information on the organization's resilience to climate-related risks and opportunities, and it does not meet the TCFD guidelines in a comprehensive manner.","The sustainability report provides some information on the organization's processes for identifying and assessing climate-related risks. It mentions that the Enterprise Risk Management  program conducted a climate risk assessment and identified climate-related risks and opportunities at the enterprise-level. However, the report lacks specific details on how the organization determines the relative significance of climate-related risks in relation to other risks and whether it considers existing and emerging regulatory requirements related to climate change. The report also does not disclose the processes for assessing the potential size and scope of identified climate-related risks and definitions of risk terminology used or references to existing risk classification frameworks used. Overall, the report provides some information but lacks specific details, resulting in a score of 50.","The sustainability report provides some information on the organization's processes for managing climate-related risks. The report mentions that the Enterprise Risk Management  program conducted a climate risk assessment to identify climate-related risks and opportunities at the enterprise-level. However, the report lacks specific details on how the organization makes decisions to mitigate, transfer, accept, or control those risks. The report also does not provide information on how materiality determinations are made within the organization. Overall, the report provides some information on the organization's processes for managing climate-related risks, but it lacks specific details on how the organization makes decisions to manage those risks.","The sustainability report provides some information on how the organization integrates climate-related risks into its overall risk management. The report mentions that the Enterprise Risk Management  program conducted a climate risk assessment and identified climate-related risks and opportunities at the enterprise-level. The report also states that the ERM program reviews proposed new products and services for possible climate impacts outside of current operations. However, the report lacks specific details on how the organization identifies, assesses, and manages climate-related risks and how these processes are integrated into the overall risk management. The report could benefit from providing more information on the specific steps taken to manage climate-related risks and how these risks are prioritized. Overall, the disclosure is partially satisfactory, but it could be more detailed and specific.","The given disclosure provides some information on the metrics used to assess climate-related risks and opportunities. The report mentions that the organization conducted a climate risk assessment and identified climate-related risks and opportunities at the enterprise-level. However, the report lacks specific details on the metrics used to measure and manage climate-related risks and opportunities. The report does not provide metrics consistent with the cross-industry, metrics on climate-related risks associated with water, energy, land use, and waste management, or forward-looking metrics. The report does not describe whether and how related performance metrics are incorporated into remuneration policies. The report provides some information on internal carbon prices and climate-related opportunity metrics. The report does not provide a description of the methodologies used to calculate or estimate climate-related metrics. Overall, the disclosure is insufficient to meet the TCFD guidelines.","The sustainability report provides some information on the organization's greenhouse gas  emissions and related risks. The report discloses the GHG emissions for the Jacksonville campus for 2019 and 2020, which is in line with the GHG Protocol Corporate Standard. However, the report does not provide information on Scope 3 GHG emissions, which is a requirement for high-quality disclosure. The report also lacks information on the methodologies used to calculate or estimate the metrics. While the report mentions the organization's commitment to sustainability and mitigating climate-related risks, it does not provide sufficient details on the related risks and how they differ depending on the scope. Overall, the report partially meets the requirements for high-quality disclosure on the TCFD recommendation point.","The given sustainability report does not provide sufficient information to evaluate the targets used by the organization to manage climate-related risks and opportunities and performance against targets. The report mentions that the organization conducted a climate risk assessment and developed policies to mitigate climate-related risks, but it does not provide any specific targets or performance against those targets. The report does not mention whether the targets are absolute or intensity-based, the time frames over which the targets apply, the base year from which progress is measured, or the key performance indicators used to assess progress against targets. The report also does not provide a description of the methodologies used to calculate targets and measures. Therefore, the report does not meet the TCFD guidelines for high-quality disclosure pertaining to the TCFD recommendation point."
SCORE,60,40,20,50,30,50,60,60,40,60,0
