,"Company name: Aflac
Company sector: Insurance
Company location: ['United States', 'Japan']
Pages: 56","Company name: Aflac
Company sector: Insurance
Company location: ['United States', 'Japan']
Pages: 56","Company name: Aflac
Company sector: Insurance
Company location: ['United States', 'Japan']
Pages: 56","Company name: Aflac
Company sector: Insurance
Company location: ['United States', 'Japan']
Pages: 56","Company name: Aflac
Company sector: Insurance
Company location: ['United States', 'Japan']
Pages: 56","Company name: Aflac
Company sector: Insurance
Company location: ['United States', 'Japan']
Pages: 56","Company name: Aflac
Company sector: Insurance
Company location: ['United States', 'Japan']
Pages: 56","Company name: Aflac
Company sector: Insurance
Company location: ['United States', 'Japan']
Pages: 56","Company name: Aflac
Company sector: Insurance
Company location: ['United States', 'Japan']
Pages: 56","Company name: Aflac
Company sector: Insurance
Company location: ['United States', 'Japan']
Pages: 56","Company name: Aflac
Company sector: Insurance
Company location: ['United States', 'Japan']
Pages: 56"
,tcfd_1,tcfd_2,tcfd_3,tcfd_4,tcfd_5,tcfd_6,tcfd_7,tcfd_8,tcfd_9,tcfd_10,tcfd_11
ANSWER,"The Aflac Board of Directors’ Corporate Social Responsibility and Sustainability Committee leads the company's efforts on green initiatives, reducing waste and recycling to better the environment. The CSR Committee uses the ISO 26000 Social Responsibility Guidelines to inform Aflac’s CSR progress. However, there is no specific information on how the board oversees climate-related risks and opportunities.","The sustainability report does not provide specific information on the role of management in assessing and managing climate-related risks and opportunities. However, the report mentions initiatives to reduce greenhouse gas emissions and energy consumption, as well as a decrease in waste going to landfills. The report also notes the company's adherence to the Global Reporting Initiative  and the ISO 26000 Social Responsibility Guidelines.","The sustainability report does not provide a clear identification of the most relevant climate-related risks and opportunities that the organization has identified over the short, medium, and long term. The report only mentions initiatives to provide energy-efficient or renewable energy-based products and services and reductions in energy requirements as a result of these initiatives. There is no clear association of risks with a horizon.","The sustainability report does not provide sufficient information on how climate-related risks and opportunities impact Aflac's business strategy, economic and financial performance, and financial planning. The report mainly focuses on philanthropy, governance, workplace, and environment-related initiatives, with minimal quantifiable data to support the claims made.","The report does not provide sufficient information to evaluate the resilience of Aflac's strategy in different climate-related scenarios or physical risks. The report only mentions initiatives to reduce greenhouse gas emissions and waste, and reductions achieved. However, it lacks specific data on the company's preparedness for climate risks and its strategy to mitigate them.","The sustainability report does not provide any specific information on the processes used by Aflac to identify and assess climate-related risks. The report only mentions initiatives to provide energy-efficient or renewable energy-based products and services, and reductions in energy requirements as a result of these initiatives .",The report lacks specific information on how Aflac manages climate-related risks. There are no concrete actions or strategies mentioned in the report to address this issue.,"The report does not provide specific information on how the processes for identifying, assessing, and managing climate-related risks are integrated into the organization's overall risk management. The report only mentions initiatives to reduce greenhouse gas emissions and energy consumption, but it lacks concrete data to support these claims. The report also mentions the governance structure of the organization, including committees responsible for setting strategy or organizational oversight, but it does not provide any information on how these committees integrate climate-related risks into their decision-making processes.","The report does not provide specific metrics used by Aflac to assess climate-related risks and opportunities. It only mentions initiatives to provide energy-efficient or renewable energy based products and services, and reductions in energy requirements as a result of these initiatives. The report does not explain how these initiatives help ensure that the performance is in line with its strategy and risk management process.","Aflac's sustainability report does not disclose its Scope 1, Scope 2, and Scope 3 greenhouse gas emissions. No related risks were identified in the report.","No information was found in the sustainability report regarding the targets that Aflac uses to understand/quantify/benchmark climate-related risks and opportunities, nor was there any information on the organization's performance against such targets."
SOURCES,"[206, 82, 83]","[264, 219, 83, 84]","[265, 216]","[260, 265, 264, 180, 20, 219, 32, 263, 216, 202, 203, 3, 8, 28, 128]","[265, 260, 263, 264, 219, 80, 30, 27, 28, 20]",[265],"[260, 264, 265, 216, 219, 209, 180, 263, 202, 206, 35, 20, 7, 160, 3, 83, 192, 198, 262]","[260, 265, 264, 263, 20, 180, 3, 216, 28, 7, 262, 84, 83, 258, 22, 219, 96]","[265, 3]","[33, 43, 46, 44, 46, 20, 263, 260, 262, 265, 264, 219, 258, 257, 180, 216, 84, 259, 1, 22, 80, 27]",[]
PAGE,"[17, 42]","[17, 45, 53]","[44, 53]","[1, 3, 36, 5, 7, 41, 44, 45, 52, 53, 27]","[5, 6, 7, 45, 16, 52, 53]",[53],"[33, 2, 1, 36, 5, 38, 39, 8, 41, 42, 44, 45, 17, 52, 53]","[1, 2, 36, 5, 6, 7, 44, 45, 17, 19, 52, 53]","[1, 53]","[1, 36, 5, 6, 7, 9, 44, 45, 16, 17, 52, 53]",[]
ANALYSIS,"The sustainability report does not provide any information on how the company's board oversees climate-related risks and opportunities. The report does not meet any of the requirements for high-quality disclosure pertaining to the critical element. Instead, the report focuses on the company's governance structure, philanthropy, workplace, and environment. The report mentions the Corporate Social Responsibility and Sustainability Committee, which leads the company's green initiatives, but does not provide any information on how the board oversees climate-related issues. Overall, the report lacks transparency and accountability regarding the board's oversight of climate-related risks and opportunities.","The sustainability report does not provide any information on management's role in assessing and managing climate-related risks and opportunities. The report does not mention whether the organization has assigned climate-related responsibilities to management-level positions or committees, the associated organizational structure, processes by which management is informed about climate-related issues, or how management monitors climate-related issues. The report contains irrelevant information that does not pertain to the critical element. Therefore, the report fails to meet any of the requirements for high-quality disclosure pertaining to the critical element.","The given sustainability report does not provide any information on the most relevant climate-related risks and opportunities that the organization has identified over the short, medium, and long term. The report does not meet any of the requirements outlined for this critical element. Instead, the report focuses on other aspects such as governance, philanthropy, and employee demographics. As a result, the report receives a score of 0.","The given disclosure does not satisfy the requirements for the critical element. The report does not provide any information on how climate-related risks and opportunities impact the organization's business strategy, economic and financial performance, and financial planning. The report does not discuss the impact of climate-related issues on their financial performance and financial position. The report does not describe how climate-related issues serve as an input to their financial planning process, the time period used, and how these risks and opportunities are prioritized. The report does not describe the impact of climate-related issues on their operations, supply chain, and investment in research and development. The report does not describe their plans for transitioning to a low-carbon economy.","The sustainability report does not provide any information on the resilience of the organization's strategy when considering different climate-related scenarios, including a 2°C target or lower scenario. There is no discussion on how the organization's strategies might change to address potential risks and opportunities. The report does not provide any information on the potential impact of climate-related issues on financial performance and financial position. The report does not mention any climate-related scenarios and associated time horizon considered. Therefore, the report does not meet any of the requirements for high-quality disclosure pertaining to the critical element.","The sustainability report does not provide any information on the processes used by the organization to identify and assess climate-related risks. The report does not describe the risk management processes for identifying and assessing climate-related risks, nor does it disclose how the organization determines the relative significance of climate-related risks in relation to other risks. The report does not consider existing and emerging regulatory requirements related to climate change or disclose processes for assessing the potential size and scope of identified climate-related risks. The report also does not provide definitions of risk terminology used or references to existing risk classification frameworks used. As a result, the report does not meet any of the requirements for high-quality disclosure pertaining to the critical element of identifying and assessing climate-related risks.","The sustainability report does not provide any information on how the organization manages climate-related risks. The report only discusses the organization's environmental initiatives and philanthropic activities. The report does not describe the organization's processes for managing climate-related risks, including how they make decisions to mitigate, transfer, accept, or control those risks. Additionally, the report does not describe the organization's processes for prioritizing climate-related risks, including how materiality determinations are made within their organizations. As a result, the report does not meet the requirements for high-quality disclosure pertaining to the critical element of how the organization manages climate-related risks.","The given disclosure does not provide any information on how the processes for identifying, assessing, and managing climate-related risks are integrated into the organization's overall risk management. Instead, the report focuses on other aspects such as governance, philanthropy, workplace, and environment. The report does not meet the requirements for high-quality disclosure pertaining to the critical element.","The given disclosure does not provide any information on the metrics used by the organization to assess climate-related risks and opportunities. Instead, it focuses on other aspects of the organization such as governance, philanthropy, and workplace. As a result, none of the requirements have been met, and the disclosure is insufficient to rate the organization's disclosure quality on the critical element.","The sustainability report does not provide any information on the organization's Scope 1, Scope 2, and Scope 3 greenhouse gas  emissions. The report does not meet any of the requirements for high-quality disclosure pertaining to the critical element. The report does not provide GHG emissions independent of a materiality assessment, and there is no mention of GHG efficiency ratios. The report does not provide GHG emissions and associated metrics for historical periods to allow for trend analysis. There is no description of the methodologies used to calculate or estimate the metrics. The report does not consider disclosing Scope 3 GHG emissions. The report does not calculate GHG emissions in line with the GHG Protocol methodology to allow for aggregation and comparability across organizations and jurisdictions.","The sustainability report does not provide any information on the targets used by the organization to manage climate-related risks and opportunities and performance against targets. The report does not describe any key climate-related targets such as those related to GHG emissions, water usage, energy usage, etc. The report does not provide any information on whether the target is absolute or intensity based, time frames over which the target applies, base year from which progress is measured, and key performance indicators used to assess progress against targets. The report does not disclose associated interim targets in aggregate or by business line, where available. The methodologies used to calculate targets and measures are not described. Therefore, the report does not meet any of the requirements for high-quality disclosure pertaining to the critical element."
SCORE,0,0,0,0,0,0,0,0,0,0,0
