,"Company name: Goldman Sachs
Company sector: Financial Services
Company location: North America
Pages: 137","Company name: Goldman Sachs
Company sector: Financial Services
Company location: North America
Pages: 137","Company name: Goldman Sachs
Company sector: Financial Services
Company location: North America
Pages: 137","Company name: Goldman Sachs
Company sector: Financial Services
Company location: North America
Pages: 137","Company name: Goldman Sachs
Company sector: Financial Services
Company location: North America
Pages: 137","Company name: Goldman Sachs
Company sector: Financial Services
Company location: North America
Pages: 137","Company name: Goldman Sachs
Company sector: Financial Services
Company location: North America
Pages: 137","Company name: Goldman Sachs
Company sector: Financial Services
Company location: North America
Pages: 137","Company name: Goldman Sachs
Company sector: Financial Services
Company location: North America
Pages: 137","Company name: Goldman Sachs
Company sector: Financial Services
Company location: North America
Pages: 137","Company name: Goldman Sachs
Company sector: Financial Services
Company location: North America
Pages: 137"
,tcfd_1,tcfd_2,tcfd_3,tcfd_4,tcfd_5,tcfd_6,tcfd_7,tcfd_8,tcfd_9,tcfd_10,tcfd_11
ANSWER,"The board of directors at Goldman Sachs oversees sustainability, climate-related risks, and social risks directly at the full board level and through its committees, including the Public Responsibilities and Risk Committees. The Risk division is responsible for the development of the firm’s climate risk program, including setting and evaluating risk appetite, assessing climate risk, and integrating that risk into business and risk management practices. The Firmwide Climate Steering Group provides oversight for key climate-related risk and opportunity decisions, including the interim goal-setting needed to achieve the net zero by 2050 pathway commitment.","Goldman Sachs integrates climate risk into its overall approach to risk management, including identifying and classifying climate risks, incorporating climate risks into the firm's internal risk taxonomy, and integrating climate risk into appropriate frameworks and policies. The Risk division is responsible for the development of the firm's climate risk program, including assessing climate risk and integrating that risk into business and risk management practices. The Board of Directors oversees sustainability, climate-related risks, and social risks. However, the report lacks concrete data on the company's progress in managing climate-related risks and opportunities.","Goldman Sachs has identified physical and transition risks associated with climate change, including acute and chronic risks. The company has developed methodologies for measuring these risks. They have also integrated climate risk into their risk identification process, risk taxonomy, and credit evaluations. The company has set an interim goal for net-zero and 2030 sectoral targets. However, the report lacks concrete data on the identified risks and opportunities, and the company's commitment to addressing climate change is not clear.","Goldman Sachs integrates climate risk into its overall approach to risk management, identifying and classifying climate risks, and incorporating them into the firm's internal risk taxonomy. The firm assesses physical risk across its operational risk footprint and at all stages of its global real estate strategy. It also integrates climate risk considerations into appropriate frameworks and policies. However, the report lacks concrete data on the economic and financial impacts of climate-related risks and opportunities on the firm's business strategy and performance.","Goldman Sachs has developed methodologies for both physical and transition risk, which serve as a foundation for measurement and integration of climate risk into business and risk processes across the firm. However, the report lacks concrete information on the resilience of the organization's strategy when considering different climate-related scenarios, including a 2°C target or lower scenario, and when considering climate physical risks.","Goldman Sachs integrates climate risk into its risk identification process, internal risk taxonomy, and appropriate frameworks and policies. The Risk division is responsible for the development of the firm's climate risk program, including assessing climate risk and integrating it into business and risk management practices. Physical risk is assessed across the firm's operational risk footprint and at all stages of its global real estate strategy. Sources 468, 477, 478, 479, 480, 461, 476.","Goldman Sachs integrates climate risk into its risk management practices, including stress-testing methodologies, internal risk taxonomy, and appropriate frameworks and policies. The Risk division is responsible for the development of the firm’s climate risk program, including setting and evaluating risk appetite, assessing climate risk, and integrating that risk into business and risk management practices. The firm assesses physical risk across its own operational risk footprint and at all stages of its global real estate strategy, and incorporates climate risk into credit evaluations and underwriting processes for select transactions.","Goldman Sachs integrates climate risk into its overall approach to risk management by identifying and classifying climate risks in its risk identification process, incorporating climate risks into its internal risk taxonomy, integrating climate risk considerations into appropriate frameworks and policies, and developing a climate risk program that assesses and integrates climate risk into business and risk management practices. It also assesses physical risk across its own operational risk footprint and at all stages of its global real estate strategy, and incorporates climate risk into credit-related issues.","Goldman Sachs integrates climate risk into its risk management practices by identifying and classifying climate risks, incorporating them into the firm's internal risk taxonomy, and stressing them in physical and transition risk stress-testing methodologies. The firm's Climate Steering Group provides oversight for key climate-related risk and opportunity decisions. However, the report lacks specific metrics used to assess climate-related risks and opportunities and how they help ensure performance is in line with the firm's strategy and risk management process.","Goldman Sachs discloses its Scope 1 and Scope 2 GHG emissions, but not its Scope 3 emissions. The related risks include transition risk and physical risk. The report does not provide specific figures on the emissions or the risks associated with each scope.","Goldman Sachs has identified companies across its portfolios that have not yet disclosed a target to reduce emissions and seeks to engage with these companies to set and disclose targets to reduce GHG emissions. The company has also set a 2025 goal to reduce energy intensity by 20% from a 2017 baseline for offices. However, the report lacks specific targets for quantifying and benchmarking climate-related risks and opportunities."
SOURCES,"[457, 458, 461, 468, 478, 480]","[245, 80, 480, 478, 468, 461, 457, 463, 476, 57, 235, 120, 458, 244, 115, 454, 479, 96]","[477, 461, 476, 245, 478, 46, 235, 480, 468, 479, 457, 458, 16, 57, 58, 205, 68, 37, 181, 454, 80, 69]","[245, 477, 478, 461, 480, 476, 468, 479, 444, 205, 244, 457, 235, 239, 16, 57, 454, 58, 69, 96]","[476, 477]","[468, 477, 478, 479, 480, 461, 476]","[478, 245, 480, 468, 80, 461, 457, 476, 479, 244, 58, 458, 463, 96, 57, 235, 69, 68, 181]","[478, 480, 468, 461, 457, 479, 477, 57, 92, 68, 46, 235, 69, 458]","[478, 476, 477, 461]","[491, 96, 112, 476, 590, 492, 461, 469, 547, 495, 463, 232, 152, 496, 608, 551, 606, 221, 535]","[112, 221]"
PAGE,"[88, 91, 87]","[45, 46, 15, 19, 85, 22, 87, 88, 26, 91, 28]","[36, 5, 40, 9, 11, 45, 46, 15, 17, 19, 85, 87, 88, 91]","[5, 40, 45, 46, 15, 17, 84, 85, 22, 87, 88, 91]",[91],"[88, 91, 87]","[36, 45, 46, 15, 17, 19, 22, 87, 88, 91]","[11, 45, 15, 17, 22, 87, 88, 91]","[91, 87]","[89, 121, 32, 103, 106, 42, 44, 108, 22, 87, 88, 25, 91, 127, 94, 95]","[25, 42]"
ANALYSIS,"The disclosure provides some information on the board's oversight of climate-related risks and opportunities. It mentions that the board and its committees oversee sustainability, climate-related risks, and social risks. It also states that the Risk division is responsible for the development of the firm's climate risk program. However, the disclosure lacks specific details on the processes and frequency by which the board and/or board committees are informed about climate-related issues. It also does not provide enough information on whether the board and/or board committees consider climate-related issues when reviewing and guiding strategy, major plans of action, risk management policies, annual budgets, and business plans. The disclosure does mention that the board oversees progress against goals and targets for addressing climate-related issues. Overall, the disclosure partially meets the requirements for high-quality disclosure pertaining to the critical element.","The sustainability report provides some information on management's role in assessing and managing climate-related risks and opportunities. It mentions that the Risk division is responsible for the development of the firm's climate risk program, and the board and its committees oversee sustainability and climate-related risks. The report also describes processes by which management is informed about climate-related issues. However, the report lacks specific details on whether the organization has assigned climate-related responsibilities to management-level positions or committees, and whether such management positions or committees report to the board or a committee of the board. The report also does not provide a clear description of the associated organizational structure and how management monitors climate-related issues. Overall, the report partially meets the TCFD guidelines for high-quality disclosure pertaining to the TCFD recommendation point.","The sustainability report provides some information on climate-related risks and opportunities, but it falls short of meeting all the requirements for high-quality disclosure. The report describes physical and transition risks and opportunities, but it does not provide a clear description of the relevant short-, medium-, and long-term time horizons. The report also lacks a detailed description of the process used to determine which risks and opportunities could have a material financial impact on the organization. While the report provides some information on climate risks by sector and geography, it does not provide a comprehensive description. Overall, the report provides some information on climate-related risks and opportunities, but it lacks the necessary detail to meet all the requirements for high-quality disclosure.","The sustainability report provides a comprehensive discussion of climate-related risks and opportunities and their impact on the organization's businesses, strategy, and financial planning. The report discusses the impact of climate-related issues on products and services, supply chain and/or value chain, adaptation and mitigation activities, investment in research and development, operations, acquisitions or divestments, and access to capital. The report also describes how climate-related issues serve as an input to the financial planning process, the time period used, and how these risks and opportunities are prioritized. The report provides a holistic picture of the interdependencies among the factors that affect the organization's ability to create value over time. The report also describes the impact of climate-related issues on financial performance and financial position. However, the report does not describe the organization's plans for transitioning to a low-carbon economy, which could include GHG emissions targets and specific activities intended to reduce GHG emissions in their operations and value chain or to otherwise support the transition.","The sustainability report provides some information on the organization's resilience to climate-related risks and opportunities, including physical risks. The report mentions that the organization has developed methodologies for measuring physical and transition risks and has integrated climate risk into its risk management approach. However, the report lacks specific details on how the organization's strategy might change to address potential risks and opportunities, the potential impact of climate-related issues on financial performance and position, and the climate-related scenarios considered. The report also does not mention a 2°C or lower scenario. Overall, while the report provides some information on the organization's resilience to climate-related risks and opportunities, it lacks specific details and does not fully meet the TCFD guidelines.","The sustainability report provides a comprehensive description of the organization's processes for identifying and assessing climate-related risks. The report describes the risk management processes for identifying and assessing climate-related risks and how the organization determines the relative significance of climate-related risks in relation to other risks. The report also discloses that the organization considers existing and emerging regulatory requirements related to climate change as well as other relevant factors considered. However, the report lacks specific details on the processes for assessing the potential size and scope of identified climate-related risks and definitions of risk terminology used or references to existing risk classification frameworks used. Overall, the report provides a good level of disclosure on the TCFD recommendation point.","The sustainability report provides a comprehensive description of the organization's processes for managing climate-related risks. The report describes how climate risks are identified, classified, and stressed in physical and transition risk stress-testing methodologies. The report also describes how climate risks are incorporated into the firm's internal risk taxonomy and how materiality determinations are made within the organization. The report provides examples of how climate risks are integrated into the firm's risk management processes, including evaluations and underwriting processes for select transactions, diligence on proposed investment transactions, and assessments of physical risk across the firm's operational risk footprint. Overall, the report meets the TCFD guidelines for high-quality disclosure pertaining to the TCFD recommendation point.","The sustainability report provides a comprehensive description of how the organization integrates climate-related risks into its overall risk management. The report describes how climate risks are identified, assessed, and managed across the firm's business and risk processes. The report also highlights the incorporation of climate risk considerations into appropriate frameworks and policies. The report provides specific examples of how the organization manages climate risks, including evaluations and underwriting processes for select transactions, diligence on proposed investment transactions, and assessments of physical risks across the firm's operational risk footprint. The report also describes the role of the board and its committees in overseeing the management of the firm's most significant risks, including climate-related risks. Overall, the report meets the TCFD guidelines and provides sufficient details to demonstrate the integration of climate-related risks into the organization's overall risk management.","The sustainability report provides some information on the metrics used to assess climate-related risks and opportunities. The report mentions that climate risks are identified and classified, and then stressed in physical and transition risk stress-testing methodologies. The report also describes the methodologies used to calculate or estimate climate-related metrics. However, the report lacks specific details on the key metrics used to measure and manage climate-related risks and opportunities, as well as metrics consistent with the cross-industry. The report does not provide metrics on climate-related risks associated with water, energy, land use, and waste management where relevant and applicable. The report also does not describe whether and how related performance metrics are incorporated into remuneration policies. Therefore, the report partially meets the TCFD guidelines and scores 60 out of 100.","The sustainability report provides detailed information on Scope 1 and Scope 2 GHG emissions, but only partial information on Scope 3 emissions. The report does not provide a description of the methodologies used to calculate or estimate the metrics. The report does not provide GHG efficiency ratios. The report does not provide information on the related risks and how they differ depending on the scope. The report does not disclose Scope 3 emissions independent of a materiality assessment. However, the report encourages companies to reduce GHG emissions and discloses the firm's approach to managing climate-related risks. The report also provides historical data points to allow for trend analysis. Overall, the report partially meets the requirements for high-quality disclosure pertaining to the critical element.","The sustainability report provides some information on the targets used by the organization to manage climate-related risks and opportunities and performance against targets. The report mentions that the organization is integrating climate risk considerations into appropriate frameworks and policies, and is continuing to integrate climate risk into broader business and risk management practices. However, the report lacks specific details on the key climate-related targets, time frames, base year, and key performance indicators used to assess progress against targets. The report also does not provide a description of the methodologies used to calculate targets and measures. While the report mentions the development of methodologies for both physical and transition risk, it does not provide specific details on these methodologies. Overall, the disclosure is insufficient to meet the TCFD guidelines."
SCORE,60,60,60,90,50,85,100,100,60,60,40
