,"Company name: Ameresco, Inc.
Company sector: Energy
Company location: Framingham, MA, USA
Pages: 66","Company name: Ameresco, Inc.
Company sector: Energy
Company location: Framingham, MA, USA
Pages: 66","Company name: Ameresco, Inc.
Company sector: Energy
Company location: Framingham, MA, USA
Pages: 66","Company name: Ameresco, Inc.
Company sector: Energy
Company location: Framingham, MA, USA
Pages: 66","Company name: Ameresco, Inc.
Company sector: Energy
Company location: Framingham, MA, USA
Pages: 66","Company name: Ameresco, Inc.
Company sector: Energy
Company location: Framingham, MA, USA
Pages: 66","Company name: Ameresco, Inc.
Company sector: Energy
Company location: Framingham, MA, USA
Pages: 66","Company name: Ameresco, Inc.
Company sector: Energy
Company location: Framingham, MA, USA
Pages: 66","Company name: Ameresco, Inc.
Company sector: Energy
Company location: Framingham, MA, USA
Pages: 66","Company name: Ameresco, Inc.
Company sector: Energy
Company location: Framingham, MA, USA
Pages: 66","Company name: Ameresco, Inc.
Company sector: Energy
Company location: Framingham, MA, USA
Pages: 66"
,tcfd_1,tcfd_2,tcfd_3,tcfd_4,tcfd_5,tcfd_6,tcfd_7,tcfd_8,tcfd_9,tcfd_10,tcfd_11
ANSWER,"The Board of Directors oversees climate-related risks and opportunities by analyzing the three-year strategic plan and reviewing progress towards stated goals with the Executive Management Team on a quarterly basis. The Board also has formalized strategic oversight of Ameresco’s ESG Ambassador program, a program focused on driving the ESG initiatives across all aspects of the business. However, the report lacks specific details on the Board's actions and responsibilities regarding climate issues.","Ameresco's sustainability report mentions the need for companies to report and communicate ESG risk and opportunity. The company is committed to setting formal science-based targets by 2025 to keep their carbon reduction strategy aligned with the latest climate science. They will evaluate the impact of water consumption and wastewater management, waste and hazardous materials management, and identify greenhouse gas reduction opportunities. The company will also perform a materiality assessment to identify key environmental, social, and governance issues. However, the report lacks specific, quantifiable data to support their claims.","Ameresco has identified the need to reduce greenhouse gas emissions to prevent the worst effects of climate change. They plan to set formal science-based targets by 2025 and establish greenhouse gas emissions reduction targets through the Science Based Targets initiative  by 2025 to validate their net zero targets with science-based certification. They have also identified several areas of opportunity for carbon reduction and have committed to disclosing ESG metrics related to people, planet, and governance in future reports. However, the report lacks concrete data on the company's progress towards these goals and the effectiveness of their initiatives.","Ameresco acknowledges the impact of climate change on its business and commits to setting formal science-based targets by 2025 to reduce greenhouse gas emissions. However, the report lacks concrete data on how climate-related risks and opportunities impact the organization's business strategy, economic and financial performance, and financial planning.","Ameresco commits to setting formal science-based targets by 2025 to keep its carbon reduction strategy aligned with the latest climate science. The company will establish greenhouse gas emissions reduction targets through the Science Based Targets initiative  by 2025 to validate its net-zero targets with science-based certification. However, the report lacks specific details on how the company's strategy will be resilient in different climate-related scenarios or how it will consider climate physical risks.","Ameresco, Inc. plans to set science-based targets by 2025 and use SBTi to assess and validate those targets. The company also intends to participate in third-party validation and reporting programs through SBTi. Ameresco will evaluate the impact of water consumption and wastewater management, waste and hazardous materials management, and ecological impacts. The company will also conduct a materiality assessment to identify and refine the environmental impacts of its business that are most relevant and matter most to its business and stakeholders.","Ameresco commits to setting formal science-based targets by 2025 to keep its carbon reduction strategy aligned with the latest climate science. The company is also strategizing and committed to identifying the most suitable frameworks against which it will disclose ESG metrics related to people, planet, and governance in future reports. Ameresco will evaluate the impact of water consumption in its offices and owned energy assets and its management of wastewater. The company will also consider the volume and impact of the waste materials it generates, including its management of hazardous material streams.","The report mentions the importance of ESG integration into all lines of business and corporate social responsibility's ultimate impact on stakeholders. The company is committed to setting formal science-based targets by 2025 to keep its carbon reduction strategy aligned with the latest climate science. However, the report lacks specific information on how the processes for identifying, assessing, and managing climate-related risks are integrated into the organization's overall risk management.","Ameresco commits to setting formal science-based targets by 2025 to keep its carbon reduction strategy aligned with the latest climate science. The company is also strategizing and committed to identifying the most suitable frameworks against which it will disclose ESG metrics related to people, planet, and governance in future reports. Ameresco is investing in the measurement, calculation, and transparency in ESG metrics to ensure that its programs and commitments are in line with its strategy and risk management process.","Yes, Ameresco discloses its Scope 1 and Scope 2 GHG emissions, as well as select categories of Scope 3 emissions. In 2020, their Scope 1 and 2 raw emissions totaled 47,570 metric tons of CO2 equivalent. Risks associated with these emissions include reputational damage, regulatory fines, and operational disruptions.","Ameresco, Inc. plans to establish greenhouse gas emissions reduction targets through the Science Based Targets initiative  by 2025 to validate their net zero targets with science-based certification. They also plan to set formal science-based targets by 2025 to keep their carbon reduction strategy aligned with the latest climate science. However, the report lacks specific information on the targets and the company's performance against them."
SOURCES,"[6, 44, 237]","[31, 127, 54, 51, 115, 53, 110, 126, 130, 58, 149, 156, 116, 98, 122, 57, 3]","[51, 57, 115, 104]","[31, 53, 127, 51, 149, 115, 44, 54, 122, 110, 124, 3, 52, 57, 123, 126, 49, 128, 58]","[51, 57, 103]","[51, 104, 123, 126, 44]","[51, 115, 127, 44]","[44, 51, 53]","[51, 46]","[99, 107, 100]","[115, 51, 57, 50, 104, 49, 103]"
PAGE,"[1, 10, 52]","[32, 1, 7, 12, 13, 21, 24, 25, 26, 27, 31]","[25, 12, 13, 23]","[1, 7, 10, 12, 13, 24, 25, 26, 27, 31]","[12, 13, 23]","[10, 12, 23, 26, 27]","[25, 10, 27, 12]","[10, 12]","[11, 12]","[22, 23]","[25, 12, 13, 23]"
ANALYSIS,"The sustainability report provides limited information on how the company's board oversees climate-related risks and opportunities. While the report mentions the board's involvement in setting strategic plans and reviewing progress towards goals, it does not provide specific details on how the board is informed about climate-related issues, whether climate-related issues are considered when reviewing and guiding strategy, and how the board monitors and oversees progress against goals and targets for addressing climate-related issues. The report also lacks a clear discussion of the processes and frequency by which the board and/or board committees are informed about climate-related issues. Overall, the disclosure is insufficient to meet the TCFD guidelines.","The sustainability report does not provide sufficient information on management's role in assessing and managing climate-related risks and opportunities. The report does not mention whether the organization has assigned climate-related responsibilities to management-level positions or committees, nor does it describe the associated organizational structure. The report does not provide information on processes by which management is informed about climate-related issues, and how management monitors climate-related issues. While the report mentions the need for companies to report and communicate ESG risk and opportunity, it does not provide specific details on how management is involved in this process. Overall, the report lacks the necessary components for high-quality disclosure pertaining to the critical element.","The sustainability report provides some information on climate-related risks and opportunities, but it does not meet the TCFD guidelines for high-quality disclosure. The report does not provide a clear description of the relevant short-, medium-, and long-term time horizons, nor does it identify specific climate-related issues that could have a material financial impact on the organization. The report does not describe the process used to determine which risks and opportunities could have a material financial impact on the organization. While the report mentions carbon reduction targets and a materiality assessment, it does not provide sufficient detail to meet the TCFD guidelines. Overall, the report lacks specificity and detail, resulting in a low score.","The sustainability report provides some information on how climate-related risks and opportunities impact the organization's businesses strategy, economic and financial performance, and financial planning. The report mentions the impact of climate-related issues on products and services, supply chain and/or value chain, adaptation and mitigation activities, investment in research and development, operations, acquisitions or divestments, and access to capital. However, the report lacks specific details on how these risks and opportunities have affected the organization's businesses, strategy, and financial planning. The report also fails to describe how climate-related issues serve as an input to their financial planning process, the time period used, and how these risks and opportunities are prioritized. The report does not describe the impact of climate-related issues on their financial performance and financial position. The report does mention GHG emissions reduction commitments and plans for transitioning to a low-carbon economy.","The sustainability report provides some information on the organization's strategy resilience to climate-related risks and opportunities. The report mentions the company's commitment to setting formal science-based targets by 2025 and establishing greenhouse gas emissions reduction targets through the Science Based Targets initiative  by 2025. However, the report lacks specific details on how the organization's strategy will change to address potential risks and opportunities, the potential impact of climate-related issues on financial performance and position, and the climate-related scenarios and associated time horizon considered. Therefore, the report does not fully satisfy the TCFD guidelines.","The sustainability report provides some information on the organization's processes for identifying and assessing climate-related risks. The report mentions the process of setting SBTi carbon reduction targets, which will provide a cadence of milestones required to achieve net zero. The report also mentions the development of science-based targets, which requires detailed analysis of sources of emissions, thorough consideration of stakeholders, and evaluation of emissions. However, the report lacks specific details on how the organization determines the relative significance of climate-related risks in relation to other risks. The report does not disclose the processes for assessing the potential size and scope of identified climate-related risks and definitions of risk terminology used or references to existing risk classification frameworks used. Therefore, the report partially meets the TCFD guidelines and scores 60 out of 100.","The given disclosure provides some information on the organization's processes for managing climate-related risks. The report mentions the company's commitment to setting formal science-based targets by 2025, identifying the most suitable frameworks for disclosing ESG metrics, and developing a roadmap with near-term, mid-term, and long-term milestones. However, the report lacks specific details on how the company makes decisions to mitigate, transfer, accept, or control climate-related risks and how materiality determinations are made within the organization. The report also does not provide information on how the company prioritizes climate-related risks. Overall, the disclosure provides some information on the organization's processes for managing climate-related risks, but it lacks specific details on some of the TCFD guidelines.","The given disclosure lacks specific details on how the processes for identifying, assessing, and managing climate-related risks are integrated into the organization's overall risk management. While the report mentions the need for companies to report and communicate ESG risk and opportunity, it does not provide any concrete information on how the company is doing so. The report does mention the development of science-based targets and a full assessment of each of their carbon-emitting components for greenhouse gas reduction opportunities, but it does not provide any information on how these targets are integrated into the overall risk management of the organization. Overall, the disclosure is insufficient in meeting the requirements for high-quality disclosure pertaining to the critical element.","The sustainability report of Ameresco provides some information on the metrics used to assess climate-related risks and opportunities. The report mentions the commitment to setting formal science-based targets by 2025, identifying the most suitable frameworks against which they will disclose ESG metrics, and the process of setting SBTi carbon reduction targets. However, the report lacks specific details on the metrics used to measure and manage climate-related risks and opportunities, and there is no mention of metrics consistent with the cross-industry. The report does not provide metrics on climate-related risks associated with water, energy, land use, and waste management. The report does not describe whether and how related performance metrics are incorporated into remuneration policies. The report does not provide internal carbon prices or climate-related opportunity metrics. The report does not provide forward-looking metrics for the cross-industry, consistent with their business or strategic planning time horizons. The report does not provide a description of the methodologies used to calculate or estimate climate-related metrics. Therefore, the report's score is 30 out of 100.","The disclosure provides information on Scope 1 and Scope 2 GHG emissions, as well as some information on Scope 3 emissions. The report mentions that the emissions are calculated in line with the GHG Protocol methodology, and the emissions are provided for historical periods. However, the disclosure lacks details on the related risks and does not provide Scope 3 emissions independent of a materiality assessment. The report mentions that Ameresco evaluated employee commuting and business travel as Scope 3 emissions, but it is unclear if other Scope 3 categories were evaluated. Overall, the disclosure partially meets the requirements for high-quality disclosure pertaining to the critical element.","The sustainability report provides some information on the targets used by the organization to manage climate-related risks and opportunities and performance against targets. The report mentions that the organization is committed to setting formal science-based targets by 2025 and establishing greenhouse gas emissions reduction targets through the Science Based Targets initiative  by 2025. However, the report lacks specific details on the targets such as whether they are absolute or intensity-based, time frames over which the target applies, base year from which progress is measured, and key performance indicators used to assess progress against targets. The report also does not provide a description of the methodologies used to calculate targets and measures. Therefore, the report partially meets the TCFD guidelines and scores 50 out of 100."
SCORE,30,20,30,60,50,60,60,30,30,70,50
