,"Company name: Intercontinental Exchange, Inc.
Company sector: Finance and Technology
Company location: Headquartered in California, with approximately 9,000 employees based in roughly 50 cities and 20 countries
Pages: 21","Company name: Intercontinental Exchange, Inc.
Company sector: Finance and Technology
Company location: Headquartered in California, with approximately 9,000 employees based in roughly 50 cities and 20 countries
Pages: 21","Company name: Intercontinental Exchange, Inc.
Company sector: Finance and Technology
Company location: Headquartered in California, with approximately 9,000 employees based in roughly 50 cities and 20 countries
Pages: 21","Company name: Intercontinental Exchange, Inc.
Company sector: Finance and Technology
Company location: Headquartered in California, with approximately 9,000 employees based in roughly 50 cities and 20 countries
Pages: 21","Company name: Intercontinental Exchange, Inc.
Company sector: Finance and Technology
Company location: Headquartered in California, with approximately 9,000 employees based in roughly 50 cities and 20 countries
Pages: 21","Company name: Intercontinental Exchange, Inc.
Company sector: Finance and Technology
Company location: Headquartered in California, with approximately 9,000 employees based in roughly 50 cities and 20 countries
Pages: 21","Company name: Intercontinental Exchange, Inc.
Company sector: Finance and Technology
Company location: Headquartered in California, with approximately 9,000 employees based in roughly 50 cities and 20 countries
Pages: 21","Company name: Intercontinental Exchange, Inc.
Company sector: Finance and Technology
Company location: Headquartered in California, with approximately 9,000 employees based in roughly 50 cities and 20 countries
Pages: 21","Company name: Intercontinental Exchange, Inc.
Company sector: Finance and Technology
Company location: Headquartered in California, with approximately 9,000 employees based in roughly 50 cities and 20 countries
Pages: 21","Company name: Intercontinental Exchange, Inc.
Company sector: Finance and Technology
Company location: Headquartered in California, with approximately 9,000 employees based in roughly 50 cities and 20 countries
Pages: 21","Company name: Intercontinental Exchange, Inc.
Company sector: Finance and Technology
Company location: Headquartered in California, with approximately 9,000 employees based in roughly 50 cities and 20 countries
Pages: 21"
,tcfd_1,tcfd_2,tcfd_3,tcfd_4,tcfd_5,tcfd_6,tcfd_7,tcfd_8,tcfd_9,tcfd_10,tcfd_11
ANSWER,"The Board of Directors oversees climate-related risks and opportunities through the Nominating and Corporate Governance Committee, which reviews and assesses the company's risk management and strategic opportunities, scenario-based analysis, and corporate metrics and targets for measuring success against climate goals. The Risk Committee also focuses on cybersecurity and climate-related risks. The company is in the process of completing CDP's Climate Change Questionnaire and expects to make its first comprehensive submission in 2022. However, the report lacks concrete data on the board's actions and responsibilities regarding climate issues.","The company acknowledges the importance of managing climate-related risks and opportunities, including scenario-based analysis and corporate metrics and targets for measuring success against climate goals. They are in the process of completing CDP's Climate Change Questionnaire and expect to make their first comprehensive submission in 2022. They have also established a Sustainable Finance Product Steering Committee and designated a President for ESG products company-wide to guide and reinforce their overall strategy. However, the report lacks specific, quantifiable data on their efforts to manage climate risks and opportunities.","The report identifies climate risks and opportunities in three tiers. Tier 1 includes climate risks, GHG disclosures, and reduction targets. Risks are not clearly associated with a horizon. The report also mentions the company's efforts to mitigate its impact on the climate and the potential for climate change to impact its business. However, the report lacks specific, quantifiable data to support these claims.","Intercontinental Exchange, Inc. acknowledges climate-related risks and opportunities in three ways: addressing their impact on the climate, the impact of climate change on their business, and the opportunity to make a broader impact through ESG products and services. They have established reduction targets and are using a TCFD-aligned framework to assess risks and opportunities. However, the report lacks concrete data and relies on vague statements, and the company has not yet submitted a comprehensive CDP Climate Change Questionnaire.","The report mentions that the company is using a TCFD-aligned framework to assess climate-related risks and opportunities. However, there is no concrete information on the resilience of the company's strategy in different climate-related scenarios or physical risks. The report lacks specific targets and metrics to measure the success of the company's climate goals, making it difficult to assess the effectiveness of their strategy.","Intercontinental Exchange, Inc. uses a TCFD-style framework to assess climate-related risks and opportunities, including scenario-based analysis and corporate metrics and targets. They prioritize climate risks, GHG disclosures, and reduction targets as Tier 1 areas of focus. They measure their full Scope 1, 2, and 3 footprint using the GHG Protocol and a third-party firm. They are completing CDP's Climate Change Questionnaire and align their sustainability strategy to UN SDGs including climate action. They also have a Sustainable Finance Product Steering Committee and a President for ESG products to guide their overall strategy.","Intercontinental Exchange, Inc. measures its full Scope 1, 2, and 3 footprint using the GHG Protocol and mitigates its impact on the climate by offsetting 100% of its electricity consumption with EACs. The company also manages climate-related risks through scenario-based analysis, corporate metrics, and targets. It has established a Sustainable Finance Product Steering Committee and designated a President for ESG products to guide its overall strategy. However, the report lacks concrete data on the effectiveness of these measures and strategies.","The report mentions that the company is in the process of completing CDP's Climate Change Questionnaire and expects to make its first comprehensive submission in 2022. The report also states that the company has developed a Sustainable Finance Product Steering Committee and designated a President for ESG products company-wide to guide and reinforce its overall strategy. However, the report lacks concrete information on how the processes for identifying, assessing, and managing climate-related risks are integrated into the organization's overall risk management.","The company uses full Scope 1, 2, and 3 footprint, GHG Protocol, and operational boundary as metrics to assess climate-related risks and opportunities. The metrics help ensure that the performance is in line with its strategy and risk management process by measuring, mitigating, and reducing its impact on the climate and the potential for climate change to impact its business.","Intercontinental Exchange, Inc. discloses its Scope 1, 2, and 3 greenhouse gas emissions using the GHG Protocol. The risks associated with these emissions are not specified in the report.","The report mentions that the company is in the process of completing CDP's Climate Change Questionnaire and expects to make its first comprehensive submission in 2022. The company has established its full emissions baseline using the GHG Protocol and has set reduction targets. However, the report does not provide any specific targets to understand/quantify/benchmark climate-related risks and opportunities, nor does it provide any information on how the organization is performing against these targets."
SOURCES,"[8, 9, 27]","[27, 35, 22, 83, 85, 12, 23, 33, 66, 129, 24, 7, 96, 9]","[14, 22, 27, 35, 4]","[14, 83, 27, 85, 93, 12, 4, 35, 22, 26, 7, 32, 129, 140, 145, 21, 130, 139, 1]","[22, 26, 85]","[22, 85, 27, 83, 93, 12, 4, 26, 35, 32, 23, 24, 69, 9, 129, 140, 139, 92]","[83, 85, 22, 27, 35, 12, 93, 4, 26, 23, 8, 32, 9, 92, 130, 129, 118, 135, 21]","[27, 22, 26, 135]","[27, 83, 4, 32]","[85, 130, 83, 27, 87]","[27, 22, 93, 140]"
PAGE,"[3, 5]","[3, 4, 5, 6, 11, 13, 15, 19]","[2, 4, 5, 6]","[1, 2, 3, 4, 5, 6, 13, 15, 19, 20]","[13, 4, 5]","[2, 3, 4, 5, 6, 11, 13, 15, 19, 20]","[2, 3, 4, 5, 6, 13, 15, 17, 19]","[19, 4, 5]","[13, 2, 5, 6]","[5, 19, 13, 14]","[20, 4, 5, 15]"
ANALYSIS,"The sustainability report provides some information on the board's oversight of climate-related risks and opportunities. It mentions that the Nominating and Corporate Governance Committee reviews and assesses the company's risk management and strategic opportunities, including scenario-based analysis and corporate metrics and targets for measuring success against climate goals. The report also states that the Risk Committee focuses on cybersecurity and climate-related risks. However, the report lacks specific details on the processes and frequency by which the board and/or board committees are informed about climate-related issues and whether the board and/or board committees consider climate-related issues when reviewing and guiding strategy, major plans of action, risk management policies, annual budgets, and business plans. The report also does not provide information on how the board monitors and oversees progress against goals and targets for addressing climate-related issues. Therefore, the report partially meets the requirements for high-quality disclosure pertaining to the board's oversight of climate-related risks and opportunities.","The given disclosure provides limited information on management's role in assessing and managing climate-related risks and opportunities. While the report mentions the establishment of a Sustainable Finance Product Steering Committee and a President for ESG products, it does not provide details on the specific responsibilities of these positions or committees. The report also lacks information on the organizational structure and processes by which management is informed about climate-related issues. Although the report mentions the completion of CDP's Climate Change Questionnaire and the publication of a separate TCFD report, it does not provide details on how management monitors climate-related issues. Overall, the disclosure does not meet most of the TCFD guidelines outlined for high-quality disclosure pertaining to the TCFD recommendation point.","The sustainability report provides some information on climate-related risks and opportunities, but it does not meet all the requirements for high-quality disclosure. The report does not provide a clear description of the relevant short-, medium-, and long-term time horizons, nor does it describe the specific climate-related issues potentially arising in each time horizon that could have a material financial impact on the organization. The report does mention the process used to determine which risks and opportunities could have a material financial impact on the organization, but it does not provide a detailed description of this process. The report could benefit from providing a description of risks and opportunities by sector and/or geography, as appropriate. Overall, the report provides some information but lacks specificity and detail.","The sustainability report provides some information on how climate-related risks and opportunities impact the organization's business strategy, economic and financial performance, and financial planning. The report discusses the impact of climate change on the business and the measures taken to mitigate the impact. However, the report lacks specific details on how climate-related issues serve as an input to the financial planning process, the time period used, and how these risks and opportunities are prioritized. The report also does not describe the impact of climate-related issues on the organization's financial performance and financial position. Overall, the report provides some information on the impact of climate-related risks and opportunities on the organization's business strategy, but it lacks specific details and a holistic picture of the interdependencies among the factors that affect the organization's ability to create value over time.","The sustainability report provides some information on the organization's approach to climate-related risks and opportunities, but it falls short of meeting the TCFD guidelines outlined for this TCFD recommendation point. The report mentions that the organization is using a TCFD-aligned framework to assess climate-related risks and opportunities, but it does not provide any specific details on how the organization's strategy is resilient to different climate-related scenarios. The report also lacks information on the potential impact of climate-related issues on financial performance and financial position. While the report mentions that the organization is measuring, mitigating, and reducing its impact on the climate, it does not provide any specific details on how it plans to address potential risks and opportunities. Overall, the report provides limited information on the organization's resilience to climate-related risks and opportunities.","The sustainability report provides some information on the organization's processes for identifying and assessing climate-related risks. The report mentions that the organization uses a TCFD-style framework to assess climate-related risks and opportunities, and that it is in the process of completing CDP's Climate Change Questionnaire. However, the report lacks specific details on how the organization determines the relative significance of climate-related risks in relation to other risks, and whether it considers existing and emerging regulatory requirements related to climate change. The report also does not disclose the processes for assessing the potential size and scope of identified climate-related risks or definitions of risk terminology used or references to existing risk classification frameworks used. As a result, the report's disclosure quality on this critical element is low.","The sustainability report provides some information on how the organization manages climate-related risks. The report describes the organization's processes for managing climate-related risks, including how they make decisions to mitigate, transfer, accept, or control those risks. However, the report lacks details on how the organization prioritizes climate-related risks, including how materiality determinations are made within their organizations. The report also lacks information on the specific actions taken to mitigate climate-related risks. Overall, the report provides some information on how the organization manages climate-related risks, but lacks specific details on prioritization and mitigation actions.","The sustainability report provides some information on how the organization integrates processes for identifying, assessing, and managing climate-related risks into its overall risk management. The report mentions that the company is in the process of completing CDP's Climate Change Questionnaire and expects to make its first comprehensive submission in 2022. The report also includes a separate stand-alone TCFD report that provides additional disclosures related to the management of climate-related risks and governance structures for overseeing both risk management and strategic opportunities. However, the report lacks specific details on how the company integrates climate-related risks into its overall risk management. Therefore, the report partially meets the requirements for high-quality disclosure pertaining to the critical element.","The sustainability report provides some information on the metrics used to assess climate-related risks and opportunities. The report mentions the GHG Protocol, full Scope 1, 2, and 3 footprint, and operational boundary as metrics used to measure and manage climate-related risks and opportunities. However, the report lacks specific details on how these metrics help ensure that the performance is in line with its strategy and risk management process. The report also mentions the need to provide forward-looking metrics, but no such metrics are provided. Overall, the report partially meets some of the TCFD guidelines, but lacks specific details and comprehensive information to meet most of the TCFD guidelines.","The sustainability report provides a comprehensive disclosure of Scope 1 and Scope 2 GHG emissions, and some information on Scope 3 emissions. The report states that the GHG emissions are calculated using the GHG Protocol methodology, and the emissions are provided for historical periods to allow for trend analysis. However, the report does not provide a detailed breakdown of Scope 3 emissions, and it is unclear whether the emissions are independent of a materiality assessment. The report also lacks information on the related risks and how they differ depending on the scope. Overall, the report partially meets the TCFD guidelines for high-quality disclosure pertaining to the TCFD recommendation point.","The sustainability report provides some information on the targets used by the organization to manage climate-related risks and opportunities and performance against targets. The report mentions the GHG Protocol and full Scope 1, 2, and 3 footprint as measures, but it does not provide specific targets or KPIs. The report also mentions the TCFD report and CDP Climate Change Questionnaire, but it does not provide any details on the targets used in these reports. The report does not provide information on the methodologies used to calculate targets and measures. Overall, the report lacks specific details on the targets used by the organization to manage climate-related risks and opportunities and performance against targets."
SCORE,60,30,60,60,40,30,70,60,50,70,40
