,"Company name: Crown Castle International Corp.
Company sector: Real Estate, Telecommunications Services and Engineering and Construction Services
Company location: United States of America and Puerto Rico
Pages: 13","Company name: Crown Castle International Corp.
Company sector: Real Estate, Telecommunications Services and Engineering and Construction Services
Company location: United States of America and Puerto Rico
Pages: 13","Company name: Crown Castle International Corp.
Company sector: Real Estate, Telecommunications Services and Engineering and Construction Services
Company location: United States of America and Puerto Rico
Pages: 13","Company name: Crown Castle International Corp.
Company sector: Real Estate, Telecommunications Services and Engineering and Construction Services
Company location: United States of America and Puerto Rico
Pages: 13","Company name: Crown Castle International Corp.
Company sector: Real Estate, Telecommunications Services and Engineering and Construction Services
Company location: United States of America and Puerto Rico
Pages: 13","Company name: Crown Castle International Corp.
Company sector: Real Estate, Telecommunications Services and Engineering and Construction Services
Company location: United States of America and Puerto Rico
Pages: 13","Company name: Crown Castle International Corp.
Company sector: Real Estate, Telecommunications Services and Engineering and Construction Services
Company location: United States of America and Puerto Rico
Pages: 13","Company name: Crown Castle International Corp.
Company sector: Real Estate, Telecommunications Services and Engineering and Construction Services
Company location: United States of America and Puerto Rico
Pages: 13","Company name: Crown Castle International Corp.
Company sector: Real Estate, Telecommunications Services and Engineering and Construction Services
Company location: United States of America and Puerto Rico
Pages: 13","Company name: Crown Castle International Corp.
Company sector: Real Estate, Telecommunications Services and Engineering and Construction Services
Company location: United States of America and Puerto Rico
Pages: 13","Company name: Crown Castle International Corp.
Company sector: Real Estate, Telecommunications Services and Engineering and Construction Services
Company location: United States of America and Puerto Rico
Pages: 13"
,tcfd_1,tcfd_2,tcfd_3,tcfd_4,tcfd_5,tcfd_6,tcfd_7,tcfd_8,tcfd_9,tcfd_10,tcfd_11
ANSWER,"The report does not provide specific information on how the company's board oversees climate-related risks and opportunities. The report only mentions that the board is responsible for risk management and oversight of strategies and operations, and that the expertise and diversity of the board have been expanded. However, no concrete actions or policies related to climate issues are mentioned.",Crown Castle International Corp. has committed to defining the roles and responsibilities of its board to ensure risk management and oversight of its strategies and operations. The company engaged with internal and external stakeholders and conducted a benchmarking of external information to inform its sustainability priorities. Crown Castle International Corp. is committed to reducing the impact from its assets and operations on the environment and communities. The company's CEO is confident that their journey will be successful with the talent across the company and the expertise within the board.,"The report identifies the goal to be carbon neutral by 2025 for Scope 1 and Scope 2 emissions, and the conversion of lighting systems on lit towers to LED to reduce emissions. The report also mentions the commitment to fostering a safe work environment. However, the report lacks specific information on climate-related risks and opportunities associated with a horizon.","Crown Castle International Corp. acknowledges climate-related risks and opportunities in its sustainability report. The company uses the TCFD framework, SASB standards, and GRI standards to guide its reporting. Crown Castle's inherently sustainable business model is demonstrated by its carbon intensity of 0.7, which is more than 100 times lower than the S&P average. However, the report contains cheap talks and vague statements that may not necessarily reflect the true intentions or future actions of the company.","The report states that Crown Castle has set a goal to be carbon neutral by 2025 for Scope 1 and 2 emissions, and has a carbon intensity of 0.7, which is more than 100 times lower than the S&P average. However, the report lacks concrete information on how resilient the organization's strategy is when considering different climate-related scenarios, including a 2°C target or lower scenario, and climate physical risks.","The report does not provide specific information on the processes used by Crown Castle International Corp. to identify and assess climate-related risks. However, the company engaged in a sustainability materiality assessment in 2020 to inform its sustainability priorities .","Crown Castle International Corp. aims to be carbon neutral by 2025 for Scope 1 and 2 emissions. They have established a sustainability-linked structure within their credit facility, focused on energy consumption reduction and renewable energy investments. They have also contracted to source ~110,000 MWh of renewable electricity across 13 states beginning in 2022. Crown Castle's shared infrastructure model is inherently sustainable, and they have set an ambitious goal aligned with their commitment to reduce their impact and use their buying power to support additional clean energy creation. However, the report lacks specific details on how the organization manages climate-related risks.","The report does not provide sufficient information on how the processes for identifying, assessing, and managing climate-related risks are integrated into the organization's overall risk management. The report only mentions the company's commitment to risk management and oversight of its strategies and operations, but no specific information on how climate-related risks are integrated into the overall risk management.","The report does not provide specific metrics used to assess climate-related risks and opportunities. However, the company has established a goal to be carbon neutral by 2025 in Scope 1 & 2 emissions and has converted 57% of its lit towers to LED. The report does not provide sufficient information on how these metrics help ensure performance is in line with its strategy and risk management process.","Yes, Crown Castle International Corp. discloses its Scope 1 and Scope 2 GHG emissions based on energy utilization across its operations, including towers, small cells and fiber, offices and warehouses, fleet, and generators. The company has set a goal to be carbon neutral by 2025 in Scope 1 and Scope 2 emissions. The related risks are not explicitly stated in the report.",Crown Castle International Corp. has set a goal to be carbon neutral by 2025 for Scope 1 and Scope 2 emissions. The report does not provide information on the progress towards achieving this target.
SOURCES,"[11, 35, 5, 6, 36, 39, 4, 40, 48, 2, 25, 1, 41, 37]","[11, 35, 6, 0, 43, 40, 5, 32, 50, 45, 11, 23, 48, 33, 12, 39, 1, 2, 36]","[5, 19, 42, 43, 48, 51]","[13, 40, 42, 43, 11, 35, 50, 48, 6, 15, 1, 39, 36, 45, 23, 12, 32]","[12, 35, 16, 48]",[43],"[2, 5, 12, 13, 16, 17, 23]","[35, 11, 48]","[13, 16, 39]","[19, 23, 36]","[15, 16]"
PAGE,"[1, 3, 7, 10, 11, 12]","[0, 1, 3, 6, 9, 10, 11, 12]","[1, 12, 6]","[1, 3, 4, 6, 9, 10, 11, 12]","[10, 3, 12, 5]",[12],"[1, 3, 5, 6]","[10, 3, 12]","[11, 3, 5]","[11, 6]","[4, 5]"
ANALYSIS,"The sustainability report provides limited information on how the company's board oversees climate-related risks and opportunities. While the report mentions the expansion of the diversity, expertise, and oversight responsibilities of the board, it does not provide any specific details on how the board is informed about climate-related issues, whether it considers climate-related issues when reviewing and guiding strategy, risk management policies, and business plans, or how it monitors and oversees progress against goals and targets for addressing climate-related issues. The report does not meet the majority of the TCFD guidelines for high-quality disclosure pertaining to the TCFD recommendation point.","The given sustainability report does not provide sufficient information to assess the role of management in assessing and managing climate-related risks and opportunities. The report does not mention whether the organization has assigned climate-related responsibilities to management-level positions or committees, nor does it describe the associated organizational structure. The report does not provide information on the processes by which management is informed about climate-related issues or how management monitors climate-related issues. Overall, the report lacks specific details on management's role in assessing and managing climate-related risks and opportunities.","The sustainability report provides limited information on the most relevant climate-related risks and opportunities that the organization has identified over the short, medium, and long term. The report does not provide a clear description of the specific climate-related issues potentially arising in each time horizon that could have a material financial impact on the organization. The report does not describe the process used to determine which risks and opportunities could have a material financial impact on the organization. The report does not provide a description of their risks and opportunities by sector and/or geography. However, the report mentions that they prepared the report leveraging the Task Force on Climate Related Financial Disclosures  framework and the Sustainability Accounting Standards Board  standards for Real Estate, Telecommunication infrastructure.","The sustainability report provides limited information on how climate-related risks and opportunities impact the organization's business strategy, economic and financial performance, and financial planning. The report does not provide a holistic picture of the interdependencies among the factors that affect the organization's ability to create value over time. The report does not describe the impact of climate-related issues on the organization's financial performance and financial position. The report does not describe the organization's plans for transitioning to a low-carbon economy. The report does not describe how climate-related issues serve as an input to the organization's financial planning process. The report does not describe the impact of climate-related issues on the organization's products and services, supply chain and/or value chain, adaptation and mitigation activities, investment in research and development, operations, acquisitions or divestments, and access to capital.","The sustainability report provides limited information on the resilience of the organization's strategy to climate-related risks and opportunities. While the report mentions the organization's goal to be carbon neutral by 2025 for Scope 1 and 2 emissions, it does not provide any details on how the organization plans to achieve this goal. The report also does not discuss the potential impact of climate-related issues on financial performance and financial position. Furthermore, the report does not provide any information on the climate-related scenarios and associated time horizon considered. Overall, the report does not meet the TCFD guidelines for high-quality disclosure pertaining to the TCFD recommendation point.","The sustainability report provides limited information on the organization's processes for identifying and assessing climate-related risks. While the report mentions the use of the TCFD framework and SASB standards, it does not provide any specific details on how the organization determines the relative significance of climate-related risks in relation to other risks. The report also does not disclose the processes for assessing the potential size and scope of identified climate-related risks or definitions of risk terminology used. While the report mentions the consideration of regulatory requirements related to climate change, it does not provide any specific details on other relevant factors considered. Overall, the disclosure quality on this TCFD recommendation point is poor.","The given disclosure does not provide sufficient information to evaluate the organization's processes for managing climate-related risks. The disclosure mentions the organization's commitment to sustainability and carbon neutrality, but it does not describe how the organization makes decisions to mitigate, transfer, accept, or control climate-related risks. The disclosure also does not provide information on how materiality determinations are made within the organization. While the report references the TCFD framework, SASB standards, and a sustainability materiality assessment, it does not provide any specific details on how these frameworks and assessments inform the organization's processes for managing climate-related risks. Therefore, the disclosure does not meet the requirements for high-quality disclosure pertaining to the critical element of how the organization manages climate-related risks.","The sustainability report provides limited information on how the processes for identifying, assessing, and managing climate-related risks are integrated into the organization's overall risk management. The report mentions the company's commitment to risk management and oversight of its strategies and operations, but it does not provide any specific details on how climate-related risks are integrated into the overall risk management process. The report also mentions the use of the TCFD framework, SASB standards, and GRI index, but it does not provide any specific information on how these frameworks are used to identify, assess, and manage climate-related risks. Overall, the disclosure quality on this critical element is poor.","The sustainability report lacks sufficient disclosure on the metrics used to assess climate-related risks and opportunities. The report does not provide any specific metrics used to measure and manage climate-related risks and opportunities, nor does it provide any metrics consistent with the cross-industry. The report does not include metrics on climate-related risks associated with water, energy, land use, and waste management. There is no mention of whether and how related performance metrics are incorporated into remuneration policies. The report does not provide internal carbon prices or climate-related opportunity metrics. The report does not provide forward-looking metrics for the cross-industry, consistent with their business or strategic planning time horizons. The report does not describe the methodologies used to calculate or estimate climate-related metrics.","The disclosure provides information on Scope 1 and Scope 2 GHG emissions based on energy utilization across the organization's operations, including towers, small cells and fiber, offices and warehouses, fleet, and generators. However, the report does not provide information on Scope 3 GHG emissions and the related risks. The disclosure does not provide a description of the methodologies used to calculate or estimate the metrics. The report does not provide GHG efficiency ratios. The report provides historical data for trend analysis. The GHG emissions are calculated in line with the GHG Protocol methodology. The disclosure meets some of the requirements but does not provide sufficient information on Scope 3 GHG emissions and the related risks.","The sustainability report lacks sufficient information on the targets used by the organization to manage climate-related risks and opportunities and performance against targets. The report only mentions one target, which is to be carbon neutral by 2025 for Scope 1 and Scope 2 emissions. However, the report does not provide any information on the base year, the time frame, or the key performance indicators used to assess progress against this target. The report also does not describe the methodologies used to calculate targets and measures. While the report mentions the TCFD framework, it does not provide any information on the targets set in line with the framework. Overall, the report does not meet the TCFD guidelines for high-quality disclosure pertaining to the TCFD recommendation point."
SCORE,20,0,20,10,20,20,0,20,0,70,20
