,"Company name: Delta Air Lines, Inc.
Company sector: Airline
Company location: ['Atlanta, Georgia', 'Minneapolis, Minnesota', 'Hibbing, Minnesota', 'Cincinnati, Ohio', 'Salt Lake City, Utah']
Pages: 107","Company name: Delta Air Lines, Inc.
Company sector: Airline
Company location: ['Atlanta, Georgia', 'Minneapolis, Minnesota', 'Hibbing, Minnesota', 'Cincinnati, Ohio', 'Salt Lake City, Utah']
Pages: 107","Company name: Delta Air Lines, Inc.
Company sector: Airline
Company location: ['Atlanta, Georgia', 'Minneapolis, Minnesota', 'Hibbing, Minnesota', 'Cincinnati, Ohio', 'Salt Lake City, Utah']
Pages: 107","Company name: Delta Air Lines, Inc.
Company sector: Airline
Company location: ['Atlanta, Georgia', 'Minneapolis, Minnesota', 'Hibbing, Minnesota', 'Cincinnati, Ohio', 'Salt Lake City, Utah']
Pages: 107","Company name: Delta Air Lines, Inc.
Company sector: Airline
Company location: ['Atlanta, Georgia', 'Minneapolis, Minnesota', 'Hibbing, Minnesota', 'Cincinnati, Ohio', 'Salt Lake City, Utah']
Pages: 107","Company name: Delta Air Lines, Inc.
Company sector: Airline
Company location: ['Atlanta, Georgia', 'Minneapolis, Minnesota', 'Hibbing, Minnesota', 'Cincinnati, Ohio', 'Salt Lake City, Utah']
Pages: 107","Company name: Delta Air Lines, Inc.
Company sector: Airline
Company location: ['Atlanta, Georgia', 'Minneapolis, Minnesota', 'Hibbing, Minnesota', 'Cincinnati, Ohio', 'Salt Lake City, Utah']
Pages: 107","Company name: Delta Air Lines, Inc.
Company sector: Airline
Company location: ['Atlanta, Georgia', 'Minneapolis, Minnesota', 'Hibbing, Minnesota', 'Cincinnati, Ohio', 'Salt Lake City, Utah']
Pages: 107","Company name: Delta Air Lines, Inc.
Company sector: Airline
Company location: ['Atlanta, Georgia', 'Minneapolis, Minnesota', 'Hibbing, Minnesota', 'Cincinnati, Ohio', 'Salt Lake City, Utah']
Pages: 107","Company name: Delta Air Lines, Inc.
Company sector: Airline
Company location: ['Atlanta, Georgia', 'Minneapolis, Minnesota', 'Hibbing, Minnesota', 'Cincinnati, Ohio', 'Salt Lake City, Utah']
Pages: 107","Company name: Delta Air Lines, Inc.
Company sector: Airline
Company location: ['Atlanta, Georgia', 'Minneapolis, Minnesota', 'Hibbing, Minnesota', 'Cincinnati, Ohio', 'Salt Lake City, Utah']
Pages: 107"
,tcfd_1,tcfd_2,tcfd_3,tcfd_4,tcfd_5,tcfd_6,tcfd_7,tcfd_8,tcfd_9,tcfd_10,tcfd_11
ANSWER,"The board recognizes the importance of continuing education on ESG industry trends related to strategy, performance, policies, and goals. They are briefed on trends related to material issues and of stakeholder ESG concerns. The board is actively engaged with ICAO efforts to establish an efficiency standard and a carbon-neutral growth initiative. However, there is no concrete evidence of the board's direct responsibilities and actions pertaining to climate issues.","Delta recognizes climate change as a material regulatory risk and seeks to reduce emissions from operations. The company has established a Climate Change Policy and is actively engaged with the airline industry regarding mitigation efforts. However, the report lacks specific data on the company's progress and the effectiveness of its risk management processes.","Delta Air Lines has identified climate change as a material risk to its business. The company recognizes both opportunities and risks related to its economic performance. Delta seeks to minimize emissions primarily by using less fuel and anticipates leveraging its environmental management and mitigation capabilities to further reduce its emissions and climate impact. The company acknowledges that climate change is a material regulatory risk and that climate change risks to business with respect to global regulation also vary around the world. However, the report lacks specific information on the most relevant climate-related risks and opportunities that the organization has identified over the short, medium, and long term, and whether risks are clearly associated with a horizon.","Delta recognizes climate change as a material regulatory risk and seeks to reduce emissions from operations. However, the report lacks concrete data on the impact of climate-related risks and opportunities on the organization's business strategy, economic and financial performance, and financial planning.","Delta Air Lines' sustainability report mentions reducing emissions from operations by using less fuel. However, the report lacks specific information on how resilient the organization's strategy is when considering different climate-related scenarios, including a 2°C target or lower scenario. The report also lacks information on how resilient the organization's strategy is when considering climate physical risks.","Delta Air Lines does not provide a clear description of the processes used to identify and assess climate-related risks. However, the report mentions that the company considers ESG issues important to its business and has a climate change policy. Delta also engages in public-private partnerships that may involve tax incentives, but financial assistance is not the main reason for participation.","Delta Air Lines manages climate-related risks by reducing emissions from operations through increased efficiency and service to customers, minimizing emissions primarily by using less fuel. The company is actively engaged with ICAO efforts to establish an efficiency standard and a carbon-neutral growth initiative. Delta also has a Climate Change Policy and is actively engaged with the airline industry regarding mitigation efforts.","The report does not provide a clear integration of climate-related risks into Delta's overall risk management. While the report acknowledges climate change as a material regulatory risk, it lacks specific details on how the company integrates climate-related risks into its overall risk management. The report also contains cheap talks, such as Delta's anticipation of leveraging its environmental management and mitigation capabilities to reduce emissions and climate impact.","Delta Air Lines uses energy intensity, reduction of energy consumption, and reductions in energy requirements of products and services as metrics to assess climate-related risks and opportunities. These metrics help ensure that the performance is in line with its strategy and risk management process by reducing emissions from operations and increasing efficiency and service to customers.","Delta Air Lines discloses its Scope 1, Scope 2, and Scope 3 greenhouse gas emissions. Jet fuel  from mainline and regional aircraft accounts for 98.8% of Delta's total emissions. The risks associated with these emissions are not disclosed in the report.","Delta Air Lines does not provide specific targets to understand/quantify/benchmark climate-related risks and opportunities in their sustainability report. However, they report on their reduction of carbon emissions and energy consumption, and their participation in public-private partnerships that may involve tax incentives. It is unclear how the organization is performing against these targets."
SOURCES,"[81, 85, 111]","[8, 44, 48, 109, 111, 115, 250, 283, 478, 484, 467, 482]","[109, 111, 115, 62, 8]","[109, 115, 111, 100, 468, 283, 483, 5]",[109],"[61, 109, 183]","[109, 111, 448, 495]","[115, 111, 109]","[115, 109, 62, 444, 62]","[483, 531, 449, 530]","[109, 483, 478, 482, 115, 81, 449, 283, 517, 468, 257, 61]"
PAGE,"[18, 23]","[1, 97, 98, 10, 11, 49, 54, 23, 24, 94]","[24, 1, 15, 23]","[1, 98, 23, 54, 22, 24, 94]",[23],"[35, 14, 23]","[90, 100, 23]","[24, 23]","[24, 89, 15, 23]","[105, 98, 90]","[97, 98, 104, 14, 18, 50, 54, 23, 24, 90, 94]"
ANALYSIS,"The disclosure provided by the company is insufficient to meet the requirements for high-quality disclosure pertaining to the board's oversight of climate-related risks and opportunities. The company has not provided any information on the processes and frequency by which the board and/or board committees are informed about climate-related issues. The company has also not provided any information on whether the board and/or board committees consider climate-related issues when reviewing and guiding strategy, major plans of action, risk management policies, annual budgets, and business plans as well as setting the organization’s performance objectives, monitoring implementation and performance, and overseeing major capital expenditures, acquisitions, and divestitures. The company has provided some information on how the board monitors and oversees progress against goals and targets for addressing climate-related issues, but this information is not sufficient to meet the requirements.","The given disclosure does not provide sufficient information to meet the requirements for this critical element. The disclosure does not provide any information on whether the organization has assigned climate-related responsibilities to management-level positions or committees, the associated organizational structure, processes by which management is informed about climate-related issues, and how management monitors climate-related issues. The disclosure only provides general statements about the organization's commitment to reducing emissions and climate impact, and recognition of climate change as a material regulatory risk. The disclosure also mentions the European Union's Emissions Trading Scheme and the organization's efforts to reduce emissions from operations. However, these statements do not provide specific information on management's role in assessing and managing climate-related risks and opportunities.","The sustainability report provides limited information on the most relevant climate-related risks and opportunities that the organization has identified over the short, medium, and long term. The report does not provide a clear description of the relevant time horizons, nor does it identify specific climate-related issues that could have a material financial impact on the organization. The report does mention climate change as a material issue, but it does not provide a clear description of the process used to determine which risks and opportunities could have a material financial impact on the organization. The report does not provide a description of risks and opportunities by sector and/or geography. Overall, the report lacks the necessary components for high-quality disclosure pertaining to the critical element.","The given disclosure does not provide sufficient information to meet the requirements for high-quality disclosure pertaining to the critical element of how climate-related risks and opportunities impact the organization's business strategy, economic and financial performance, and financial planning. The disclosure does not provide a holistic picture of the interdependencies among the factors that affect the organization's ability to create value over time. The disclosure does not describe the impact of climate-related issues on the organization's financial performance and financial position. The disclosure does not describe the organization's plans for transitioning to a low-carbon economy. The disclosure does not describe how climate-related issues serve as an input to the organization's financial planning process, the time period used, and how these risks and opportunities are prioritized.","The sustainability report does not provide sufficient information to evaluate the resilience of Delta's strategy to climate-related risks and opportunities. The report does not discuss how Delta's strategy might change to address potential risks and opportunities, the potential impact of climate-related issues on financial performance and position, or the climate-related scenarios and associated time horizon considered. While the report acknowledges that climate change presents both opportunities and risks related to Delta's economic performance, it does not provide any specific details on how Delta is addressing these risks and opportunities. Therefore, the report does not meet the TCFD guidelines for this TCFD recommendation point.","The given disclosure does not provide sufficient information on the organization's processes for identifying and assessing climate-related risks. The report does not describe the risk management processes for identifying and assessing climate-related risks, nor does it provide information on how the organization determines the relative significance of climate-related risks in relation to other risks. The report does not disclose whether the organization considers existing and emerging regulatory requirements related to climate change. The report does not provide information on the processes for assessing the potential size and scope of identified climate-related risks or definitions of risk terminology used or references to existing risk classification frameworks used. Overall, the disclosure is insufficient to meet the requirements for high-quality disclosure pertaining to the critical element of identifying and assessing climate-related risks.","The sustainability report provides limited information on how Delta manages climate-related risks. The report mentions the reduction of emissions from operations and the use of less fuel to minimize emissions. However, it does not describe the organization's processes for managing climate-related risks, including how they make decisions to mitigate, transfer, accept, or control those risks. The report also does not describe their processes for prioritizing climate-related risks, including how materiality determinations are made within their organizations. Therefore, the report does not meet the TCFD guidelines for high-quality disclosure pertaining to the TCFD recommendation point.","The given disclosure does not provide any information on how the processes for identifying, assessing, and managing climate-related risks are integrated into the organization's overall risk management. The disclosure only provides information on Delta's efforts to reduce emissions and its compliance with regulations. The disclosure also mentions the company's participation in public-private partnerships that may involve tax incentives. However, it does not provide any information on how these partnerships help in identifying, assessing, and managing climate-related risks. Therefore, the disclosure does not meet the requirements for high-quality disclosure pertaining to the critical element.","The given disclosure does not provide sufficient information to evaluate the metrics used by the organization to assess climate-related risks and opportunities. The report mentions a few metrics related to energy consumption, emissions, and waste management, but it does not provide any details on how these metrics help ensure that the performance is in line with its strategy and risk management process. The report also lacks information on whether and how related performance metrics are incorporated into remuneration policies. Additionally, the report does not provide any forward-looking metrics for the cross-industry, consistent with their business or strategic planning time horizons. Overall, the disclosure is insufficient to evaluate the organization's approach to climate-related risks and opportunities.","The report partially meets the requirements for disclosing Scope 1, Scope 2, and Scope 3 GHG emissions. The report provides GHG emissions data for Scope 1 and Scope 2, but it is unclear whether the data is independent of a materiality assessment. The report also provides some information on Scope 3 emissions, but it is not clear whether all relevant Scope 3 emissions have been disclosed. The report does not provide information on the related risks associated with GHG emissions. The report provides some information on the methodologies used to calculate GHG emissions, but it is not clear whether the calculations are in line with the GHG Protocol methodology. The report provides historical data for GHG emissions, but it is not clear whether the data is sufficient for trend analysis.","The given disclosure does not provide sufficient information to evaluate the organization's targets used to manage climate-related risks and opportunities and performance against targets. The disclosure only mentions a few targets related to energy intensity, energy consumption, and carbon emissions, but it does not provide any details on whether these targets are absolute or intensity-based, time frames over which the target applies, base year from which progress is measured, or key performance indicators used to assess progress against targets. The disclosure also lacks information on the methodologies used to calculate targets and measures. Therefore, the disclosure does not meet most of the TCFD guidelines."
SCORE,20,10,20,10,0,0,20,0,20,60,20
