,"Company name: Federal Realty Investment Trust
Company sector: Real Estate
Company location: 909 Rose Avenue, Suite 200, North Bethesda, MD
Pages: 92","Company name: Federal Realty Investment Trust
Company sector: Real Estate
Company location: 909 Rose Avenue, Suite 200, North Bethesda, MD
Pages: 92","Company name: Federal Realty Investment Trust
Company sector: Real Estate
Company location: 909 Rose Avenue, Suite 200, North Bethesda, MD
Pages: 92","Company name: Federal Realty Investment Trust
Company sector: Real Estate
Company location: 909 Rose Avenue, Suite 200, North Bethesda, MD
Pages: 92","Company name: Federal Realty Investment Trust
Company sector: Real Estate
Company location: 909 Rose Avenue, Suite 200, North Bethesda, MD
Pages: 92","Company name: Federal Realty Investment Trust
Company sector: Real Estate
Company location: 909 Rose Avenue, Suite 200, North Bethesda, MD
Pages: 92","Company name: Federal Realty Investment Trust
Company sector: Real Estate
Company location: 909 Rose Avenue, Suite 200, North Bethesda, MD
Pages: 92","Company name: Federal Realty Investment Trust
Company sector: Real Estate
Company location: 909 Rose Avenue, Suite 200, North Bethesda, MD
Pages: 92","Company name: Federal Realty Investment Trust
Company sector: Real Estate
Company location: 909 Rose Avenue, Suite 200, North Bethesda, MD
Pages: 92","Company name: Federal Realty Investment Trust
Company sector: Real Estate
Company location: 909 Rose Avenue, Suite 200, North Bethesda, MD
Pages: 92","Company name: Federal Realty Investment Trust
Company sector: Real Estate
Company location: 909 Rose Avenue, Suite 200, North Bethesda, MD
Pages: 92"
,tcfd_1,tcfd_2,tcfd_3,tcfd_4,tcfd_5,tcfd_6,tcfd_7,tcfd_8,tcfd_9,tcfd_10,tcfd_11
ANSWER,"The Board is provided with quarterly updates on all ESG matters including identified climate-related risks, and progress towards climate-related targets. Progress on ESG initiatives and targets are considered by the Board when evaluating bonus payouts for our executive officers responsible for development, oversight and implementation of our ESG programs. Climate related risks and opportunities are incorporated into our strategy and decision making on investments, and risk management policies.","The Executive Vice President-General Counsel and Head of Sustainability oversee the day-to-day management of ESG, including climate-related risks and opportunities. Climate-related risks and opportunities are incorporated into the company's strategy and decision making on investments and risk management policies. The Board is provided with quarterly updates on all ESG matters, including identified climate-related risks, and progress towards climate-related targets. However, the report lacks concrete data on the company's actual performance in managing climate-related risks and opportunities.","Federal Realty Investment Trust has identified physical and transition risks that could decrease revenue, increase operating costs, and require significant capital investment. However, the company believes that none of these risks pose a material financial risk to the company today. The identified opportunities include increased rents, decreased energy and water costs, and a competitive advantage in markets focused on improving resilience and addressing climate change. The company uses scenario analysis to evaluate risks over the short-, medium-, and long-term, and sustainability concepts are embedded in all investments over $1 million.","Federal Realty Investment Trust uses tools and software to conduct scenario analysis to understand the financial risk to the company over time as a result of climate change. The company has numerous risk management strategies in place to manage climate-related risks, including due diligence evaluation of asset's resiliency, energy usage, and water usage. The company also takes future climate risk and move to decarbonization into account in design phase and selection of construction methods, materials, and building systems. Climate-related risks and opportunities are incorporated into the company's strategy and decision making on investments and risk management policies. The company believes that no one of these physical or transition risks poses a material financial risk to the company today. However, the company acknowledges that the decisions made today can have impacts for decades to come, and sustainability concepts are embedded in all of their investments.","The report states that the company uses publicly available tools and scenario analysis to understand financial risks resulting from climate change. The company has identified physical and transition risks that could decrease revenue and require significant capital investment. However, the company believes that none of these risks pose a material financial risk to the company today. The company has implemented risk management strategies to manage climate-related risks, including developing asset-level operating plans and incorporating future climate risks into design and construction methods. The company's geographic diversity and properties located in jurisdictions with aggressive policies focused on addressing climate change and improving community resiliency reduce the overall impact of any singular risk. The company has active programs to maintain its properties in good physical condition and active emergency response plans to mitigate the impacts of events that occur. The company's strategy is not explicitly resilient to a 2°C target or lower scenario. The report contains cheap talks and vague, unverifiable statements.","The organisation uses a combination of publicly available tools and The Climate Service’s Climanomics® software platform to conduct a scenario analysis, to understand the financial risk to the company over time as a result of climate change. They also conduct due diligence evaluation of asset’s resiliency, energy usage and water usage, review current and pending laws and regulations, and incorporate financial impacts of identified issues into their underwriting prior to investment approval. They evaluate future transition risks over time using the scenario RCP4.5 which assumes widespread global action on climate change that limits global temperature increases to 2 degrees Celsius.","The company uses numerous risk management strategies to manage climate-related risks, including geographic diversity, maintenance of insurance, active programs to maintain properties, and active emergency response plans. They also conduct scenario analysis using publicly available tools and Climanomics software platform to understand financial risk. Future climate risk and decarbonization are taken into account in design, construction, and selection of building systems. The Board is provided with quarterly updates on all ESG matters, including climate-related risks, and progress towards climate-related targets. Physical and transition opportunities include increased rents, decreased costs for energy and water, and competitive advantage of properties located in markets focused on improving resilience and addressing climate change.","Climate-related risks and opportunities are incorporated into the company's strategy and decision making on investments and risk management policies. The day-to-day management of ESG is overseen by the Executive Vice President-General Counsel and the Head of Sustainability, with support from key department heads and an interdisciplinary council of employees. Sustainability measures must be specifically identified for every investment of more than $1 million.","Federal Realty Investment Trust uses a combination of publicly available tools and The Climate Service’s Climanomics® software platform to conduct a scenario analysis to understand the financial risk to the company over time as a result of climate change. The company also conducts due diligence evaluation of asset’s resiliency, energy usage, and water usage. The metrics help ensure that the performance is in line with its strategy and risk management process by incorporating financial impacts of identified issues into their underwriting prior to investment approval and developing asset level operating plans that address identified risks.","Federal Realty Investment Trust discloses its Scope 1 and Scope 2 GHG emissions, but only partially discloses its Scope 3 emissions. The 2021 Scope 1 GHG emissions were 3,372 MT CO2e, and the 2021 Scope 2 GHG emissions were 11,424 MT CO2e. The related risks are not specified in the report.",The organization uses a combination of publicly available tools and The Climate Service’s Climanomics® software platform to conduct a scenario analysis to understand the financial risk to the company over time as a result of climate change. The report does not provide any information on specific targets or how the organization is performing against them.
SOURCES,"[88, 89, 97]","[41, 89, 88]","[94, 95, 96, 100, 102, 103, 240]","[97, 100, 102, 103, 94, 89, 67, 95, 11, 240, 88, 90, 96, 93, 104, 92, 86, 191, 199, 229]","[93, 94, 95, 96, 100, 102, 103, 104]","[97, 102, 93]","[100, 97, 89, 103, 102, 88, 67, 94, 93, 95, 104, 191, 122, 90]","[41, 100, 89, 103, 67]","[97, 102, 240]","[252, 50, 254]",[97]
PAGE,"[37, 38]","[20, 37]","[40, 86, 38]","[37, 38, 40, 8, 75, 78, 85, 86, 31]","[40, 38]","[40, 38]","[37, 38, 40, 75, 48, 31]","[40, 20, 37, 31]","[40, 86, 38]","[88, 25]",[38]
ANALYSIS,"The sustainability report provides some information on the board's oversight of climate-related risks and opportunities. The report mentions that the board is provided with quarterly updates on ESG matters, including climate-related risks, and progress towards climate-related targets. The report also states that climate-related risks and opportunities are incorporated into the company's strategy and decision making on investments and risk management policies. However, the report does not provide any information on whether the board considers climate-related issues when reviewing and guiding strategy, major plans of action, risk management policies, annual budgets, and business plans. Additionally, the report does not provide any information on how the board monitors and oversees progress against goals and targets for addressing climate-related issues. Overall, the disclosure is insufficient and lacks specific details.","The disclosure provides some information on management's role in assessing and managing climate-related risks and opportunities. It mentions that the day-to-day management of ESG is overseen by the Executive Vice President-General Counsel and Head of Sustainability, with support from key department heads and an interdisciplinary council of employees. It also states that climate-related risks and opportunities are incorporated into the company's strategy and decision making on investments and risk management policies. However, the disclosure lacks specific details on the organizational structure, processes by which management is informed about climate-related issues, and how management monitors climate-related issues. Therefore, the disclosure partially meets the requirements for high-quality disclosure pertaining to the critical element.","The sustainability report provides some information on the climate-related risks and opportunities that the organization has identified over the short, medium, and long term. The report describes the specific climate-related issues potentially arising in each time horizon that could have a material financial impact on the organization. The report also describes the process used to determine which risks and opportunities could have a material financial impact on the organization. However, the report lacks a clear description of what the organization considers to be the relevant short-, medium-, and long-term time horizons. Additionally, the report does not provide a description of risks and opportunities by sector and/or geography, as appropriate. Overall, the report provides some information but lacks specificity and clarity in certain areas.","The sustainability report provides some information on how climate-related risks and opportunities impact the organization's businesses strategy, economic and financial performance, and financial planning. The report discusses the use of tools and software to conduct scenario analysis, risk management strategies, geographic diversity, insurance, emergency response plans, and asset-level operating plans. The report also mentions the incorporation of climate-related risks and opportunities into the company's strategy and decision-making on investments and risk management policies. However, the report lacks specific details on the impact of climate-related issues on the organization's financial performance and financial position. The report also does not describe how climate-related issues serve as an input to the financial planning process, the time period used, and how these risks and opportunities are prioritized. The report does not describe the organization's plans for transitioning to a low-carbon economy.","The sustainability report provides some information on the organization's resilience to climate-related risks and opportunities, including a transition to a low-carbon economy consistent with a 2°C or lower scenario and physical climate-related risks. The report discusses the potential impact of climate-related issues on financial performance and the climate-related scenarios considered. However, the report lacks specific details on how the organization's strategies might change to address potential risks and opportunities. Additionally, the report does not provide information on the time horizon considered for the scenarios. Overall, the report provides some information on the organization's resilience to climate-related risks and opportunities, but it could be more detailed and specific.","The disclosure provides some information on the organization's processes for identifying and assessing climate-related risks. The report mentions the use of publicly available tools and scenario analysis to understand the financial risk to the company over time as a result of climate change. The report also describes the use of risk management strategies across the portfolio to manage climate-related risks. However, the report lacks specific details on how the organization determines the relative significance of climate-related risks in relation to other risks. The report does not disclose whether the organization considers existing and emerging regulatory requirements related to climate change. The report also does not disclose the processes for assessing the potential size and scope of identified climate-related risks and definitions of risk terminology used or references to existing risk classification frameworks used.","The sustainability report provides a comprehensive description of the organization's processes for managing climate-related risks. The report describes the organization's processes for managing climate-related risks, including how they make decisions to mitigate, transfer, accept, or control those risks. The report also describes the organization's processes for prioritizing climate-related risks, including how materiality determinations are made within their organizations. The report provides details on the tools used to conduct scenario analysis and evaluate potential risks. However, the report lacks specific details on how the organization prioritizes climate-related risks and how materiality determinations are made. Overall, the report provides a good level of disclosure on the organization's processes for managing climate-related risks.","The sustainability report provides a comprehensive description of the processes for identifying, assessing, and managing climate-related risks integrated into the organization's overall risk management. The report describes the use of numerous risk management strategies across the portfolio, geographic diversity of the portfolio, maintenance of insurance, active programs to maintain properties in good physical condition, and active emergency response plans to mitigate the impacts of events that occur. The report also describes the use of publicly available tools and software platforms to conduct scenario analysis, the incorporation of climate-related risks and opportunities into the company's strategy and decision making on investments, and risk management policies. The report meets all the TCFD guidelines and provides specific details to support the disclosure.","The disclosure provides some information on the metrics used to assess climate-related risks and opportunities, but it lacks specificity and detail. The report mentions the use of Climanomics software and publicly available tools to conduct scenario analysis, but it does not provide any specific metrics or targets. The report also mentions the consideration of climate-related risks in investment decisions and the development of asset-level operating plans, but it does not provide any specific metrics or targets. The report does not mention the incorporation of climate-related metrics into remuneration policies or the provision of internal carbon prices. While the report provides some information on risk management strategies, it does not provide any specific metrics or targets. Overall, the disclosure is insufficient in meeting the TCFD guidelines.","The report provides some information on Scope 1, Scope 2, and Scope 3 GHG emissions, but it lacks detail and does not meet all the requirements. The report provides the 2021 Scope 1 GHG emissions, but it does not provide historical data for trend analysis. The report also provides the 2021 Scope 2 GHG emissions and the methodology used to calculate them, but it does not provide historical data or generally accepted industry-specific GHG efficiency ratios. The report provides the 2021 Scope 3 GHG emissions, but it does not provide the related risks or a description of the methodologies used to calculate or estimate the metrics. Overall, the report lacks transparency and does not meet all the requirements for high-quality disclosure.","The sustainability report provides limited information on the targets used by the organization to manage climate-related risks and opportunities and performance against targets. While the report mentions the use of Climanomics software to conduct scenario analysis and the evaluation of asset resiliency, energy usage, and water usage, it does not provide specific details on the key climate-related targets, whether they are absolute or intensity-based, time frames, base year, or key performance indicators used to assess progress against targets. The report also lacks information on the methodologies used to calculate targets and measures. While the report mentions the consideration of climate-related risks and opportunities in investment decisions, it does not provide specific details on the targets used to manage these risks and opportunities."
SCORE,50,60,70,60,70,60,85,100,40,50,30
