,"Company name: Chunghwa Telecom
Company sector: Information and Communication Technology (ICT)
Company location: Taipei
Pages: 122","Company name: Chunghwa Telecom
Company sector: Information and Communication Technology (ICT)
Company location: Taipei
Pages: 122","Company name: Chunghwa Telecom
Company sector: Information and Communication Technology (ICT)
Company location: Taipei
Pages: 122","Company name: Chunghwa Telecom
Company sector: Information and Communication Technology (ICT)
Company location: Taipei
Pages: 122","Company name: Chunghwa Telecom
Company sector: Information and Communication Technology (ICT)
Company location: Taipei
Pages: 122","Company name: Chunghwa Telecom
Company sector: Information and Communication Technology (ICT)
Company location: Taipei
Pages: 122","Company name: Chunghwa Telecom
Company sector: Information and Communication Technology (ICT)
Company location: Taipei
Pages: 122","Company name: Chunghwa Telecom
Company sector: Information and Communication Technology (ICT)
Company location: Taipei
Pages: 122","Company name: Chunghwa Telecom
Company sector: Information and Communication Technology (ICT)
Company location: Taipei
Pages: 122","Company name: Chunghwa Telecom
Company sector: Information and Communication Technology (ICT)
Company location: Taipei
Pages: 122","Company name: Chunghwa Telecom
Company sector: Information and Communication Technology (ICT)
Company location: Taipei
Pages: 122"
,tcfd_1,tcfd_2,tcfd_3,tcfd_4,tcfd_5,tcfd_6,tcfd_7,tcfd_8,tcfd_9,tcfd_10,tcfd_11
ANSWER,"Chunghwa Telecom's board oversees climate-related risks and opportunities through the establishment of a Risk Management Committee, which consists of the President and senior managers. The committee supervises risk management throughout the organization and is responsible for prioritizing the identified risks, formulating response strategies to key risk issues, and reporting to the board of directors at times deemed necessary.",Chunghwa Telecom's management is responsible for assessing and managing climate-related risks and opportunities. They have an enterprise risk management system in place to control risks associated with their businesses. Risk managers have been assigned to all departments to monitor risk targets and report findings on a monthly basis. They also completed the 'Chunghwa Telecom Environmental Protection Energy Conservation & Carbon Reduction Strategic Action' to manage risks caused by climate change and formulated priorities to ensure clear communications and the safety of overall communications network.,"Chunghwa Telecom identified risks and opportunities related to climate change, including disaster resilience, communication network safety, and energy efficiency. However, the report lacks specific details on the identified risks and opportunities over the short, medium, and long term, and it is unclear whether the risks are associated with a horizon. The report also contains cheap talks and vague statements that need further clarification and quantification.","Chunghwa Telecom's climate-related risks and opportunities impact its business strategy, economic and financial performance, and financial planning. The company has initiated a greenhouse gas inventory and carbon management goals to reduce climate-related costs and risks. It has also formulated priorities to improve disaster resilience, ensure clear communications, and the safety of overall communications network. The company aims to target low-carbon industries and promote solar energy through its 5-year plan. However, the report lacks concrete data to support its claims and may contain greenwashing.","The report does not provide sufficient information to determine the resilience of Chunghwa Telecom's strategy in different climate-related scenarios or physical risks. The report mentions the company's carbon management goals and risk management strategies, but lacks concrete data or specific actions taken to address climate risks. The report also includes cheap talks and vague statements that do not provide a clear picture of the company's sustainability efforts.","Chunghwa Telecom uses a risk map to assess regulatory, network maintenance, market competition, and financial risks. They conduct intensive sensitivity analysis and stress-testing to decide whether to accept, transfer, mitigate or avoid the associated risks. They initiated a greenhouse gas inventory in 2008 to reduce climate-related cost and risk in the value chain. They have an enterprise risk management system in place to control risks associated with their businesses. They assemble an assessment team consisting of members from related departments to identify the materiality matrix on the ground of internal and external information.","Chunghwa Telecom manages climate-related risks by completing the 'Chunghwa Telecom Environmental Protection Energy Conservation & Carbon Reduction Strategic Action' and formulating priorities such as improving disaster resilience, ensuring clear communications, and the safety of overall communications network. They also have an enterprise risk management system in place to control risks associated with their businesses. They target low-carbon industries and promote solar energy through their 5-year sustainability program and actively invest in renewable energy applications. They also construct new infrastructures to broaden the use of renewable energy and reduce greenhouse gas emissions.","Chunghwa Telecom has an enterprise risk management system in place to control risks associated with its businesses. Risk managers have been assigned to all departments to monitor risk targets and risk events, and report findings on a monthly basis. The Risk Management Committee supervises risk management throughout the organization and is responsible for prioritizing the identified risks, formulating response strategies to key risk issues, and reporting to the board of directors at times deemed necessary. However, the report lacks specific information on how climate-related risks are integrated into the overall risk management process.",Chunghwa Telecom uses a 'Greenhouse Gas Inventory' to evaluate the result of voluntary carbon reduction measures. The report does not provide specific metrics used to assess climate-related risks and opportunities or how they help ensure performance is in line with strategy and risk management process.,"Chunghwa Telecom discloses its Scope 1, Scope 2, and Scope 3 GHG emissions. The risks related to GHG emissions are not specified in the report. The company aims to reduce GHG emissions and has set targets for reduction. However, the report lacks specific data on the reduction achieved. The report also lacks concrete data on the GHG emissions, and the information provided is not independently verified.""","Chunghwa Telecom's initial carbon management goal was to reduce greenhouse gas emissions to 2007 levels by 2012. The report does not provide any information on the organization's current targets or its performance against these targets. The report mentions the use of rating surveys and international benchmarks to support the meeting of sustainability report, but it does not provide any specific targets or performance data related to climate-related risks and opportunities."
SOURCES,"[200, 201]","[202, 203, 213, 220]","[213, 220, 138, 699, 55, 202, 203, 32, 25, 665, 491, 199, 146, 493, 677, 143, 204]","[213, 690, 699, 220, 143, 203, 491, 55, 693, 138, 146, 677, 4, 15, 49, 120, 508]","[213, 55, 491, 220, 143, 4, 32, 203, 25, 138, 63, 146, 217, 48, 85, 490, 559]","[203, 213, 202, 677, 220, 27]","[213, 220, 55, 202, 203, 677, 143, 204, 539, 63, 559]","[202, 200]",[213],"[1, 2, 3, 213, 305, 1, 305, 2, 305, 3, 700, 219, 216, 508, 492, 215]",[213]
PAGE,[38],"[40, 41, 38]","[38, 7, 40, 41, 10, 6, 113, 114, 85, 86, 119, 28]","[2, 4, 38, 40, 41, 10, 114, 117, 85, 119, 24, 88, 28]","[2, 38, 7, 40, 41, 10, 6, 11, 15, 85, 28, 95]","[38, 6, 40, 41, 114]","[38, 40, 41, 10, 11, 92, 114, 28, 95]",[38],[40],"[1, 40, 41, 85, 119, 88, 57]",[40]
ANALYSIS,"The sustainability report provides some information on the board's oversight of climate-related risks and opportunities. It mentions the establishment of a Risk Management Committee and the Audit Division's role in auditing risk practices. However, the report lacks details on the processes and frequency by which the board and/or board committees are informed about climate-related issues. It also does not provide sufficient information on whether the board and/or board committees consider climate-related issues when reviewing and guiding strategy, major plans of action, risk management policies, annual budgets, and business plans. The report does mention progress monitoring against goals and targets for addressing climate-related issues. Overall, the disclosure quality is moderate, but there is room for improvement.","The sustainability report provides some information on management's role in assessing and managing climate-related risks and opportunities. It mentions that the company has assigned risk managers to all departments to monitor risk targets and events and that a risk management committee has been established. However, the report lacks specific details on the organizational structure, processes by which management is informed about climate-related issues, and how management monitors climate-related issues. The report also does not mention whether the management positions or committees report to the board or a committee of the board. Overall, the disclosure is insufficient in meeting the TCFD guidelines outlined for this TCFD recommendation point.","The sustainability report provides some information on climate-related risks and opportunities, but it does not meet the TCFD guidelines in a comprehensive manner. The report does not provide a clear description of the relevant short-, medium-, and long-term time horizons, nor does it describe the specific climate-related issues that could have a material financial impact on the organization. The report does not provide a clear description of the process used to determine which risks and opportunities could have a material financial impact on the organization. The report does not provide a description of risks and opportunities by sector and/or geography. Overall, the report lacks specificity and detail, and therefore, the score is 40.","The sustainability report provides some information on how climate-related risks and opportunities impact the organization's businesses strategy, economic and financial performance, and financial planning. The report mentions the company's carbon management goals, greenhouse gas inventory, and action program in response to climate change. However, the report lacks specific details on how climate-related issues serve as an input to their financial planning process, the time period used, and how these risks and opportunities are prioritized. The report also does not describe the impact of climate-related issues on their financial performance and financial position. Overall, the report provides some information but lacks specific details and a holistic picture of the interdependencies among the factors that affect their ability to create value over time.","The sustainability report provides some information on the company's strategy resilience to climate-related risks and opportunities. The report mentions the company's carbon management goals and greenhouse gas inventory, as well as its response to climate change through the completion of the 'Chunghwa Telecom Environmental Protection Energy Conservation & Carbon Reduction Strategic Action.' However, the report lacks specific details on how the company's strategy might change to address potential risks and opportunities, the potential impact of climate-related issues on financial performance, and the climate-related scenarios considered. Additionally, the report does not mention the 2°C target or lower scenario. Overall, the report provides some information on the company's resilience to climate-related risks and opportunities, but it lacks specific details and does not fully meet the TCFD guidelines.","The sustainability report provides some information on the organization's processes for identifying and assessing climate-related risks. The report mentions the use of a 'risk map' to assess various risks, including regulatory risks related to climate change. However, the report lacks details on how the organization determines the relative significance of climate-related risks in relation to other risks. The report also does not disclose processes for assessing the potential size and scope of identified climate-related risks or definitions of risk terminology used. While the report mentions the use of a greenhouse gas inventory to evaluate the result of voluntary carbon reduction measures, it does not provide details on how the inventory is used to identify and assess climate-related risks. Overall, the disclosure is insufficient to meet the TCFD guidelines.","The report provides some information on how the organization manages climate-related risks. It describes the processes for managing climate-related risks, including how they make decisions to mitigate, transfer, accept, or control those risks. It also describes the processes for prioritizing climate-related risks, including how materiality determinations are made within their organizations. The report provides information on the company's carbon management goals, risk management practices, and disaster resilience. However, the report lacks specific details on how the company manages climate-related risks, such as the identification of risks, the assessment of their potential impact, and the implementation of measures to mitigate them. Overall, the report provides some information on how the organization manages climate-related risks, but it could be more detailed and specific.","The sustainability report provides some information on how climate-related risks are integrated into the organization's overall risk management. The report mentions that the company has an enterprise risk management system in place, risk managers are assigned to all departments, and a risk map is used to assess risks. The report also mentions that the company has completed an environmental protection energy conservation and carbon reduction strategic action to manage risks caused by climate change. However, the report lacks specific details on how the company identifies, assesses, and manages climate-related risks. The report does not provide information on how climate-related risks are integrated into the organization's overall risk management. Therefore, the report partially meets the requirements for high-quality disclosure pertaining to the critical element.","The sustainability report provides some information on the metrics used to assess climate-related risks and opportunities. The report mentions the 'Greenhouse Gas Inventory' and carbon management goals. However, the report lacks specific details on the metrics used to measure and manage climate-related risks and opportunities. The report does not provide metrics on climate-related risks associated with water, energy, land use, and waste management. The report does not describe whether and how related performance metrics are incorporated into remuneration policies. The report does not provide internal carbon prices or climate-related opportunity metrics. The report does not provide forward-looking metrics for the cross-industry. The report does not describe the methodologies used to calculate or estimate climate-related metrics.","The sustainability report provides a comprehensive disclosure of the organization's Scope 1 and Scope 2 GHG emissions, as well as Scope 3 GHG emissions and related risks. The report also includes historical data for trend analysis and a description of the methodology used to calculate the metrics. However, the report does not provide industry-specific GHG efficiency ratios. The report also lacks clarity on the boundaries of emissions and the completeness of the inventory. The report meets some of the requirements for high-quality disclosure, but there is room for improvement in terms of providing more detailed information and ensuring the completeness of the inventory.","The sustainability report provides some information on the targets used by the organization to manage climate-related risks and opportunities and performance against targets. The report mentions the reduction of greenhouse gas emissions to 2007 levels by 2012 as a carbon management goal. However, the report lacks details on the time frames, base year, and key performance indicators used to assess progress against targets. The report also does not provide a description of the methodologies used to calculate targets and measures. The report mentions the use of ISO 14064 verifications and certifications, the Carbon Disclosure Project questionnaire, and other questionnaires to respond to environmental information disclosures. Overall, the report provides limited information on the targets used to manage climate-related risks and opportunities and performance against targets."
SCORE,60,40,40,60,50,40,70,60,40,75,40
