,"Company name: International Paper
Company sector: Fiber-based packaging products
Company location: Global Headquarters, 6400 Poplar Ave, Memphis, TN 38197
Pages: 117","Company name: International Paper
Company sector: Fiber-based packaging products
Company location: Global Headquarters, 6400 Poplar Ave, Memphis, TN 38197
Pages: 117","Company name: International Paper
Company sector: Fiber-based packaging products
Company location: Global Headquarters, 6400 Poplar Ave, Memphis, TN 38197
Pages: 117","Company name: International Paper
Company sector: Fiber-based packaging products
Company location: Global Headquarters, 6400 Poplar Ave, Memphis, TN 38197
Pages: 117","Company name: International Paper
Company sector: Fiber-based packaging products
Company location: Global Headquarters, 6400 Poplar Ave, Memphis, TN 38197
Pages: 117","Company name: International Paper
Company sector: Fiber-based packaging products
Company location: Global Headquarters, 6400 Poplar Ave, Memphis, TN 38197
Pages: 117","Company name: International Paper
Company sector: Fiber-based packaging products
Company location: Global Headquarters, 6400 Poplar Ave, Memphis, TN 38197
Pages: 117","Company name: International Paper
Company sector: Fiber-based packaging products
Company location: Global Headquarters, 6400 Poplar Ave, Memphis, TN 38197
Pages: 117","Company name: International Paper
Company sector: Fiber-based packaging products
Company location: Global Headquarters, 6400 Poplar Ave, Memphis, TN 38197
Pages: 117","Company name: International Paper
Company sector: Fiber-based packaging products
Company location: Global Headquarters, 6400 Poplar Ave, Memphis, TN 38197
Pages: 117","Company name: International Paper
Company sector: Fiber-based packaging products
Company location: Global Headquarters, 6400 Poplar Ave, Memphis, TN 38197
Pages: 117"
,tcfd_1,tcfd_2,tcfd_3,tcfd_4,tcfd_5,tcfd_6,tcfd_7,tcfd_8,tcfd_9,tcfd_10,tcfd_11
ANSWER,"International Paper has an integrated Board of Directors and executive-level governance structure to oversee sustainability and ESG matters, including climate change. The Public Policy and Environment Committee of the Board has overall responsibility for overseeing and assessing environmental and sustainability , public policy, legal, health and safety, and technology issues and risks. The Board receives regular updates regarding ESG issues, risks, and opportunities from multiple Board committees and the CEO. The company is proactively incorporating climate-related considerations into its business and operations, and it has identified climate-related risks and opportunities over the short, medium, and long term. The company has established a governance model to direct the implementation and monitoring of its sustainability risks and opportunities, as well as its Vision 2030 strategy. The company has disclosed a number of climate-related metrics reflecting its alignment with regulatory requirements and leading standards such as GRI, CDP, SASB, and TCFD.","International Paper's Chief Sustainability Officer leads the sustainability strategy and initiatives day-to-day, including the approach to address climate change. The company has identified climate-related risks and opportunities and is working to integrate them into their ERM process. The company has established a governance model to direct the implementation and monitoring of sustainability risks and opportunities, including climate risks. The company has set an absolute GHG reduction target of 35% from a 2019 baseline across Scopes 1, 2 and 3. The company is performing ongoing climate-related scenario analysis using quantitative modeling by their partner, The Climate Service, as well as qualitative input from internal and external industry experts.","International Paper has identified transition risks and opportunities as more likely to impact the company than physical risks over the short-to-medium term. The company has set an absolute GHG reduction target of 35% from a 2019 baseline across Scopes 1, 2 and 3 by 2030. The company is proactively incorporating climate-related considerations into its business and operations, and has established a governance model to direct the implementation and monitoring of its sustainability risks and opportunities.","International Paper proactively incorporates climate-related considerations into its business and operations. The company has identified climate-related risks and opportunities over the short, medium, and long term, and has mapped them in a matrix. The company's Vision 2030 strategies are guided by cross-functional teams evaluating climate-related risks and opportunities. The company has set an absolute GHG reduction target of 35% from a 2019 baseline across Scopes 1, 2, and 3. The company performs ongoing climate-related scenario analysis using quantitative modeling and qualitative input from internal and external industry experts.","International Paper is performing ongoing climate-related scenario analysis using quantitative modeling by The Climate Service and qualitative input from internal and external industry experts. The company intends to disclose more detail in the future. The company has identified climate-related risks and opportunities over the short, medium, and long term and has set an absolute GHG reduction target of 35% from a 2019 baseline across Scopes 1, 2, and 3. The company is proactively incorporating climate-related considerations into its business and operations. However, the report lacks concrete data on the company's resilience to different climate-related scenarios and physical risks.","International Paper identifies and assesses climate-related risks through ongoing research and risk identification by the Global Citizenship team, leveraging expertise and guidance from trusted consultants and forest sector-focused groups. The company also convenes cross-functional internal experts to provide input on anticipated climate-related risk and opportunity areas, and performs climate-related scenario analysis using quantitative modeling by The Climate Service and qualitative input from internal and external industry experts.","International Paper manages climate-related risks by performing ongoing research and risk identification, leveraging expertise from trusted consultants and forest sector-focused groups, integrating climate-related risks into their ERM process, evaluating risks at the business, operational, and facility levels, disclosing financial impacts via annual reporting, incorporating mitigation measures into operational planning, and performing climate-related scenario analysis. They have established a governance model to direct the implementation and monitoring of their sustainability risks and opportunities, and their Vision 2030 strategy includes an absolute GHG reduction target of 35% from a 2019 baseline across Scopes 1, 2, and 3. However, the report lacks concrete data on the impact of climate-related risks and opportunities on the organization's businesses, strategy, and financial planning, and the resilience of the organization's strategy in different climate-related scenarios.","International Paper is working to formally integrate climate-related risks and opportunities into their ERM process. The ERM Council is responsible for ensuring that the people and processes are in place to identify, assess, and manage these risks. The Global Citizenship team performs ongoing research and risk identification, and the company leverages expertise and best practice guidance from trusted consultants and forest sector-focused groups.","International Paper discloses a number of climate-related metrics reflecting their alignment with regulatory requirements and leading standards such as GRI, CDP, SASB and TCFD. These include annual reporting on GHG emissions, energy use and sources, water use and water stress, sustainable fiber supply, renewable solutions and others. The organization is working to formally integrate climate-related risks into their ERM process and has established a governance model to direct the implementation and monitoring of their sustainability risks and opportunities. They are performing ongoing climate-related scenario analysis using quantitative modeling by their partner, The Climate Service, as well as qualitative input from internal and external industry experts. The organization's Vision 2030 strategy includes an absolute GHG reduction target of 35% from a 2019 baseline across Scopes 1, 2 and 3, which was approved by SBTi in 2021.","Yes, International Paper discloses its Scope 1 and Scope 2 GHG emissions, but only mentions assessing its supply chain to identify areas of significant impact for Scope 3 emissions. The related risks are not explicitly stated in the report.","International Paper uses a 35% absolute GHG reduction target from a 2019 baseline across Scopes 1, 2 and 3 as a target to manage climate-related risks and opportunities. The company has exceeded its previous target of a 20% absolute reduction."
SOURCES,"[464, 469, 475, 476, 491, 493, 498, 503]","[466, 469, 496, 493, 44, 491, 498, 470, 492, 503, 475, 464, 497, 468, 473, 480, 477, 494]","[469, 471, 475, 477, 503]","[469, 476, 475, 493, 470, 498, 499, 491, 503, 477, 466, 44, 484, 464, 497]","[469, 477, 503]","[493, 496, 476, 491, 469, 499, 497, 473, 492, 498, 477, 475, 466, 44, 45, 503, 470, 146, 494, 374]","[493, 469, 496, 476, 114, 491, 498, 503, 473, 475, 477, 464, 492, 494, 480, 45]",[496],"[491, 493, 496, 498, 503, 469, 475, 477, 499]","[115, 131, 390, 502, 503, 499, 396, 395, 137, 392, 393, 123, 491, 469, 485]",[503]
PAGE,"[113, 114, 110, 111]","[10, 110, 111, 113, 114]","[114, 110, 111]","[10, 110, 111, 112, 113, 114]","[114, 110, 111]","[36, 10, 110, 111, 113, 114, 92]","[10, 110, 111, 113, 114, 29]",[113],"[113, 114, 110, 111]","[96, 33, 34, 32, 110, 112, 113, 114, 29]",[114]
ANALYSIS,"The sustainability report provides some information on the board's oversight of climate-related risks and opportunities. The report mentions that the Public Policy and Environment Committee of the Board oversees sustainability and ESG matters, including climate change. However, the report does not provide details on the processes and frequency by which the board and/or board committees are informed about climate-related issues. The report also does not provide information on whether the board and/or board committees consider climate-related issues when reviewing and guiding strategy, major plans of action, risk management policies, annual budgets, and business plans. The report does mention that the board monitors and oversees progress against goals and targets for addressing climate-related issues. Overall, the disclosure is insufficient in meeting the TCFD guidelines.","The disclosure provides some information on management's role in assessing and managing climate-related risks and opportunities. It mentions the Chief Sustainability Officer and members of management responsible for sustainability strategy and initiatives. It also describes the processes for identifying, assessing, and managing climate-related risks and opportunities, including the integration of these processes into the organization's overall risk management. However, the disclosure lacks specific details on the organizational structure, how management is informed about climate-related issues, and how management monitors climate-related issues. Additionally, the disclosure does not mention whether the management positions or committees report to the board or a committee of the board. Overall, the disclosure partially meets the requirements, but more specific details are needed to fully satisfy the requirements.","The sustainability report provides a comprehensive description of the climate-related risks and opportunities that the organization has identified over the short, medium, and long term. The report describes the relevant time horizons, specific climate-related issues, and the process used to determine which risks and opportunities could have a material financial impact on the organization. The report also considers providing a description of risks and opportunities by sector and/or geography. However, the report lacks specific details on the metrics used to assess climate-related risks and opportunities and the targets used to manage them. Overall, the report provides a good level of disclosure quality on the TCFD recommendation point.","The sustainability report provides a comprehensive discussion of climate-related risks and opportunities that impact the organization's businesses, strategy, and financial planning. The report describes the identified climate-related risks and opportunities over the short, medium, and long term, and how they affect the organization's operations, supply chain, and investment in research and development. The report also describes the organization's processes for managing climate-related risks, including the metrics and targets used to assess and manage relevant climate-related risks and opportunities. However, the report lacks specific details on the impact of climate-related issues on the organization's financial performance and financial position. Overall, the report meets most of the requirements and provides a holistic picture of the interdependencies among the factors that affect the organization's ability to create value over time.","The sustainability report provides some information on the resilience of the organization's strategy to climate-related risks and opportunities, including a 2°C or lower scenario. The report describes the climate-related risks and opportunities identified by the organization and the targets used to manage them. The report also discloses the metrics used to assess climate-related risks and opportunities and the processes for managing them. However, the report lacks specific details on how the organization's strategy might change to address potential risks and opportunities, the potential impact of climate-related issues on financial performance and position, and the climate-related scenarios and associated time horizon considered. Overall, the report provides a moderate level of disclosure quality on the TCFD recommendation point.","The sustainability report provides a comprehensive description of the organization's processes for identifying and assessing climate-related risks. The report describes the risk management processes for identifying and assessing climate-related risks, including how the organization determines the relative significance of climate-related risks in relation to other risks. The report also discloses the processes for assessing the potential size and scope of identified climate-related risks and definitions of risk terminology used. However, the report does not provide specific details on whether the organization considers existing and emerging regulatory requirements related to climate change as well as other relevant factors considered. Overall, the report provides a good level of disclosure quality on the TCFD recommendation point.","The sustainability report provides a comprehensive disclosure of the organization's processes for managing climate-related risks. The report describes the organization's processes for managing climate-related risks, including how they make decisions to mitigate, transfer, accept, or control those risks. The report also describes the organization's processes for prioritizing climate-related risks, including how materiality determinations are made within their organizations. The report discloses the actual and potential impacts of climate-related risks and opportunities on the organization's businesses, strategy, and financial planning. The report also describes how processes for identifying, assessing, and managing climate-related risks are integrated into the organization's overall risk management. The report discloses the metrics and targets used to assess and manage relevant climate-related risks and opportunities where such information is material. The report meets all the requirements and provides sufficient details.","The sustainability report provides a comprehensive disclosure on how the organization integrates processes for identifying, assessing, and managing climate-related risks into its overall risk management. The report describes the organization's processes for identifying and assessing climate-related risks, management's role in assessing and managing climate-related risks and opportunities, and the impact of climate-related risks and opportunities on the organization's businesses, strategy, and financial planning. The report also discloses the metrics and targets used to assess and manage relevant climate-related risks and opportunities. However, the report lacks specific details on how the organization evaluates downside and upside risks considering potential impact and likelihood of occurrence within its strategic planning period of four years. Overall, the report satisfies most of the requirements and provides sufficient details, earning a score of 90.","The sustainability report provides some information on the metrics used to assess climate-related risks and opportunities, including GHG emissions, energy use and sources, water use and water stress, sustainable fiber supply, and renewable solutions. The report also describes the climate-related risks and opportunities identified by the organization over the short, medium, and long term, and the processes for managing these risks. However, the report lacks specific details on the metrics and targets used to assess and manage relevant climate-related risks and opportunities, and how these are integrated into the organization's overall risk management. The report also does not provide information on whether and how related performance metrics are incorporated into remuneration policies. Therefore, the report partially meets the TCFD guidelines, and the <SCORE> is 60.","The sustainability report of International Paper provides a comprehensive disclosure of its Scope 1 and Scope 2 GHG emissions, and a detailed description of its Scope 3 GHG emissions. The report also includes a calculation methodology for GHG emissions, historical data, and generally accepted industry-specific GHG efficiency ratios. The organization has set a target to reduce its GHG emissions by 35% by 2030 across all three scopes, and it has described the processes for identifying and assessing climate-related risks. However, the report lacks a detailed description of the related risks and how they differ depending on the scope. The report also does not provide a detailed description of the methodologies used to calculate or estimate the metrics. Overall, the report meets most of the requirements, but there is room for improvement.","The sustainability report provides a comprehensive disclosure of the targets used by the organization to manage climate-related risks and opportunities and performance against targets. The report describes the key climate-related targets, including GHG emissions, energy usage, and water usage, in line with the cross-industry and regulatory requirements. The report also includes the time frames, base year, and key performance indicators used to assess progress against targets. The report discloses the associated interim targets in aggregate or by business line, where available. However, the report does not provide a description of the methodologies used to calculate targets and measures. Overall, the report meets most of the requirements, and the score is 85 out of 100."
SCORE,40,70,85,90,70,90,100,90,60,85,85
