,"Company name: CONSOL Energy Inc.
Company sector: Coal mining
Company location: Canonsburg, PA 15317
Pages: 46","Company name: CONSOL Energy Inc.
Company sector: Coal mining
Company location: Canonsburg, PA 15317
Pages: 46","Company name: CONSOL Energy Inc.
Company sector: Coal mining
Company location: Canonsburg, PA 15317
Pages: 46","Company name: CONSOL Energy Inc.
Company sector: Coal mining
Company location: Canonsburg, PA 15317
Pages: 46","Company name: CONSOL Energy Inc.
Company sector: Coal mining
Company location: Canonsburg, PA 15317
Pages: 46","Company name: CONSOL Energy Inc.
Company sector: Coal mining
Company location: Canonsburg, PA 15317
Pages: 46","Company name: CONSOL Energy Inc.
Company sector: Coal mining
Company location: Canonsburg, PA 15317
Pages: 46","Company name: CONSOL Energy Inc.
Company sector: Coal mining
Company location: Canonsburg, PA 15317
Pages: 46","Company name: CONSOL Energy Inc.
Company sector: Coal mining
Company location: Canonsburg, PA 15317
Pages: 46","Company name: CONSOL Energy Inc.
Company sector: Coal mining
Company location: Canonsburg, PA 15317
Pages: 46","Company name: CONSOL Energy Inc.
Company sector: Coal mining
Company location: Canonsburg, PA 15317
Pages: 46"
,tcfd_1,tcfd_2,tcfd_3,tcfd_4,tcfd_5,tcfd_6,tcfd_7,tcfd_8,tcfd_9,tcfd_10,tcfd_11
ANSWER,"CONSOL's Board of Directors oversees the Company's policies, programs, and strategies regarding significant corporate sustainability issues, including climate-related risks and opportunities. The Board receives sustainability updates from management periodically, reviews sustainability policies, programs, and strategies, and provides guidance to management with respect to such matters. In 2021, the Board reviewed and approved the Company's GHG emission reduction targets.","CONSOL Energy Inc. acknowledges the importance of mitigating climate-related risks and opportunities. They aim to reduce carbon output and pursue strategic partnerships to advance technologies required to achieve global greenhouse gas reduction goals. However, the report lacks concrete data and relies on vague statements, and it is unclear how the company plans to achieve its goals.","CONSOL Energy Inc. identifies reducing carbon output, innovation and technology, and emissions reduction as climate-related opportunities. The report does not clearly identify climate-related risks associated with a horizon. The report also mentions the importance of ESG aspects to stakeholders and the impact on business, but it lacks concrete data to support these claims.","CONSOL Energy Inc. acknowledges the impact of climate-related risks and opportunities on its business strategy, economic and financial performance, and financial planning. However, the report lacks concrete data and quantifiable measures to support its claims. The company aims to reduce carbon output and advance emissions control technologies, but it still relies on coal mining and lacks a clear transition plan to renewable energy sources. The report also lacks transparency on the company's lobbying activities and political engagement.","CONSOL Energy Inc.'s sustainability report mentions the need for innovation, including Carbon Capture Utilization and Storage , to achieve global aspirational goals. However, the report lacks concrete information on the company's strategy's resilience to different climate-related scenarios, including a 2°C target or lower scenario. The report mentions the effectiveness of risk management strategies, including mitigating climate-related risks, but does not provide any specific details on the resilience of the company's strategy to climate physical risks.","CONSOL Energy Inc. does not provide clear information on the processes used to identify and assess climate-related risks in its sustainability report. The report only mentions the effectiveness of risk management strategies, including mitigating climate-related risks, and the use of applicable legal requirements and good practices in the areas of community engagement, communication, mitigation of risks and impacts, and compensation .","CONSOL Energy Inc. aims to reduce carbon output, mitigate risks, and enhance value creation. They have set a goal to reduce direct operating greenhouse gas emissions by 50% by 2026. They communicate with stakeholders regarding potential risks associated with their operations early in the facility planning process. They have formed an ESG Committee consisting of employees representing various departments within the company to review sustainability policies, programs, and strategies. However, the report lacks concrete data on the specific actions taken to manage climate-related risks.","CONSOL Energy's sustainability report does not provide sufficient information on how the processes for identifying, assessing, and managing climate-related risks are integrated into the organization's overall risk management. The report only mentions the effectiveness of risk management strategies in mitigating climate-related risks, but does not provide any specific details on integration.","CONSOL Energy Inc. uses metrics such as GHG emissions and climate, water, waste, talent, and supply chain to assess climate-related risks and opportunities. These metrics help ensure that the performance is in line with its ESG-i strategy and risk management process. The company aims to reduce carbon output, mitigate risks, increase efficiency, manage costs, and advance emissions control technologies to achieve its goals.","CONSOL Energy Inc. discloses its Scope 1, Scope 2, and Scope 3 greenhouse gas emissions. The company aims to achieve net zero direct operating greenhouse gas emissions by 2040 or sooner if feasible. The risks associated with GHG emissions are not specified in the report.","CONSOL Energy Inc. has announced direct operating GHG reduction targets that align with and support their corporate strategic goals. They aim to achieve a 50% reduction in Scope 1 and 2 emissions in a 5-year period and net zero Scope 1 and 2 emissions by 2040. Future sustainability reports will include an assessment of their progress against these targets. However, it is important to note that the company is a coal mining company, and their commitment to sustainability may be questionable."
SOURCES,"[77, 78]","[30, 264, 266, 224, 52, 31, 249, 236, 265, 138, 109, 150, 54, 262, 142, 83, 263]","[264, 30, 83, 31, 262, 266, 109, 224, 54, 242, 93, 110, 150, 52, 35, 29, 14, 265, 237, 196]","[264, 30, 110, 224, 32, 109, 266, 83, 31, 236, 231, 35, 54, 265, 14, 51, 93]","[212, 264, 266]","[83, 93, 264]","[30, 264, 93, 83, 266, 224, 150, 52, 78, 213, 196, 231, 54, 53]",[264],"[31, 32, 38, 53, 54, 79, 83, 109, 110, 112, 150, 205, 224, 231, 264, 266]","[196, 266, 197, 237, 201, 202, 205]","[54, 17, 31, 205, 196]"
PAGE,[13],"[5, 6, 39, 40, 9, 42, 44, 13, 18, 24, 25]","[33, 3, 5, 6, 39, 40, 9, 41, 44, 13, 15, 18, 25]","[3, 5, 6, 39, 40, 9, 44, 13, 15, 18]","[36, 44]","[44, 13, 15]","[33, 36, 5, 39, 40, 9, 44, 13, 15, 25]",[44],"[34, 6, 7, 39, 9, 40, 44, 13, 18, 25]","[40, 33, 34, 44]","[33, 34, 3, 6, 9]"
ANALYSIS,"The sustainability report provides some information on the board's oversight of climate-related risks and opportunities. It mentions that the board reviews sustainability policies, programs, and strategies, and provides guidance to management with respect to such matters. The board also reviewed and approved the company's GHG emission reduction targets. However, the report lacks specific details on the processes and frequency by which the board and/or board committees are informed about climate-related issues. It also does not provide information on whether the board and/or board committees consider climate-related issues when reviewing and guiding strategy, major plans of action, risk management policies, annual budgets, and business plans. The report does mention how the board monitors and oversees progress against goals and targets for addressing climate-related issues. Overall, the disclosure is partially satisfactory.","The sustainability report does not provide sufficient information on management's role in assessing and managing climate-related risks and opportunities. The report does not mention whether the organization has assigned climate-related responsibilities to management-level positions or committees, nor does it describe the associated organizational structure. The report does not provide information on the processes by which management is informed about climate-related issues, nor does it describe how management monitors climate-related issues. Overall, the report lacks specific details on management's role in assessing and managing climate-related risks and opportunities.","The sustainability report provides limited information on the most relevant climate-related risks and opportunities that the organization has identified over the short, medium, and long term. The report does not provide a clear description of the specific climate-related issues potentially arising in each time horizon that could have a material financial impact on the organization. The report also does not provide a clear description of the process used to determine which risks and opportunities could have a material financial impact on the organization. While the report mentions reducing carbon output and emissions reduction targets, it does not provide a comprehensive analysis of climate-related risks and opportunities. Therefore, the report does not meet the TCFD guidelines for high-quality disclosure pertaining to the TCFD recommendation point.","The given disclosure does not provide sufficient information to meet the requirements for high-quality disclosure pertaining to the critical element of how climate-related risks and opportunities impact the organization's business strategy, economic and financial performance, and financial planning. The disclosure does not discuss how identified climate-related issues have affected their businesses, strategy, and financial planning. It does not describe the impact of climate-related issues on their financial performance and financial position. The disclosure does not reflect a holistic picture of the interdependencies among the factors that affect their ability to create value over time. The disclosure does not describe the impact of climate-related issues on their financial planning process, the time period used, and how these risks and opportunities are prioritized. The score for this disclosure is 0.","The sustainability report provides limited information on the resilience of the organization's strategy to climate-related risks and opportunities. While the report mentions the need to reduce carbon output and the potential impact of climate-related issues on financial performance, it does not provide a detailed description of how the organization's strategy would change to address potential risks and opportunities. The report also lacks information on the climate-related scenarios and associated time horizons considered. The report does mention the organization's efforts to reduce GHG emissions and achieve net-zero emissions by 2040, but it does not provide a detailed description of how the organization plans to achieve these targets. Overall, the report provides insufficient information to assess the resilience of the organization's strategy to climate-related risks and opportunities.","The sustainability report does not provide sufficient information on the organization's processes for identifying and assessing climate-related risks. The report does not describe the risk management processes for identifying and assessing climate-related risks, nor does it provide information on how the organization determines the relative significance of climate-related risks in relation to other risks. The report does not disclose whether the organization considers existing and emerging regulatory requirements related to climate change. The report does not provide information on the processes for assessing the potential size and scope of identified climate-related risks or definitions of risk terminology used or references to existing risk classification frameworks used. Overall, the report lacks the necessary components for high-quality disclosure pertaining to the critical element.","The sustainability report provides some information on the organization's processes for managing climate-related risks. It mentions the need to reduce carbon output, the formation of an ESG committee, and the setting of GHG emission reduction targets. However, the report lacks specific details on how the organization makes decisions to mitigate, transfer, accept, or control climate-related risks. It also does not describe the organization's processes for prioritizing climate-related risks or how materiality determinations are made. Overall, the disclosure is insufficient to meet the TCFD guidelines for high-quality disclosure pertaining to the TCFD recommendation point.","The sustainability report provides limited information on how the processes for identifying, assessing, and managing climate-related risks are integrated into the organization's overall risk management. While the report mentions risk management strategies and the need to reduce carbon output, it does not provide specific details on how climate-related risks are integrated into the overall risk management process. The report briefly mentions the Environmental Management System and the Emergency Readiness plans, but it does not provide sufficient information on how these systems integrate climate-related risks. Overall, the disclosure is insufficient in meeting the TCFD guidelines for high-quality disclosure pertaining to the TCFD recommendation point.","The sustainability report lacks clear and specific information on the metrics used to assess climate-related risks and opportunities. The report does not provide key metrics used to measure and manage climate-related risks and opportunities, nor does it provide metrics consistent with the cross-industry. The report does not include metrics on climate-related risks associated with water, energy, land use, and waste management where relevant and applicable. The report does not describe whether and how related performance metrics are incorporated into remuneration policies. The report does not provide internal carbon prices as well as climate-related opportunity metrics such as revenue from products and services designed for a low-carbon economy. The report does not provide forward-looking metrics for the cross-industry, consistent with their business or strategic planning time horizons. The report does not provide a description of the methodologies used to calculate or estimate climate-related metrics.","The sustainability report provides some information on the organization's Scope 1, Scope 2, and Scope 3 greenhouse gas emissions. The report discloses the total direct and indirect GHG emissions, including the breakdown of gross direct Scope 1 emissions by type of source, energy indirect  GHG emissions, and other indirect  GHG emissions. The report also mentions the organization's long-term efforts to achieve net-zero direct operating greenhouse gas emissions by 2040 or sooner. However, the report lacks details on the related risks and does not provide a description of the methodologies used to calculate or estimate the metrics. Therefore, the report partially meets the requirements for high-quality disclosure pertaining to the critical element.","The sustainability report provides some information on the organization's climate-related targets, but it lacks detail and specificity. The report mentions the organization's GHG emission reduction targets, but it does not provide information on whether the targets are absolute or intensity-based, the time frames over which the targets apply, or the base year from which progress is measured. The report also does not provide information on the key performance indicators used to assess progress against targets. While the report mentions the organization's long-term goal of achieving net-zero direct operating greenhouse gas emissions by 2040, it does not provide information on associated interim targets. Overall, the disclosure is insufficient to meet the TCFD guidelines."
SCORE,60,10,20,0,30,0,40,30,0,70,40
