,"Company name: KBR
Company sector: Professional and Commercial Services
Company location: Houston, TX, USA
Pages: 105","Company name: KBR
Company sector: Professional and Commercial Services
Company location: Houston, TX, USA
Pages: 105","Company name: KBR
Company sector: Professional and Commercial Services
Company location: Houston, TX, USA
Pages: 105","Company name: KBR
Company sector: Professional and Commercial Services
Company location: Houston, TX, USA
Pages: 105","Company name: KBR
Company sector: Professional and Commercial Services
Company location: Houston, TX, USA
Pages: 105","Company name: KBR
Company sector: Professional and Commercial Services
Company location: Houston, TX, USA
Pages: 105","Company name: KBR
Company sector: Professional and Commercial Services
Company location: Houston, TX, USA
Pages: 105","Company name: KBR
Company sector: Professional and Commercial Services
Company location: Houston, TX, USA
Pages: 105","Company name: KBR
Company sector: Professional and Commercial Services
Company location: Houston, TX, USA
Pages: 105","Company name: KBR
Company sector: Professional and Commercial Services
Company location: Houston, TX, USA
Pages: 105","Company name: KBR
Company sector: Professional and Commercial Services
Company location: Houston, TX, USA
Pages: 105"
,tcfd_1,tcfd_2,tcfd_3,tcfd_4,tcfd_5,tcfd_6,tcfd_7,tcfd_8,tcfd_9,tcfd_10,tcfd_11
ANSWER,"The board of directors at KBR oversees climate-related risks and opportunities by closely monitoring current and emerging sustainability risk management themes, including climate change. They review semiannual risk reports, including strategic, operational, financial and hazard risks, as well as management's assessment of their likelihood and impact. In 2021, KBR established a Climate Security working group dedicated to identifying and analyzing climate-related risks and opportunities. However, the report lacks concrete data and specific actions taken by the board to address climate risks.","KBR has established a Climate Security working group to identify and analyze climate-related risks and opportunities. The company's ESG subject matter experts engage with stakeholders to identify risks and opportunities. The risk analysis is a strategic internal matter not for widespread publication. KBR has developed a risk management framework that is applied to sustainability risks and opportunities, both operational and strategic in nature. The framework includes six stages: identification, assessment, analysis, mitigation, monitoring, and evaluation.","KBR has identified climate-related risks such as work stoppages, project delays, financial losses, increased insurance costs, legal liability, and reputational damage. The report mentions opportunities related to clean tech innovation and solutions, supporting and guiding customers' sustainability efforts, and reducing emissions. However, the report lacks specific details on the most relevant climate-related risks and opportunities over the short, medium, and long term.","KBR recognizes innate climate-related risks and is proactively seeking measures to mitigate them. Climate-related risks may cause work stoppages, project delays, financial losses, and additional costs. KBR measures climate and weather-related impacts on its operations and has a multi-disciplinary company-wide risk management process. KBR is addressing market risk by bringing clean tech innovation and solutions to market through its Sustainable Technology and Government Solutions. However, the report lacks concrete data and relies on vague statements, and it is unclear how KBR is addressing its legal risks related to climate change.","The report mentions that KBR recognizes innate climate-related risks and is proactively seeking measures to mitigate them. However, the report lacks specific details on the resilience of KBR's strategy in different climate-related scenarios, including a 2°C target or lower scenario. The report also lacks concrete data on the resilience of KBR's strategy when considering climate physical risks.",KBR identifies and assesses climate-related risks through a multi-disciplinary company-wide risk management process. The specific analysis undertaken of each risk is not for widespread publication. Mitigation measures include identifying chronic physical risks at a project level and developing robust data collection systems and controls to ensure accurate and auditable climate-related disclosures across the value chain.,"KBR has established a Climate Security working group to identify and analyze climate-related risks and opportunities. They measure climate and weather-related impacts on their operations and have developed a robust data collection system to ensure accurate and auditable climate-related disclosures. They are addressing market risk by bringing clean tech innovation and solutions to market through their Sustainable Technology and Government Solutions. However, the report lacks concrete actions and strategies to manage climate-related risks.","KBR integrates climate-related risks into its multi-disciplinary company-wide risk management process. However, the specific analysis undertaken of each risk is not for widespread publication. The company has established a Climate Security working group dedicated to identifying and analyzing climate-related risks and opportunities. The ERM framework enables risk management to become a core business fundamental alongside business strategy decision-making and business operations, all in the context of sustainability.","KBR uses metrics such as its Corporate Carbon Footprint and a risk management table to assess climate-related risks and opportunities. The metrics help prioritize efforts and allocate resources for managing risks. However, the specific analysis undertaken of each risk is not for widespread publication. KBR also offers clients the ability to embed adaptation and resilience into project design and delivery.","Yes, KBR discloses its Scope 1, Scope 2, and Scope 3  greenhouse gas emissions. However, no specific figures are provided. Risks related to emissions include increased project costs, restrictions on emissions, and damage to reputation.",KBR has established emission targets based on their sustainability metrics and committed to setting science-based emissions reduction targets and developing a net-zero roadmap based on the criteria and recommendations of the Science Based Targets Initiative . There is no information on how the organization is performing against these targets.
SOURCES,"[379, 377, 412]","[493, 402, 501, 390, 403, 496, 511, 500, 491, 534, 319, 504, 410, 536, 394, 404, 492, 64, 505]","[493, 511, 29, 390, 501, 500, 494, 491, 510, 503, 505, 403, 405, 496, 404, 534]","[493, 503, 504, 505, 500, 501, 511, 390]","[511, 503, 493, 491, 501, 504, 534, 390, 505, 405, 500, 510, 529, 496, 286]","[493, 390, 511]","[390, 511, 501, 319, 402, 493, 496, 504, 510, 505, 500, 491, 403, 494, 405, 490, 534]","[493, 390, 402, 492, 395, 501, 496, 405, 410, 400, 487, 36, 407, 504, 406]","[493, 512]","[494, 402, 513, 29, 498, 405, 279, 390, 510, 533, 321, 394, 501, 512]",[64]
PAGE,"[72, 73, 79]","[100, 75, 12, 77, 78, 60, 93, 94, 95]","[100, 8, 75, 77, 93, 94, 95]","[75, 93, 94, 95]","[99, 100, 75, 77, 54, 93, 94, 95]","[75, 93, 95]","[100, 75, 77, 60, 93, 94, 95]","[9, 75, 76, 77, 78, 92, 93, 94]","[93, 95]","[100, 8, 75, 77, 61, 52, 93, 94, 95]",[12]
ANALYSIS,"The sustainability report provides some information on the board's oversight of climate-related risks and opportunities. The report mentions that the board reviews semiannual risk reports, including climate-related risks, and that each board committee oversees key sustainability and corporate responsibility concerns, including climate risk. However, the report does not provide specific details on how the board is informed about climate-related issues, whether the board considers climate-related issues when reviewing and guiding strategy, and how the board monitors and oversees progress against goals and targets for addressing climate-related issues. Overall, the disclosure is insufficient in meeting the TCFD guidelines for high-quality disclosure pertaining to the TCFD recommendation point.","The given disclosure provides some information on management's role in assessing and managing climate-related risks and opportunities. It mentions that the organization has assigned climate-related responsibilities to management-level positions and committees, and that there are processes in place to inform management about climate-related issues. However, the disclosure lacks specific details on the associated organizational structure, how management monitors climate-related issues, and whether the management positions or committees report to the board or a committee of the board. Additionally, the disclosure does not provide any information on how management assesses and manages climate-related risks and opportunities. Overall, the disclosure partially meets the requirements for high-quality disclosure pertaining to the critical element of management's role in assessing and managing climate-related risks and opportunities.","The sustainability report provides some information on climate-related risks and opportunities, but it falls short of meeting the TCFD guidelines. The report does not provide a clear description of the relevant short-, medium-, and long-term time horizons, nor does it identify specific climate-related issues that could have a material financial impact on the organization. The report also lacks a description of the process used to determine which risks and opportunities could have a material financial impact on the organization. While the report mentions some risks and opportunities, it does not provide sufficient detail on how they were identified or how they will be managed. Overall, the report needs to provide more specific and detailed information to meet the TCFD guidelines.","The sustainability report provides some information on how climate-related risks and opportunities impact the organization's businesses strategy, economic and financial performance, and financial planning. The report discusses the potential impact of climate-related risks on the organization's businesses, financial condition, and operations. However, the report lacks specific details on how climate-related issues serve as an input to their financial planning process, the time period used, and how these risks and opportunities are prioritized. The report also does not describe the impact of climate-related issues on their financial performance and financial position. The report does not provide information on GHG emissions reduction commitments, targets, or specific activities intended to reduce GHG emissions in their operations and value chain or to otherwise support the transition. Overall, the report provides limited information on the impact of climate-related risks and opportunities on the organization's businesses strategy, economic and financial performance, and financial planning.","The sustainability report provides some information on the organization's resilience to climate-related risks and opportunities, but it lacks specific details on how the organization's strategy would change to address such risks and opportunities. The report mentions the potential impact of climate-related issues on financial performance and the climate-related scenarios considered, but it does not provide a comprehensive analysis of the organization's resilience to different climate-related scenarios. The report also lacks information on the time horizon considered. Overall, the report provides some information on the organization's resilience to climate-related risks and opportunities, but it could be more detailed and comprehensive.","The disclosure provides some information on the organization's processes for identifying and assessing climate-related risks. The report mentions that climate risks are integrated into the company-wide risk management process, and a Climate Security working group has been established to identify and analyze climate-related risks and opportunities. However, the report lacks specific details on how the organization determines the relative significance of climate-related risks in relation to other risks, and whether they consider existing and emerging regulatory requirements related to climate change. The report also does not disclose the processes for assessing the potential size and scope of identified climate-related risks and definitions of risk terminology used or references to existing risk classification frameworks used. Overall, the disclosure is insufficient in meeting the TCFD guidelines.","The disclosure provides some information on the organization's processes for managing climate-related risks. The report mentions the establishment of a Climate Security working group, identification of chronic physical risks, and development of data collection systems. However, the report lacks details on how the organization makes decisions to mitigate, transfer, accept, or control those risks. The report also does not provide information on how materiality determinations are made within the organization. Overall, the disclosure is insufficient in meeting the TCFD guidelines for high-quality disclosure pertaining to the TCFD recommendation point.","The sustainability report provides some information on how climate-related risks are integrated into the organization's overall risk management. The report mentions that climate risks are integrated into the company-wide risk management process, and a climate security working group has been established to identify and analyze climate-related risks and opportunities. The report also outlines the company's risk management framework, which includes six stages: identification, assessment, analysis, mitigation, monitoring, and evaluation. However, the report lacks specific details on how the company identifies, assesses, and manages climate-related risks. The report could benefit from providing more information on the specific processes and tools used to manage climate risks. Overall, the disclosure quality is moderate.","The sustainability report provides limited information on the metrics used to assess climate-related risks and opportunities. While the report mentions the use of metrics, it does not provide specific details on the metrics used or how they help ensure performance is in line with the organization's strategy and risk management process. The report does not provide metrics on climate-related risks associated with water, energy, land use, and waste management. The report does not provide information on whether and how related performance metrics are incorporated into remuneration policies. The report does not provide internal carbon prices or climate-related opportunity metrics. The report does not provide forward-looking metrics for the cross-industry. Overall, the report lacks specificity and detail on the metrics used to assess climate-related risks and opportunities.","The sustainability report provides some information on GHG emissions and related risks, but it does not meet the TCFD guidelines for high-quality disclosure. The report mentions that the company achieved carbon neutrality by offsetting its reported Scope 1, 2, and 3  emissions, and established emission targets based on sustainability metrics. However, it does not provide GHG emissions independent of a materiality assessment, nor does it disclose Scope 3 GHG emissions and related risks. The report also lacks information on the methodologies used to calculate or estimate the metrics. While the report mentions climate change and related risks, it does not provide sufficient information on the company's GHG emissions and related risks to allow for trend analysis or comparability across organizations and jurisdictions.","The sustainability report provides limited information on the targets used by the organization to manage climate-related risks and opportunities and performance against targets. The report mentions that the organization has established emission targets based on sustainability metrics and has achieved carbon neutrality by offsetting reported Scope 1, 2, and 3 emissions. However, the report does not provide details on the targets' time frames, base year, or key performance indicators used to assess progress against targets. The report also lacks information on the methodologies used to calculate targets and measures. Overall, the disclosure is insufficient in meeting the TCFD guidelines for this TCFD recommendation point."
SCORE,50,60,40,50,60,40,40,70,20,40,30
