,"Company name: Cooper Tire & Rubber Company
Company sector: Tire Manufacturing
Company location: United States
Pages: 8","Company name: Cooper Tire & Rubber Company
Company sector: Tire Manufacturing
Company location: United States
Pages: 8","Company name: Cooper Tire & Rubber Company
Company sector: Tire Manufacturing
Company location: United States
Pages: 8","Company name: Cooper Tire & Rubber Company
Company sector: Tire Manufacturing
Company location: United States
Pages: 8","Company name: Cooper Tire & Rubber Company
Company sector: Tire Manufacturing
Company location: United States
Pages: 8","Company name: Cooper Tire & Rubber Company
Company sector: Tire Manufacturing
Company location: United States
Pages: 8","Company name: Cooper Tire & Rubber Company
Company sector: Tire Manufacturing
Company location: United States
Pages: 8","Company name: Cooper Tire & Rubber Company
Company sector: Tire Manufacturing
Company location: United States
Pages: 8","Company name: Cooper Tire & Rubber Company
Company sector: Tire Manufacturing
Company location: United States
Pages: 8","Company name: Cooper Tire & Rubber Company
Company sector: Tire Manufacturing
Company location: United States
Pages: 8","Company name: Cooper Tire & Rubber Company
Company sector: Tire Manufacturing
Company location: United States
Pages: 8"
,tcfd_1,tcfd_2,tcfd_3,tcfd_4,tcfd_5,tcfd_6,tcfd_7,tcfd_8,tcfd_9,tcfd_10,tcfd_11
ANSWER,The sustainability report does not provide any specific information on how the company's board oversees climate-related risks and opportunities. There is no mention of the board's direct involvement in climate-related issues.,"Cooper Tire & Rubber Company's sustainability report does not provide a clear description of the role of management in assessing and managing climate-related risks and opportunities. The report only mentions that the company will focus on using natural resources wisely, reducing greenhouse gas emissions, and preserving the natural environment at its operating locations. However, it does not provide any specific information on how management is involved in these efforts.","The sustainability report of Cooper Tire & Rubber Company does not provide a clear identification of climate-related risks and opportunities over the short, medium, and long term. Although the report mentions the reduction of greenhouse gas emissions and energy consumption, it lacks specific targets and timelines to address climate change. The report also lacks information on the company's exposure to physical and transition risks associated with climate change.","Cooper Tire & Rubber Company's sustainability strategy focuses on three pillars: employee health and safety, community engagement, and natural resource efficiency. The company aims to provide sustainable products that are safe, optimize water usage, and consider the use of more sustainable materials. The report highlights the company's commitment to reducing energy consumption and greenhouse gas emissions, and its focus on employee safety through the Safety Excellence System  and the 'Drive to Zero' campaign.","The report does not provide sufficient information to determine the resilience of Cooper Tire & Rubber Company's strategy in different climate-related scenarios or physical risks. The report only outlines the company's sustainability strategy and highlights its efforts to reduce energy and water usage, greenhouse gas emissions, and improve employee safety. However, there is no mention of specific actions or plans to address climate-related risks or scenarios.",The report does not provide specific information on the processes used by Cooper Tire & Rubber Company to identify and assess climate-related risks.,"Cooper Tire & Rubber Company manages climate-related risks by focusing on sustainable products, reducing energy and water usage, and waste. They have a Safety Excellence System  and a “Drive to Zero” campaign to achieve a zero injury workplace. They have reduced energy consumption and greenhouse gas emissions intensity. They also participate in environmental stewardship initiatives and work with the U.S. Tire Manufacturers Association to address deforestation concerns.","The report does not provide specific information on how the processes for identifying, assessing, and managing climate-related risks are integrated into the organization's overall risk management.","The report does not provide specific metrics used by Cooper Tire & Rubber Company to assess climate-related risks and opportunities. However, the report highlights the company's focus on reducing energy and water usage, greenhouse gas emissions, and waste. The report also mentions the company's commitment to sustainable products and philanthropy. It is unclear how these metrics help ensure that the performance is in line with its strategy and risk management process.","Cooper Tire & Rubber Company discloses its Scope 1 and Scope 2 GHG emissions, but there is no mention of Scope 3 emissions. The report states that GHG emissions are reduced as Cooper focuses on energy conservation. The related risks are not specified in the report.","The report does not provide specific targets used by Cooper Tire & Rubber Company to understand/quantify/benchmark climate-related risks and opportunities. However, the report highlights the company's focus on reducing energy and water usage, waste, and greenhouse gas emissions. The report also indicates that Cooper has been successful in reducing energy usage intensity and greenhouse gas emissions usage intensity since 2013. No information is provided on how the company is performing against these targets."
SOURCES,[],"[2, 3, 5]","[2, 3, 5, 7, 15, 49, 53, 54, 59]","[1, 2, 4, 5, 9, 11, 14, 15, 26, 27, 29, 30, 40, 42, 49, 54, 59]","[1, 2, 4, 5, 7, 12, 15, 18, 23, 26, 27, 29, 30, 40, 49, 50, 53, 54]","[40, 12, 2, 29, 54, 3, 49, 59, 52, 5, 50, 42, 30, 1, 9, 26, 27, 47, 58, 4]","[2, 3, 5, 12, 15, 16, 26, 27, 29, 30, 40, 49, 50, 52, 58, 59]","[12, 40, 2, 3, 29, 4, 1, 54, 27, 26, 30, 5, 52, 49, 59, 50, 47, 0, 42]","[2, 12, 40, 1, 5, 30, 3, 54, 0, 49, 29, 7, 18, 50, 59, 23, 13, 42, 27]","[15, 16, 40, 5, 14]","[2, 5, 15, 18]"
PAGE,[],"[1, 2]","[1, 2, 3, 6, 7]","[1, 2, 3, 4, 5, 6, 7]","[1, 2, 3, 4, 5, 6, 7]","[1, 2, 4, 5, 6, 7]","[1, 2, 3, 4, 5, 6, 7]","[1, 2, 4, 5, 6, 7]","[1, 2, 3, 4, 5, 6, 7]","[2, 3, 5]","[1, 2, 3]"
ANALYSIS,"The given disclosure does not provide any information on how the company's board oversees climate-related risks and opportunities. The report does not meet any of the requirements outlined for high-quality disclosure pertaining to the critical element. Instead, the report focuses on the company's sustainability strategy, environmental performance highlights, and community engagement initiatives. While the report provides some information on the company's activities and performance in terms of its planet, people, and products, it does not provide any specific details on how the board is informed about climate-related issues, whether the board considers climate-related issues when reviewing and guiding strategy, and how the board monitors and oversees progress against goals and targets for addressing climate-related issues.","The sustainability report does not provide any information on management's role in assessing and managing climate-related risks and opportunities. The report does not mention whether the organization has assigned climate-related responsibilities to management-level positions or committees, nor does it describe the associated organizational structure. The report also does not provide any information on the processes by which management is informed about climate-related issues or how management monitors climate-related issues. As a result, the report does not meet any of the requirements for high-quality disclosure pertaining to the critical element of management's role in assessing and managing climate-related risks and opportunities.","The sustainability report does not provide any information on the most relevant climate-related risks and opportunities that the organization has identified over the short, medium, and long term. The report does not meet any of the requirements outlined for this critical element. Instead, the report focuses on the company's commitment to sustainability and its efforts to reduce energy and water usage, waste generation, and greenhouse gas emissions. The report also highlights the company's focus on employee health and safety and community engagement. However, these disclosures do not provide any information on the company's climate-related risks and opportunities.","The given sustainability report does not provide any meaningful information regarding how climate-related risks and opportunities impact the organization's businesses strategy, economic and financial performance, and financial planning. The report does not discuss how identified climate-related issues have affected their businesses, strategy, and financial planning. The report does not describe the impact of climate-related issues on their financial performance and financial position. The report does not describe how climate-related issues serve as an input to their financial planning process, the time period used, and how these risks and opportunities are prioritized. The report does not describe the impact of climate-related scenarios on the organization's strategy and financial planning. The report does not describe their plans for transitioning to a low-carbon economy.","The sustainability report does not provide any information on how resilient the organization's strategy is when considering different climate-related scenarios, including a 2°C target or lower scenario. There is no discussion on how the organization's strategies might change to address potential risks and opportunities. The report does not provide any information on the potential impact of climate-related issues on financial performance and financial position. The report does not mention any climate-related scenarios and associated time horizon considered. Therefore, the report does not meet any of the requirements for this critical element.","The given sustainability report does not provide any information on the processes used by the organization to identify and assess climate-related risks. The report does not describe the risk management processes for identifying and assessing climate-related risks, nor does it provide any information on how the organization determines the relative significance of climate-related risks in relation to other risks. The report does not disclose whether the organization considers existing and emerging regulatory requirements related to climate change or other relevant factors. The report also does not disclose the processes for assessing the potential size and scope of identified climate-related risks or definitions of risk terminology used or references to existing risk classification frameworks used. Therefore, the report does not meet any of the requirements for high-quality disclosure pertaining to the critical element of identifying and assessing climate-related risks.","The given disclosure does not provide any information on how the organization manages climate-related risks. The report only mentions the organization's commitment to sustainability and reducing energy and water usage. There is no description of the processes for managing climate-related risks, including how they make decisions to mitigate, transfer, accept, or control those risks. Additionally, there is no information on how materiality determinations are made within the organization. Therefore, the report does not meet any of the requirements for high-quality disclosure pertaining to the critical element of how the organization manages climate-related risks.","The given report's disclosure does not provide any information on how the organization integrates its processes for identifying, assessing, and managing climate-related risks into its overall risk management. The report mainly focuses on the company's sustainability strategy, environmental performance, and employee safety. Although the report mentions the company's commitment to reducing greenhouse gas emissions and using natural resources wisely, it does not provide any details on how the company manages climate-related risks. Therefore, the report does not meet the TCFD guidelines for high-quality disclosure on the TCFD recommendation point.","The sustainability report does not provide any information on the metrics used by the organization to assess climate-related risks and opportunities. There is no mention of any key metrics used to measure and manage climate-related risks and opportunities, nor are there any metrics consistent with the cross-industry. The report does not provide any information on climate-related risks associated with water, energy, land use, and waste management. There is no mention of whether and how related performance metrics are incorporated into remuneration policies. The report does not provide any internal carbon prices or climate-related opportunity metrics such as revenue from products and services designed for a low-carbon economy. The report does not provide any historical or forward-looking metrics for the cross-industry, nor does it describe the methodologies used to calculate or estimate climate-related metrics.","The sustainability report provides some information on greenhouse gas emissions, but it does not meet the requirements for high-quality disclosure. The report does not disclose Scope 1, Scope 2, and Scope 3 GHG emissions independently of a materiality assessment, nor does it provide related risks. The report does not provide GHG emissions and associated metrics for historical periods to allow for trend analysis. The report does not describe the methodologies used to calculate or estimate the metrics. The report does not provide generally accepted industry-specific GHG efficiency ratios. The report does not consider disclosing Scope 3 GHG emissions. The report does not calculate GHG emissions in line with the GHG Protocol methodology to allow for aggregation and comparability across organizations and jurisdictions.","The given disclosure does not provide any information on the targets used by the organization to manage climate-related risks and opportunities and performance against targets. The report only mentions the reduction of energy and water usage and greenhouse gas emissions intensity, but it does not provide any details on the targets, time frames, base year, or key performance indicators used to assess progress against targets. The report also lacks a description of the methodologies used to calculate targets and measures. Therefore, the report does not meet any of the requirements for high-quality disclosure pertaining to the critical element of targets used to understand/quantify/benchmark climate-related risks and opportunities and performance against targets."
SCORE,0,0,0,0,0,0,0,0,0,20,0
