,"Company name: Avaya Inc.
Company sector: Software and Communications Technology
Company location: 117 worldwide locations including North America, Europe, Middle East, Africa, India, Germany, Asia Pacific, Central and Latin America
Pages: 43","Company name: Avaya Inc.
Company sector: Software and Communications Technology
Company location: 117 worldwide locations including North America, Europe, Middle East, Africa, India, Germany, Asia Pacific, Central and Latin America
Pages: 43","Company name: Avaya Inc.
Company sector: Software and Communications Technology
Company location: 117 worldwide locations including North America, Europe, Middle East, Africa, India, Germany, Asia Pacific, Central and Latin America
Pages: 43","Company name: Avaya Inc.
Company sector: Software and Communications Technology
Company location: 117 worldwide locations including North America, Europe, Middle East, Africa, India, Germany, Asia Pacific, Central and Latin America
Pages: 43","Company name: Avaya Inc.
Company sector: Software and Communications Technology
Company location: 117 worldwide locations including North America, Europe, Middle East, Africa, India, Germany, Asia Pacific, Central and Latin America
Pages: 43","Company name: Avaya Inc.
Company sector: Software and Communications Technology
Company location: 117 worldwide locations including North America, Europe, Middle East, Africa, India, Germany, Asia Pacific, Central and Latin America
Pages: 43","Company name: Avaya Inc.
Company sector: Software and Communications Technology
Company location: 117 worldwide locations including North America, Europe, Middle East, Africa, India, Germany, Asia Pacific, Central and Latin America
Pages: 43","Company name: Avaya Inc.
Company sector: Software and Communications Technology
Company location: 117 worldwide locations including North America, Europe, Middle East, Africa, India, Germany, Asia Pacific, Central and Latin America
Pages: 43","Company name: Avaya Inc.
Company sector: Software and Communications Technology
Company location: 117 worldwide locations including North America, Europe, Middle East, Africa, India, Germany, Asia Pacific, Central and Latin America
Pages: 43","Company name: Avaya Inc.
Company sector: Software and Communications Technology
Company location: 117 worldwide locations including North America, Europe, Middle East, Africa, India, Germany, Asia Pacific, Central and Latin America
Pages: 43","Company name: Avaya Inc.
Company sector: Software and Communications Technology
Company location: 117 worldwide locations including North America, Europe, Middle East, Africa, India, Germany, Asia Pacific, Central and Latin America
Pages: 43"
,tcfd_1,tcfd_2,tcfd_3,tcfd_4,tcfd_5,tcfd_6,tcfd_7,tcfd_8,tcfd_9,tcfd_10,tcfd_11
ANSWER,"The Avaya Board of Directors oversees climate-related risks and opportunities through its Nominating and Corporate Governance Committee, which has overall responsibility for ESG strategy and programs, climate change, environmental protection, and employee health, safety, and wellness. The Board also committed to setting near-term company-wide emissions reduction targets in line with climate science with the Science Based Targets initiative .","Avaya's Board of Directors oversees enterprise risk management, while CEO direct reports are responsible for managing risks in their assigned areas of responsibility, with oversight by the Board and its committees. Avaya committed to setting near-term company-wide emissions reduction targets in line with climate science with the Science Based Targets initiative .","Avaya Inc. has identified climate change as a material issue and has committed to setting near-term company-wide emissions reduction targets in line with climate science. The company has exceeded its 2020 emissions reduction target and plans to purchase renewable energy and work with its supply chain to further reduce emissions. Avaya also considers water risk in its operations and collects used electronic equipment and batteries from customers. However, the report lacks specific information on the most relevant climate-related risks and opportunities over the short, medium, and long term.","Avaya's sustainability report mentions its commitment to setting a science-based target and continued reduction of emissions, as well as leveraging sustainability to drive innovation. However, the report lacks concrete data on how climate-related risks and opportunities impact the organization's business strategy, economic and financial performance, and financial planning.","Avaya has committed to setting near-term company-wide emissions reduction targets in line with climate science and has exceeded its 2020 emissions reduction target. However, the report lacks specific information on how resilient the organization's strategy is when considering different climate-related scenarios, including a 2°C target or lower scenario, and climate physical risks.","Avaya uses surveys and questionnaires from various organizations such as GRI, SASB, CDP, S&P Global, and EcoVadis to identify and assess climate-related risks. They also consider regulations and partner with compliance organizations to meet their collection and recycling obligations. Avaya has committed to setting near-term company-wide emissions reduction targets in line with climate science with the Science Based Targets initiative .","Avaya committed to setting near-term company-wide emissions reduction targets in line with climate science with the Science Based Targets initiative . Going forward, they plan to purchase renewable energy and work with their supply chain to further reduce emissions. Avaya exceeded its 2020 emissions reduction target by reducing Scope 1 and Scope 2 emissions by 65% and Scope 3 emissions from business travel by 49% from 2014 levels. They report their carbon footprint annually to CDP and have committed to set near-term company-wide emissions reduction targets in line with climate science.","The report does not provide a clear and detailed explanation of how the processes for identifying, assessing, and managing climate-related risks are integrated into the organization's overall risk management. While the report mentions the Board's responsibility for overall risk oversight and strategy, executive management's determination of risk appetite, and the role of Internal Audit in enterprise risk management, it does not provide specific information on how climate-related risks are integrated into these processes.","Avaya Inc. uses various metrics to assess climate-related risks and opportunities, including surveys distributed to employees and external stakeholders, Global Reporting Initiative  Sustainability Standards, Sustainability Accounting Standards Board  standards, CDP's Climate Change and Water Security questionnaires, S&P Global Corporate Sustainability Assessment, United Nations Sustainable Development Goals, sustainability disclosures from peer companies, and EcoVadis Sustainability Assessment. These metrics help ensure that the performance is in line with its strategy and risk management process by identifying and prioritizing the ESG issues that matter most to the company and stakeholders and informing its strategy.","Avaya Inc. discloses its Scope 1, Scope 2, and Scope 3 greenhouse gas emissions. The company's total GHG emissions decreased from 2018 to 2021. The report does not provide specific risks related to GHG emissions, but Avaya committed to setting near-term company-wide emissions reduction targets in line with climate science with the Science Based Targets initiative .","Avaya Inc. uses the CDP's Climate Change and Water Security questionnaires, Global Reporting Initiative  Sustainability Standards, Sustainability Accounting Standards Board  standards, S&P Global Corporate Sustainability Assessment, United Nations Sustainable Development Goals, and sustainability disclosures from peer companies to understand/quantify/benchmark climate-related risks and opportunities. The report does not provide information on how the organization is performing against these targets."
SOURCES,"[173, 175, 177, 14, 41]","[42, 53, 175, 14]","[14, 41, 43, 47, 148, 168]","[7, 14, 39]","[14, 43]","[42, 43, 53, 7, 45, 177, 175, 179, 168, 39, 14, 108, 13, 41, 44, 149]","[14, 13, 148, 168, 3]","[42, 53, 175]","[42, 43]","[207, 42, 148, 53, 44, 14]","[42, 43]"
PAGE,"[2, 7, 30, 31]","[9, 2, 31, 7]","[2, 7, 9, 26, 29]","[2, 7]","[2, 7]","[32, 2, 7, 8, 9, 18, 26, 29, 31]","[1, 2, 26, 29]","[9, 31, 7]",[7],"[2, 38, 7, 8, 9, 26]",[7]
ANALYSIS,"The sustainability report provides limited information on how the company's board oversees climate-related risks and opportunities. While the report mentions that the full board is briefed regularly on the company's ESG performance, it does not provide any details on the processes and frequency by which the board and/or board committees are informed about climate-related issues. The report also does not discuss whether the board and/or board committees consider climate-related issues when reviewing and guiding strategy, risk management policies, and business plans. Additionally, the report does not provide any information on how the board monitors and oversees progress against goals and targets for addressing climate-related issues. Overall, the disclosure is insufficient to meet the requirements for high-quality disclosure pertaining to the critical element of how the company's board oversees climate-related risks and opportunities.","The given sustainability report does not provide sufficient information on management's role in assessing and managing climate-related risks and opportunities. The report does not mention whether the organization has assigned climate-related responsibilities to management-level positions or committees, nor does it describe the associated organizational structure. The report does not provide information on the processes by which management is informed about climate-related issues, nor does it describe how management monitors climate-related issues. Overall, the report lacks specific details on management's role in assessing and managing climate-related risks and opportunities.","The given disclosure does not provide a clear description of the most relevant climate-related risks and opportunities that the organization has identified over the short, medium, and long term. The report lacks a description of specific climate-related issues potentially arising in each time horizon that could have a material financial impact on the organization. The report does not provide a description of the process used to determine which risks and opportunities could have a material financial impact on the organization. The report does not consider providing a description of their risks and opportunities by sector and/or geography, as appropriate. Overall, the disclosure is insufficient in meeting the requirements for high-quality disclosure pertaining to the critical element.","The given sustainability report does not provide sufficient information to meet the requirements for this critical element. The report does not discuss how climate-related risks and opportunities impact the organization's business strategy, economic and financial performance, and financial planning. The report only briefly mentions the company's commitment to setting science-based targets and reducing emissions. The report does not provide any information on how climate-related issues serve as an input to the company's financial planning process, the time period used, and how these risks and opportunities are prioritized. The report does not describe the impact of climate-related issues on the company's financial performance and financial position. Overall, the report lacks specific details and does not provide a holistic picture of the interdependencies among the factors that affect the company's ability to create value over time.","The given sustainability report does not provide sufficient information to rate the organization's strategy's resilience to climate-related risks and opportunities. The report does not discuss how the organization's strategies might change to address potential risks and opportunities, the potential impact of climate-related issues on financial performance and position, and the climate-related scenarios and associated time horizon considered. The report only mentions the organization's commitment to setting a science-based target and reducing emissions. While the report discusses climate change and its impact on the organization, it does not provide a comprehensive analysis of the organization's strategy's resilience to climate-related risks and opportunities.","The given sustainability report provides limited information on the processes used by Avaya to identify and assess climate-related risks. While the report mentions the use of surveys and assessments to identify material ESG topics, it does not provide a clear description of the risk management processes used to identify and assess climate-related risks. The report does not disclose how Avaya determines the relative significance of climate-related risks in relation to other risks, nor does it provide a clear description of the factors considered. The report does not disclose the processes used to assess the potential size and scope of identified climate-related risks or provide definitions of risk terminology used or references to existing risk classification frameworks used. As a result, the report does not fully satisfy the TCFD guidelines.","The sustainability report provides some information on how the organization manages climate-related risks. It mentions that Avaya has committed to setting a science-based target and reducing emissions, and it reports its carbon footprint annually to CDP. However, the report lacks specific details on how the organization makes decisions to mitigate, transfer, accept, or control climate-related risks. It also does not describe its processes for prioritizing climate-related risks or how materiality determinations are made within the organization. Overall, the disclosure is insufficient in meeting the TCFD guidelines for high-quality disclosure pertaining to the TCFD recommendation point.","The sustainability report provides some information on how climate-related risks are integrated into the organization's overall risk management. The report mentions that the Board is responsible for overall risk oversight and strategy, and enterprise risk management is facilitated by Internal Audit and overseen by the Audit Committee. However, the report lacks specific details on how climate-related risks are identified, assessed, and managed within the organization's overall risk management. The report mentions some initiatives related to climate change, such as setting a science-based target and reducing emissions, but it does not provide a clear picture of how these initiatives are integrated into the organization's overall risk management. Therefore, the report partially meets the TCFD guidelines for high-quality disclosure pertaining to the TCFD recommendation point.","The sustainability report lacks clear and specific information on the metrics used to assess climate-related risks and opportunities. The report mentions various standards and questionnaires used, but it does not provide any details on the specific metrics used to measure and manage climate-related risks and opportunities. The report does not provide any historical or forward-looking metrics, nor does it describe the methodologies used to calculate or estimate climate-related metrics. The report does mention the company's commitment to setting a science-based target and purchasing renewable energy, but it does not provide any specific metrics related to these commitments. Overall, the report fails to meet most of the TCFD guidelines for high-quality disclosure pertaining to the TCFD recommendation point.","The sustainability report provides a comprehensive disclosure of Scope 1, Scope 2, and Scope 3 GHG emissions, and the related risks. The report also includes GHG emissions intensity ratios and historical data for trend analysis. However, the report does not provide a description of the methodologies used to calculate or estimate the metrics. The report also lacks information on generally accepted industry-specific GHG efficiency ratios. Overall, the report meets most of the requirements for high-quality disclosure pertaining to the critical element of GHG emissions disclosure, but there is room for improvement in terms of providing more detailed information on the methodologies used to calculate the metrics and industry-specific ratios.","The given sustainability report does not provide sufficient information on the targets used by the organization to manage climate-related risks and opportunities and performance against targets. While the report mentions the company's commitment to setting a science-based target and reducing emissions, it does not provide details on the targets' time frames, base year, or key performance indicators used to assess progress against targets. The report also lacks information on the methodologies used to calculate targets and measures. The report mentions some relevant frameworks and surveys used by the company, but it does not provide any specific information on the targets set by the company. Overall, the report does not meet the majority of the TCFD guidelines."
SCORE,20,10,0,10,20,30,40,60,20,85,20
