,"Company name: Duke Realty
Company sector: Commercial Real Estate
Company location: United States
Pages: 12","Company name: Duke Realty
Company sector: Commercial Real Estate
Company location: United States
Pages: 12","Company name: Duke Realty
Company sector: Commercial Real Estate
Company location: United States
Pages: 12","Company name: Duke Realty
Company sector: Commercial Real Estate
Company location: United States
Pages: 12","Company name: Duke Realty
Company sector: Commercial Real Estate
Company location: United States
Pages: 12","Company name: Duke Realty
Company sector: Commercial Real Estate
Company location: United States
Pages: 12","Company name: Duke Realty
Company sector: Commercial Real Estate
Company location: United States
Pages: 12","Company name: Duke Realty
Company sector: Commercial Real Estate
Company location: United States
Pages: 12","Company name: Duke Realty
Company sector: Commercial Real Estate
Company location: United States
Pages: 12","Company name: Duke Realty
Company sector: Commercial Real Estate
Company location: United States
Pages: 12","Company name: Duke Realty
Company sector: Commercial Real Estate
Company location: United States
Pages: 12"
,tcfd_1,tcfd_2,tcfd_3,tcfd_4,tcfd_5,tcfd_6,tcfd_7,tcfd_8,tcfd_9,tcfd_10,tcfd_11
ANSWER,"The sustainability report does not provide specific information on how Duke Realty's board oversees climate-related risks and opportunities. However, the report mentions that the company is committed to strong principles, a nonpartisan governance structure, and compliance with applicable laws, rules, regulations, and policies. The board is comprised of 10 highly respected, knowledgeable, and independent business professionals, and the four standing committees of the board provide high-level guidance on matters affecting the business.","Duke Realty's sustainability report does not provide a clear description of the role of management in assessing and managing climate-related risks and opportunities. Although the report mentions the company's commitment to environmental responsibility, it lacks specific information on how management is involved in this process.","Duke Realty's sustainability report does not provide a clear identification of climate-related risks and opportunities over the short, medium, and long term. The report only mentions the company's commitment to environmental responsibility and sustainable practices in developing, constructing, and managing its facilities. However, it lacks specific and quantifiable data to support its claims.","Duke Realty's sustainability report mentions their commitment to environmental, social, and governance initiatives. They have invested in an environmental data management system to reduce energy use and have increased sustainability awareness among associates. They also conduct due diligence to minimize costs and reduce the need for additional work. However, the report lacks concrete data on how climate-related risks and opportunities impact their business strategy, economic and financial performance, and financial planning.","The report does not provide sufficient information to evaluate the resilience of Duke Realty's strategy in different climate-related scenarios or physical risks. The report only mentions the company's commitment to sustainability and environmental responsibility, but lacks concrete data or specific actions taken to address climate risks.","Duke Realty invested in an environmental data management system in 2016 to measure and identify ways to reduce energy use. They also work with their environmental management provider to add data into ENERGY STAR’s Portfolio Manager to benchmark performance and gauge usage and performance in their properties. However, the report lacks specific information on how they identify and assess climate-related risks.","Duke Realty manages climate-related risks by using sustainable practices in developing, constructing, and managing their facilities. They invested in an environmental data management system to measure and identify ways to reduce energy use. They also use high-efficiency lighting, water-efficient plumbing fixtures, and native, drought-tolerant plantings and trees to reduce water use and control soil erosion. They have a commitment to corporate practices that balance continuous improvement in environmental, social, and corporate governance initiatives.","The report does not provide a clear and specific answer to the question. While the report mentions Duke Realty's commitment to sustainability, it does not provide any concrete information on how the company integrates climate-related risks into its overall risk management. There is no mention of specific processes or actions taken to identify, assess, or manage climate-related risks.","Duke Realty does not provide specific metrics used to assess climate-related risks and opportunities in its sustainability report. However, the company has invested in an environmental data management system and added data into ENERGY STAR’s Portfolio Manager to better gauge usage and performance in its properties. The company also utilizes high-efficiency lighting systems and incorporates sustainable elements in new development projects.","The report does not disclose Duke Realty's Scope 1, Scope 2, and Scope 3 greenhouse gas emissions. Therefore, no specific figures or data on these emissions are available. The report mentions that energy consumption is a primary concern, and the company invested in an environmental data management system to measure and identify ways to reduce energy use. However, no specific risks related to GHG emissions are mentioned.","Duke Realty's sustainability report does not provide specific targets to understand/quantify/benchmark climate-related risks and opportunities. However, the company has invested in an environmental data management system and added data into ENERGY STAR’s Portfolio Manager to better gauge usage and performance in their properties. Duke Realty has also completed retrofits to high-efficiency lighting in 25 buildings, resulting in more than 9.3 million kilowatt hours of savings compared to prior in-place, less efficient lighting. The report also highlights the company's commitment to sustainability education and wellness programs for associates."
SOURCES,"[33, 34]","[6, 10]","[2, 3, 4, 6, 10, 11, 12, 18, 19, 20, 21, 24, 25, 32, 33, 34, 35]","[6, 10, 12, 13, 20]","[6, 9, 10, 11, 12, 13, 16, 17, 18, 19, 20, 21, 22, 23, 25]","[10, 4]","[6, 10, 11, 12, 16, 17, 19]",[],"[8, 10, 11, 16, 19]",[10],"[10, 11, 8, 20, 21, 18]"
PAGE,[10],"[3, 4]","[2, 3, 4, 5, 7, 8, 10]","[3, 4, 5, 7]","[3, 4, 5, 6, 7, 8]","[2, 4]","[3, 4, 5, 6, 7]",[],"[4, 6, 7]",[4],"[4, 7]"
ANALYSIS,"The sustainability report does not provide any information on how the company's board oversees climate-related risks and opportunities. There is no discussion of the processes and frequency by which the board and/or board committees are informed about climate-related issues, whether the board and/or board committees consider climate-related issues when reviewing and guiding strategy, major plans of action, risk management policies, annual budgets, and business plans, or how the board monitors and oversees progress against goals and targets for addressing climate-related issues. As a result, the report fails to meet any of the requirements for high-quality disclosure pertaining to the critical element of how the company's board oversees climate-related risks and opportunities.","The sustainability report does not provide any information on the role of management in assessing and managing climate-related risks and opportunities. The report does not mention whether the organization has assigned climate-related responsibilities to management-level positions or committees, the associated organizational structure, processes by which management is informed about climate-related issues, or how management monitors climate-related issues. The report focuses on the company's commitment to sustainability and its initiatives to reduce energy consumption and improve environmental performance. However, it does not provide any information on how the company manages climate-related risks and opportunities. Therefore, the report does not meet any of the requirements for high-quality disclosure pertaining to the critical element of management's role in assessing and managing climate-related risks and opportunities.","The sustainability report provided by Duke Realty does not meet the requirements for disclosing the most relevant climate-related risks and opportunities that the organization has identified over the short, medium, and long term. The report does not provide a description of the specific climate-related issues potentially arising in each time horizon that could have a material financial impact on the organization. Additionally, the report does not describe the process used to determine which risks and opportunities could have a material financial impact on the organization. The report only provides general information about the company's commitment to sustainability and environmental responsibility. Therefore, the report does not provide sufficient information to assess the company's climate-related risks and opportunities.","The sustainability report provided by Duke Realty does not meet the requirements for high-quality disclosure pertaining to the critical element of how climate-related risks and opportunities impact the organization's business strategy, economic and financial performance, and financial planning. The report lacks any specific information on how climate-related risks and opportunities have affected their businesses, strategy, and financial planning. The report does not provide any information on the impact of climate-related issues on their financial performance and financial position. The report does not describe how climate-related issues serve as an input to their financial planning process, the time period used, and how these risks and opportunities are prioritized. The report does not describe the impact of climate-related issues on their operations, supply chain, and investment in research and development. The report does not describe their plans for transitioning to a low-carbon economy, which could include GHG emissions targets and specific activities intended to reduce GHG emissions in their operations and value chain or to otherwise support the transition.","The sustainability report does not provide any information on the resilience of the organization's strategy when considering different climate-related scenarios, including a 2°C target or lower scenario. There is no discussion on how the organization's strategies might change to address potential risks and opportunities. The report does not provide any information on the potential impact of climate-related issues on financial performance and financial position. The report does not mention any climate-related scenarios and associated time horizon considered. Therefore, the report does not meet any of the requirements for high-quality disclosure pertaining to the critical element. The report focuses on the company's sustainability initiatives, including environmental responsibility, diversity and inclusion, and community service and support.","The sustainability report does not provide sufficient information on the processes used by Duke Realty to identify and assess climate-related risks. The report does not describe the risk management processes used to identify and assess climate-related risks, nor does it provide information on how the organization determines the relative significance of climate-related risks in relation to other risks. The report does not disclose whether the organization considers existing and emerging regulatory requirements related to climate change or other relevant factors. The report also does not disclose the processes used to assess the potential size and scope of identified climate-related risks or definitions of risk terminology used or references to existing risk classification frameworks used. As a result, the report does not meet the requirements for high-quality disclosure pertaining to the critical element of identifying and assessing climate-related risks.","The given sustainability report does not provide sufficient information on how Duke Realty manages climate-related risks. The report only mentions the company's commitment to sustainability and environmental responsibility, but does not describe any specific processes for managing climate-related risks or how materiality determinations are made. The report does mention some initiatives related to energy efficiency, waste reduction, and environmental management, but these are not sufficient to meet the requirements for high-quality disclosure on climate-related risks management. Therefore, the report scores 0 out of 100.","The given sustainability report does not provide any information on how the processes for identifying, assessing, and managing climate-related risks are integrated into the organization's overall risk management. The report only provides information on the company's sustainability initiatives, such as energy consumption reduction, environmental data management system, and sustainable practices in developing and managing facilities. While these initiatives are commendable, they do not provide any insight into how the company is managing climate-related risks. Therefore, the report does not meet the TCFD guidelines for high-quality disclosure pertaining to the TCFD recommendation point.",The sustainability report provided by Duke Realty does not meet the requirements for disclosing the metrics used to assess climate-related risks and opportunities. The report does not provide any specific metrics or methodologies used to measure and manage climate-related risks and opportunities. The report only mentions the company's concern for energy consumption and the use of an environmental data management system to measure and identify ways to reduce energy use. The report does not provide any metrics for historical periods or forward-looking metrics for the cross-industry. The report does not mention whether and how related performance metrics are incorporated into remuneration policies. The report does not provide internal carbon prices or climate-related opportunity metrics such as revenue from products and services designed for a low-carbon economy.,"The sustainability report does not provide any information on the organization's Scope 1, Scope 2, and Scope 3 greenhouse gas  emissions. The report does not meet any of the TCFD guidelines outlined for high-quality disclosure pertaining to the TCFD recommendation point. The report only provides general information on the organization's commitment to sustainability and environmental responsibility. While the report mentions the use of an environmental data management system and ENERGY STAR's Portfolio Manager, it does not provide any specific information on GHG emissions or related risks. The report does not provide any historical data or methodologies used to calculate or estimate GHG emissions. As a result, the report receives a score of 0.","The sustainability report does not provide any information on the targets used by the organization to manage climate-related risks and opportunities and performance against targets. The report only provides general information on the company's commitment to sustainability and environmental responsibility. The report does not describe any specific targets related to GHG emissions, water usage, energy usage, or other goals. The report does not provide any information on whether the targets are absolute or intensity-based, time frames over which the target applies, base year from which progress is measured, or key performance indicators used to assess progress against targets. The report does not describe the methodologies used to calculate targets and measures. Therefore, the report does not meet any of the requirements for high-quality disclosure pertaining to the critical element."
SCORE,0,0,0,0,0,0,0,0,10,0,0
