,"Company name: Ally Financial, Inc
Company sector: Financial Services
Company location: Headquarters located in 200 Renaissance Center, Detroit, Michigan, United States
Pages: 55","Company name: Ally Financial, Inc
Company sector: Financial Services
Company location: Headquarters located in 200 Renaissance Center, Detroit, Michigan, United States
Pages: 55","Company name: Ally Financial, Inc
Company sector: Financial Services
Company location: Headquarters located in 200 Renaissance Center, Detroit, Michigan, United States
Pages: 55","Company name: Ally Financial, Inc
Company sector: Financial Services
Company location: Headquarters located in 200 Renaissance Center, Detroit, Michigan, United States
Pages: 55","Company name: Ally Financial, Inc
Company sector: Financial Services
Company location: Headquarters located in 200 Renaissance Center, Detroit, Michigan, United States
Pages: 55","Company name: Ally Financial, Inc
Company sector: Financial Services
Company location: Headquarters located in 200 Renaissance Center, Detroit, Michigan, United States
Pages: 55","Company name: Ally Financial, Inc
Company sector: Financial Services
Company location: Headquarters located in 200 Renaissance Center, Detroit, Michigan, United States
Pages: 55","Company name: Ally Financial, Inc
Company sector: Financial Services
Company location: Headquarters located in 200 Renaissance Center, Detroit, Michigan, United States
Pages: 55","Company name: Ally Financial, Inc
Company sector: Financial Services
Company location: Headquarters located in 200 Renaissance Center, Detroit, Michigan, United States
Pages: 55","Company name: Ally Financial, Inc
Company sector: Financial Services
Company location: Headquarters located in 200 Renaissance Center, Detroit, Michigan, United States
Pages: 55","Company name: Ally Financial, Inc
Company sector: Financial Services
Company location: Headquarters located in 200 Renaissance Center, Detroit, Michigan, United States
Pages: 55"
,tcfd_1,tcfd_2,tcfd_3,tcfd_4,tcfd_5,tcfd_6,tcfd_7,tcfd_8,tcfd_9,tcfd_10,tcfd_11
ANSWER,"The report does not provide specific information on how the company's board oversees climate-related risks and opportunities. However, the board is composed of diverse and skilled business leaders who monitor performance against Ally's strategic plan and objectives while considering the company's risk profile.","Ally Financial is committed to identifying, measuring, mitigating, and reporting on climate change risks through the integration of climate change into existing risk frameworks. The company has appointed an Environmental Sustainability Risk Executive and established the Sustainability Office to develop and execute efforts across the enterprise to build a more sustainable future. Ally also understands the need for transparent, accurate, and comparable climate change information and pledges to deliver on that accountability through enhanced disclosures.","Ally Financial has identified climate change risk management and environmental stewardship as guiding principles to deliver against its environmental sustainability commitments. The company is committed to identifying, measuring, mitigating, and reporting on the physical and transition risks driven by climate change. Ally has identified the impact of climate change on its business as a key topic and has begun identifying and prioritizing its climate-related risks and opportunities. However, the report lacks specific details on the identified risks and opportunities and their association with a horizon.","Ally Financial acknowledges climate change risks and opportunities and has developed guiding principles to deliver against its environmental sustainability commitments. The company is committed to identifying, measuring, mitigating, and reporting on the physical and transition risks driven by climate change. Ally is also focused on risk integration and scenario analysis development to drive risk management strategies. However, the report lacks concrete data and may contain greenwashing.","Ally Financial's sustainability report mentions climate change risk management and integration of climate change into existing risk frameworks. However, the report lacks specific details on the resilience of the organization's strategy in different climate-related scenarios. The report mentions carbon neutrality achieved for 2020 Scope 1 and Scope 2 emissions, but it is unclear how this translates to resilience in different climate scenarios. The report also lacks specific details on the resilience of the organization's strategy when considering climate physical risks.","Ally Financial has developed three guiding principles to deliver against their environmental sustainability commitments, which include climate change risk management. They are committed to identifying, measuring, mitigating, and reporting on the physical and transition risks driven by climate change through the integration of climate change into their existing risk frameworks and in alignment with the recommendations of TCFD. Ally also consulted with a third-party to facilitate a TCFD workshop with stakeholders from across Ally to begin identifying and prioritizing Ally’s climate-related risks and opportunities.","Ally Financial is committed to identifying, measuring, mitigating, and reporting on climate change risks through the integration of climate change into its existing risk frameworks and in alignment with the recommendations of TCFD. The company has appointed an Environmental Sustainability Risk Executive and established the Sustainability Office to help in developing and executing Ally’s efforts across the enterprise to build a more sustainable, inclusive future for all of its stakeholders. Ally has achieved operational carbon neutrality for 2020 Scope 1 and Scope 2 emissions and is tracking energy usage at all of its facilities. The company is also focused on risk integration and scenario analysis development to drive risk management strategies while also creating innovative and educational opportunities for its teammates to make a positive difference for the environment and the communities where they work and live.","Ally Financial is committed to identifying, measuring, mitigating, and reporting on climate change risks through the integration of climate change into its existing risk frameworks. The company has developed guiding principles for environmental sustainability, including climate change risk management, and is aligned with the recommendations of TCFD. However, the report lacks specific details on how climate-related risks are integrated into the overall risk management of the organization.","Ally Financial, Inc uses three guiding principles to deliver against its environmental sustainability commitments: climate change risk management, environmental stewardship, and transparency and accountability. The company has appointed an Environmental Sustainability Risk Executive and established the Sustainability Office to help in developing and executing Ally’s efforts across the enterprise to build a more sustainable, inclusive future for all of its stakeholders. Ally understands the critical need for transparent, accurate, and comparable climate change information on its own business and the investments it chooses to finance. The company pledges to deliver on that accountability through enhanced disclosures, ongoing scenario analysis development to drive risk management strategies, and utilizing high-quality carbon offsets and Green-e® certified Renewable Energy Certificates to achieve carbon neutrality for its 2020 Scope 1 and Scope 2 emissions for the first time. However, the report lacks specific metrics used to assess climate-related risks and opportunities, and it is unclear how the metrics help ensure that the performance is in line with its strategy and risk management process.","Ally Financial, Inc disclosed its Scope 1 and Scope 2 greenhouse gas emissions and achieved carbon neutrality for these emissions in 2020. However, there is no mention of Scope 3 emissions. The report does not provide any specific figures on these emissions. The related risks are not mentioned in the report.","Ally Financial has developed three guiding principles to deliver against their environmental sustainability commitments: climate change risk management, environmental stewardship, and transparency and accountability. They have appointed an Environmental Sustainability Risk Executive and established the Sustainability Office to help in developing and executing Ally’s efforts across the enterprise to build a more sustainable, inclusive future for all of their stakeholders. However, the report does not provide specific targets to understand/quantify/benchmark climate-related risks and opportunities, nor does it provide information on how the organization is performing against these targets."
SOURCES,"[168, 194]","[179, 180, 211, 193, 18, 181]","[179, 180, 207, 211, 18, 225, 172, 181, 205, 193, 168, 184, 236, 208, 133, 230, 227, 238, 169]","[179, 207, 225, 180, 211, 168, 236, 181, 172, 184, 193, 230, 227, 183, 203, 239]","[18, 179, 180, 207, 211, 225, 235, 236, 241]","[179, 180, 172]","[179, 180, 181, 18, 193, 211, 172, 168, 225, 183, 184, 207, 167, 17, 133, 169, 208, 205]","[179, 180, 18, 211]","[18, 179, 180, 181, 183, 184, 205, 207, 211, 225, 227, 230, 235, 236, 238]","[18, 169, 207, 179, 223, 233, 204, 225, 171, 236, 230, 3, 180, 193]","[18, 179, 180, 181, 172, 207, 168, 211, 183, 184, 205, 208, 212, 235, 170, 236, 3]"
PAGE,"[44, 39]","[41, 43, 4, 47]","[4, 39, 40, 41, 43, 46, 47, 50, 51, 52, 53, 31]","[39, 40, 41, 43, 46, 47, 50, 51, 52, 53]","[4, 41, 47, 50, 52, 53]","[40, 41]","[4, 39, 40, 41, 43, 46, 47, 50, 31]","[41, 4, 47]","[4, 41, 46, 47, 50, 51, 52, 53]","[1, 4, 39, 41, 43, 46, 47, 50, 51, 52]","[1, 4, 39, 40, 41, 46, 47, 52]"
ANALYSIS,"The sustainability report provides some information on the board's oversight of climate-related risks and opportunities. It mentions the establishment of a Sustainability Office and the appointment of an Environmental Sustainability Risk Executive to develop and execute Ally's efforts across the enterprise to build a more sustainable future. However, the report does not provide specific details on how the board is informed about climate-related issues, whether the board considers climate-related issues when reviewing and guiding strategy, and how the board monitors and oversees progress against goals and targets for addressing climate-related issues. Therefore, the report does not fully satisfy the TCFD guidelines for high-quality disclosure pertaining to the TCFD recommendation point.","The disclosure provides some information on Ally's approach to climate change risk management, but it falls short of meeting the TCFD guidelines. The report does not provide any information on whether the organization has assigned climate-related responsibilities to management-level positions or committees, nor does it describe the associated organizational structure. The report does not provide any information on how management is informed about climate-related issues or how management monitors climate-related issues. While the report mentions the integration of climate change into existing risk frameworks and alignment with TCFD recommendations, it does not provide any specific details on how this is being done. Overall, the disclosure lacks specificity and detail, and therefore, the score is 40.","The sustainability report provides some information on climate-related risks and opportunities, but it does not meet the TCFD guidelines in a comprehensive manner. The report mentions the short, medium, and long-term time horizons and identifies some climate-related risks that could have a material financial impact on the organization. However, the report lacks specific details on the risks and opportunities, and the process used to determine them. The report does not provide a description of the climate-related issues potentially arising in each time horizon. The report could have provided a description of risks and opportunities by sector and/or geography. Overall, the report provides some information on climate-related risks and opportunities, but it lacks specific details and does not meet the TCFD guidelines in a comprehensive manner.","The sustainability report provides some information on how climate-related risks and opportunities impact the organization's businesses strategy, economic and financial performance, and financial planning. The report mentions the impact of climate change on Ally's operational resiliency and strategic initiatives, and the potential negative impact on the organization's businesses. However, the report lacks specific details on how climate-related issues serve as an input to their financial planning process, the time period used, and how these risks and opportunities are prioritized. The report also does not describe the impact of climate-related issues on their financial performance and financial position. Overall, the report provides some information but lacks specific details required to meet the TCFD guidelines.","The sustainability report provides some information on the organization's strategy resilience to climate-related risks and opportunities. The report mentions the integration of climate change into the existing risk frameworks and alignment with the recommendations of TCFD. However, the report lacks specific details on how the organization's strategy might change to address potential risks and opportunities, the potential impact of climate-related issues on financial performance and financial position, and the climate-related scenarios and associated time horizon considered. The report also does not provide information on how resilient the organization's strategy is when considering different climate-related scenarios, including a 2°C target or lower scenario, and climate physical risks. Overall, the report provides some information but lacks specific details to meet the requirements.","The sustainability report provides some information on the organization's processes for identifying and assessing climate-related risks. The report mentions that the organization has developed guiding principles for climate change risk management and has integrated climate change into its existing risk frameworks. However, the report lacks specific details on how the organization determines the relative significance of climate-related risks in relation to other risks and whether it considers existing and emerging regulatory requirements related to climate change. The report also does not disclose the processes for assessing the potential size and scope of identified climate-related risks and definitions of risk terminology used or references to existing risk classification frameworks used. As a result, the report's disclosure quality on this critical element is moderate.","The disclosure provides a comprehensive overview of Ally's commitment to climate change risk management, including the integration of climate change into existing risk frameworks and alignment with TCFD recommendations. The report also highlights the appointment of an Environmental Sustainability Risk Executive and the establishment of the Sustainability Office to help in developing and executing Ally's efforts across the enterprise to build a more sustainable, inclusive future for all stakeholders. However, the disclosure lacks specific details on how the organization prioritizes climate-related risks and how materiality determinations are made within the organization. Overall, the disclosure meets some of the TCFD guidelines but falls short in providing sufficient details to meet all of them.","The sustainability report provides some information on how climate-related risks are integrated into the organization's overall risk management. The report mentions that the Sustainability Office has developed three guiding principles to deliver against environmental sustainability commitments, including climate change risk management. The report also states that Ally is committed to identifying, measuring, mitigating, and reporting on climate-related risks through the integration of climate change into existing risk frameworks. However, the report lacks specific details on how the processes for identifying, assessing, and managing climate-related risks are integrated into the organization's overall risk management. The report does not provide any information on the organization's risk management processes or how climate-related risks are assessed and managed. Therefore, the report partially meets the TCFD guidelines.","The sustainability report provides limited information on the metrics used to assess climate-related risks and opportunities. While the report mentions climate change risk management as one of the guiding principles, it does not provide any specific metrics or methodologies used to measure and manage climate-related risks and opportunities. The report does not provide any historical or forward-looking metrics for the cross-industry, nor does it describe whether and how related performance metrics are incorporated into remuneration policies. The report does mention internal carbon prices and climate-related opportunity metrics, but no specific details are provided. Overall, the report lacks the necessary components for high-quality disclosure pertaining to the critical element.","The sustainability report provides some information on the organization's greenhouse gas emissions, but it does not meet the requirements for high-quality disclosure. The report does not disclose Scope 1, Scope 2, and Scope 3 GHG emissions and the related risks. The report does not provide GHG emissions for historical periods to allow for trend analysis. The report does not describe the methodologies used to calculate or estimate the metrics. The report does not provide generally accepted industry-specific GHG efficiency ratios. The report does not calculate GHG emissions in line with the GHG Protocol methodology to allow for aggregation and comparability across organizations and jurisdictions. The report does not consider disclosing Scope 3 GHG emissions.","The sustainability report provides limited information on the targets used by the organization to manage climate-related risks and opportunities and performance against targets. While the report mentions the appointment of an Environmental Sustainability Risk Executive and the establishment of the Sustainability Office to help in developing and executing Ally’s efforts across the enterprise to build a more sustainable, inclusive future for all of our stakeholders, it does not provide any specific targets or performance indicators. The report also mentions the integration of climate change into the existing risk frameworks and alignment with the recommendations of TCFD, but it does not provide any details on the methodologies used to calculate targets and measures. Overall, the disclosure is insufficient to meet the TCFD guidelines."
SCORE,50,40,60,60,60,60,75,50,20,10,20
