,"Company name: Ecolab Inc.
Company sector: Chemicals and Professional Services
Company location: Headquartered in St. Paul, Minnesota, with operations in 105 countries across North America, Europe, Greater China, Asia Pacific, Latin America, India, Middle East, and Africa.
Pages: 94","Company name: Ecolab Inc.
Company sector: Chemicals and Professional Services
Company location: Headquartered in St. Paul, Minnesota, with operations in 105 countries across North America, Europe, Greater China, Asia Pacific, Latin America, India, Middle East, and Africa.
Pages: 94","Company name: Ecolab Inc.
Company sector: Chemicals and Professional Services
Company location: Headquartered in St. Paul, Minnesota, with operations in 105 countries across North America, Europe, Greater China, Asia Pacific, Latin America, India, Middle East, and Africa.
Pages: 94","Company name: Ecolab Inc.
Company sector: Chemicals and Professional Services
Company location: Headquartered in St. Paul, Minnesota, with operations in 105 countries across North America, Europe, Greater China, Asia Pacific, Latin America, India, Middle East, and Africa.
Pages: 94","Company name: Ecolab Inc.
Company sector: Chemicals and Professional Services
Company location: Headquartered in St. Paul, Minnesota, with operations in 105 countries across North America, Europe, Greater China, Asia Pacific, Latin America, India, Middle East, and Africa.
Pages: 94","Company name: Ecolab Inc.
Company sector: Chemicals and Professional Services
Company location: Headquartered in St. Paul, Minnesota, with operations in 105 countries across North America, Europe, Greater China, Asia Pacific, Latin America, India, Middle East, and Africa.
Pages: 94","Company name: Ecolab Inc.
Company sector: Chemicals and Professional Services
Company location: Headquartered in St. Paul, Minnesota, with operations in 105 countries across North America, Europe, Greater China, Asia Pacific, Latin America, India, Middle East, and Africa.
Pages: 94","Company name: Ecolab Inc.
Company sector: Chemicals and Professional Services
Company location: Headquartered in St. Paul, Minnesota, with operations in 105 countries across North America, Europe, Greater China, Asia Pacific, Latin America, India, Middle East, and Africa.
Pages: 94","Company name: Ecolab Inc.
Company sector: Chemicals and Professional Services
Company location: Headquartered in St. Paul, Minnesota, with operations in 105 countries across North America, Europe, Greater China, Asia Pacific, Latin America, India, Middle East, and Africa.
Pages: 94","Company name: Ecolab Inc.
Company sector: Chemicals and Professional Services
Company location: Headquartered in St. Paul, Minnesota, with operations in 105 countries across North America, Europe, Greater China, Asia Pacific, Latin America, India, Middle East, and Africa.
Pages: 94","Company name: Ecolab Inc.
Company sector: Chemicals and Professional Services
Company location: Headquartered in St. Paul, Minnesota, with operations in 105 countries across North America, Europe, Greater China, Asia Pacific, Latin America, India, Middle East, and Africa.
Pages: 94"
,tcfd_1,tcfd_2,tcfd_3,tcfd_4,tcfd_5,tcfd_6,tcfd_7,tcfd_8,tcfd_9,tcfd_10,tcfd_11
ANSWER,"The Safety, Health and Environment  Committee of the Board has the highest level of responsibility for all sustainability matters, including climate- and water-related issues. The Committee's materials are available to the Board, and this Committee reports to the Board at least annually on the company's implementation of and progress against its goals. The CEO and Senior Vice President and Chief Sustainability Officer monitor climate-related risks through annual enterprise risk assessment and biannual sustainability materiality assessment.","Ecolab's management is responsible for assessing and managing climate-related risks and opportunities. They have defined climate-related key performance indicators and improved data collection and management to better inform scenario analyses. Climate-related risks are assessed within their Enterprise Risk Management process and annual Business Significance Risks Assessment, which is aligned with recommendations of the Financial Stability Board  Task Force on Climate-related Financial Disclosures .","Ecolab has identified climate change as a long-term and uncertain phenomenon that requires a response that considers how future risks and opportunities interact with business timescales as they evolve. The company has taken steps to identify and assess the nature and magnitude of these risks and opportunities, including assessing climate risks for the past three years. However, the report lacks specific information on the most relevant climate-related risks and opportunities that the organization has identified over the short, medium, and long term, and whether risks are clearly associated with a horizon.","Ecolab Inc. acknowledges that climate change poses potential risks and creates potential opportunities to the organization. The company has taken steps to identify and assess the nature and magnitude of these risks and opportunities. However, the report lacks concrete data on the financial impact of climate-related risks and opportunities on the company's economic and financial performance.","Ecolab Inc. has assessed climate-related risks and opportunities within their Enterprise Risk Management process and annual Business Significance Risks Assessment, which is aligned with the recommendations of the Financial Stability Board  Task Force on Climate-related Financial Disclosures . They are currently reviewing the results of their 2021 analysis to develop adaptation and mitigation plans for relevant climate change risks and to further benefit from identified opportunities for customer impact. However, the report lacks concrete data on the resilience of their strategy in different climate-related scenarios.","Ecolab Inc. identifies and assesses climate-related risks through its Enterprise Risk Management process, annual Business Significance Risks Assessment, and TCFD-aligned climate risk assessment. The company also defines climate-related key performance indicators and improves data collection and management to better inform scenario analyses. Ecolab recognizes the potential risks and opportunities of climate change and is developing adaptation and mitigation plans based on the results of its analysis.","Ecolab manages climate-related risks by assessing them within their Enterprise Risk Management process and annual Business Significance Risks Assessment, which is aligned with the recommendations of the Financial Stability Board  Task Force on Climate-related Financial Disclosures . They have defined climate-related key performance indicators and improved data collection and management to better inform scenario analyses and understand the true scale of the potential financial impacts from climate change on Ecolab. They have also continued their climate-related risk and opportunity assessment in 2021 in alignment with best practices of the TCFD.","Ecolab integrates climate-related risks into its Enterprise Risk Management process and annual Business Significance Risks Assessment, which is aligned with the recommendations of the Financial Stability Board Task Force on Climate-related Financial Disclosures. Climate-related issues are monitored by the CEO and Senior Vice President and Chief Sustainability Officer through our annual enterprise risk assessment, biannual sustainability materiality assessment, ethical and environmental standards survey of performance in the global supply chain and quarterly management meetings with the Sustainability Executive Advisory Team and the Corporate Sustainability team.","Ecolab Inc. assesses climate-related risks through its Enterprise Risk Management process and annual Business Significance Risks Assessment, which is aligned with the recommendations of the Financial Stability Board  Task Force on Climate-related Financial Disclosures . The company defines climate-related key performance indicators and improves data collection and management to better inform scenario analyses and understand the potential financial impacts of climate change on Ecolab. The results of the analysis are currently being reviewed so that adaptation and mitigation plans can be developed for relevant climate change risks and to further benefit from identified opportunities for customer impact.","Ecolab Inc. discloses its global Scope 1 and 2 GHG emissions, which are verified by a third party. The company has established science-based carbon goals to reduce absolute Scope 1, 2, and 3 emissions. The report does not provide specific risks related to GHG emissions.",Ecolab Inc. uses a TCFD-aligned climate risk assessment to identify and assess climate-related risks and opportunities. The results of the analysis are currently being reviewed to develop adaptation and mitigation plans for relevant climate change risks and to further benefit from identified opportunities. No specific targets were mentioned in the report.
SOURCES,"[136, 185, 188]","[185, 186, 188, 189, 190, 191]","[189, 186, 190, 185, 188, 137, 22, 144, 191, 192, 194, 76, 2, 73, 239, 30, 193, 72, 177]","[185, 186, 188, 189, 190, 191, 192, 194]","[185, 186, 188, 189, 190, 191, 192, 193, 194]","[185, 186, 188, 189, 190, 191]","[185, 186, 188, 189, 190, 191]","[185, 186, 188, 189, 190, 191, 194]","[185, 186, 190, 188, 191]","[147, 544, 545, 565, 175, 172, 548, 551, 556, 155, 631, 502, 564, 185]","[186, 185, 190, 189, 188, 191]"
PAGE,"[32, 23]",[32],"[32, 33, 1, 4, 6, 40, 12, 23, 24, 30]","[32, 33]","[32, 33]",[32],[32],"[32, 33]",[32],"[32, 72, 78, 79, 80, 24, 26, 92, 29]",[32]
ANALYSIS,"The sustainability report provides some information on the board's oversight of climate-related risks and opportunities. It mentions that climate-related risks are assessed within the Enterprise Risk Management process and annual Business Significance Risks Assessment, which is aligned with the recommendations of the Financial Stability Board  Task Force on Climate-related Financial Disclosures . The report also states that climate-related issues are monitored by the CEO and Senior Vice President and Chief Sustainability Officer through the annual enterprise risk assessment, biannual sustainability materiality assessment, ethical and environmental standards survey of performance in the global supply chain, and quarterly management meetings with the Sustainability Executive Advisory Team . However, the report does not provide details on how the board and/or board committees consider climate-related issues when reviewing and guiding strategy, major plans of action, risk management policies, annual budgets, and business plans as well as setting the organization's performance objectives, monitoring implementation and performance, and overseeing major capital expenditures, acquisitions, and divestitures. The report also does not provide information on how the board monitors and oversees progress against goals and targets for addressing climate-related issues. Therefore, the report partially meets the requirements for high-quality disclosure pertaining to the board's oversight of climate-related risks and opportunities.","The disclosure provides some information on management's role in assessing and managing climate-related risks and opportunities. It mentions that climate-related risks are assessed within the Enterprise Risk Management process and annual Business Significance Risks Assessment, which is aligned with the recommendations of the Financial Stability Board  Task Force on Climate-related Financial Disclosures . However, the disclosure lacks specific details on whether the organization has assigned climate-related responsibilities to management-level positions or committees, the associated organizational structure, processes by which management is informed about climate-related issues, and how management monitors climate-related issues. Therefore, the disclosure is insufficient in meeting most of the TCFD guidelines.","The sustainability report provides some information on climate-related risks and opportunities, but it lacks specificity and detail. The report mentions that climate-related risks are assessed within the Enterprise Risk Management process and annual Business Significance Risks Assessment, but it does not provide any specific information on the risks identified. The report also mentions that Ecolab has been focused on assessing climate risks for the past three years, but it does not provide any information on the specific climate-related issues potentially arising in each time horizon. The report does not provide a description of the process used to determine which risks and opportunities could have a material financial impact on the organization. Overall, the report lacks the necessary components for high-quality disclosure pertaining to the critical element of climate-related risks and opportunities.","The sustainability report provides some information on how climate-related risks and opportunities impact the organization's business strategy, economic and financial performance, and financial planning. The report mentions that climate-related risks are assessed within the Enterprise Risk Management process and annual Business Significance Risks Assessment, which is aligned with the recommendations of the Financial Stability Board  Task Force on Climate-related Financial Disclosures . However, the report lacks specific details on how climate-related issues have affected the organization's businesses, strategy, and financial planning. The report does not provide any information on the impact of climate-related issues on the organization's financial performance and financial position. The report does not describe how climate-related issues serve as an input to their financial planning process, the time period used, and how these risks and opportunities are prioritized. The report does not describe the impact of climate-related issues on their products and services, supply chain and/or value chain, adaptation and mitigation activities, investment in research and development, operations , acquisitions or divestments, and access to capital. The report does not describe their plans for transitioning to a low-carbon economy, which could include GHG emissions targets and specific activities intended to reduce GHG emissions in their operations and value chain or to otherwise support the transition.","The sustainability report provides some information on the organization's approach to climate-related risks and opportunities, including the consideration of a 2°C or lower scenario and physical climate-related risks. The report discusses the assessment of climate-related risks within the enterprise risk management process and annual business significance risks assessment, which is aligned with the recommendations of the TCFD. However, the report lacks specific details on how the organization's strategy might change to address potential risks and opportunities, the potential impact of climate-related issues on financial performance and financial position, and the climate-related scenarios and associated time horizon considered. Overall, the report provides some information on the organization's approach to climate-related risks and opportunities, but it lacks specific details on some of the TCFD guidelines.","The sustainability report provides a detailed description of the organization's processes for identifying and assessing climate-related risks. The report mentions that climate-related risks are assessed within the Enterprise Risk Management process and annual Business Significance Risks Assessment, which is aligned with the recommendations of the Financial Stability Board  Task Force on Climate-related Financial Disclosures . The report also mentions that the organization considers existing and emerging regulatory requirements related to climate change and other relevant factors. However, the report lacks specific details on the processes for assessing the potential size and scope of identified climate-related risks and definitions of risk terminology used or references to existing risk classification frameworks used. Overall, the report partially meets the requirements for high-quality disclosure pertaining to the critical element.","The sustainability report provides some information on how the organization manages climate-related risks. It mentions that climate-related risks are assessed within their Enterprise Risk Management process and annual Business Significance Risks Assessment, which is aligned with recommendations of the Financial Stability Board  Task Force on Climate-related Financial Disclosures . The report also states that Ecolab has been focused on assessing climate risks for the past three years, leading up to their TCFD-aligned climate risk assessment conducted in 2021. However, the report lacks specific details on how the organization makes decisions to mitigate, transfer, accept, or control those risks and how materiality determinations are made within their organization. Therefore, the report partially meets the requirements and scores 60 out of 100.","The sustainability report provides a detailed description of how climate-related risks are integrated into the organization's overall risk management. The report mentions that climate-related risks are assessed within the Enterprise Risk Management process and annual Business Significance Risks Assessment, which is aligned with the recommendations of the Financial Stability Board  Task Force on Climate-related Financial Disclosures . The report also mentions that Ecolab has been focused on assessing climate risks for the past three years, leading up to the TCFD-aligned climate risk assessment conducted in 2021. However, the report lacks specific details on how the organization identifies and manages climate-related risks. Overall, the report partially meets the requirements for high-quality disclosure pertaining to the critical element.","The sustainability report provides some information on the metrics used to assess climate-related risks and opportunities. The report mentions that climate-related risks are assessed within the Enterprise Risk Management process and annual Business Significance Risks Assessment, which is aligned with the recommendations of the Financial Stability Board  Task Force on Climate-related Financial Disclosures . However, the report lacks specific details on the key metrics used to measure and manage climate-related risks and opportunities. The report does not provide metrics consistent with the cross-industry, metrics on climate-related risks associated with water, energy, land use, and waste management, or forward-looking metrics for the cross-industry. The report also does not describe whether and how related performance metrics are incorporated into remuneration policies.","The sustainability report provides a comprehensive disclosure of Scope 1 and Scope 2 GHG emissions, and a partial disclosure of Scope 3 GHG emissions. The report mentions that the organization has established science-based carbon goals to reduce absolute Scope 1, 2, and 3 emissions. The GHG emissions are calculated in line with the GHG Protocol methodology, and the report provides related industry-specific GHG efficiency ratios. The report also provides historical data for trend analysis and a description of the methodologies used to calculate or estimate the metrics. However, the report does not provide a detailed description of the related risks and how they differ depending on the scope. The report mentions that the organization is working with suppliers to set ambitious carbon targets aligned with the science-based target, but it does not provide any specific details on the risks associated with GHG emissions.","The sustainability report provides limited information on the targets used by the organization to manage climate-related risks and opportunities and performance against targets. While the report mentions that climate-related risks are assessed within the Enterprise Risk Management process and annual Business Significance Risks Assessment, it does not provide any specific targets or performance indicators. The report also mentions that Ecolab has been focused on assessing climate risks for the past three years, but does not provide any details on the targets or progress made. The report does not provide information on whether the targets are absolute or intensity-based, time frames over which the target applies, base year from which progress is measured, or associated interim targets. The report does not describe the methodologies used to calculate targets and measures."
SCORE,60,40,30,20,60,75,60,75,50,80,20
