,"Company name: CGI
Company sector: Information Technology
Company location: ['Montreal, Canada', 'Belgium', 'Czech Republic', 'Denmark', 'Estonia', 'Finland', 'France', 'Germany', 'Hungary', 'Italy', 'Latvia', 'Lithuania', 'Luxembourg', 'Morocco', 'Netherlands', 'Norway', 'Poland', 'Portugal', 'Romania', 'Slovakia', 'Spain', 'Sweden', 'United Kingdom', 'Phoenix, Arizona']
Pages: 116","Company name: CGI
Company sector: Information Technology
Company location: ['Montreal, Canada', 'Belgium', 'Czech Republic', 'Denmark', 'Estonia', 'Finland', 'France', 'Germany', 'Hungary', 'Italy', 'Latvia', 'Lithuania', 'Luxembourg', 'Morocco', 'Netherlands', 'Norway', 'Poland', 'Portugal', 'Romania', 'Slovakia', 'Spain', 'Sweden', 'United Kingdom', 'Phoenix, Arizona']
Pages: 116","Company name: CGI
Company sector: Information Technology
Company location: ['Montreal, Canada', 'Belgium', 'Czech Republic', 'Denmark', 'Estonia', 'Finland', 'France', 'Germany', 'Hungary', 'Italy', 'Latvia', 'Lithuania', 'Luxembourg', 'Morocco', 'Netherlands', 'Norway', 'Poland', 'Portugal', 'Romania', 'Slovakia', 'Spain', 'Sweden', 'United Kingdom', 'Phoenix, Arizona']
Pages: 116","Company name: CGI
Company sector: Information Technology
Company location: ['Montreal, Canada', 'Belgium', 'Czech Republic', 'Denmark', 'Estonia', 'Finland', 'France', 'Germany', 'Hungary', 'Italy', 'Latvia', 'Lithuania', 'Luxembourg', 'Morocco', 'Netherlands', 'Norway', 'Poland', 'Portugal', 'Romania', 'Slovakia', 'Spain', 'Sweden', 'United Kingdom', 'Phoenix, Arizona']
Pages: 116","Company name: CGI
Company sector: Information Technology
Company location: ['Montreal, Canada', 'Belgium', 'Czech Republic', 'Denmark', 'Estonia', 'Finland', 'France', 'Germany', 'Hungary', 'Italy', 'Latvia', 'Lithuania', 'Luxembourg', 'Morocco', 'Netherlands', 'Norway', 'Poland', 'Portugal', 'Romania', 'Slovakia', 'Spain', 'Sweden', 'United Kingdom', 'Phoenix, Arizona']
Pages: 116","Company name: CGI
Company sector: Information Technology
Company location: ['Montreal, Canada', 'Belgium', 'Czech Republic', 'Denmark', 'Estonia', 'Finland', 'France', 'Germany', 'Hungary', 'Italy', 'Latvia', 'Lithuania', 'Luxembourg', 'Morocco', 'Netherlands', 'Norway', 'Poland', 'Portugal', 'Romania', 'Slovakia', 'Spain', 'Sweden', 'United Kingdom', 'Phoenix, Arizona']
Pages: 116","Company name: CGI
Company sector: Information Technology
Company location: ['Montreal, Canada', 'Belgium', 'Czech Republic', 'Denmark', 'Estonia', 'Finland', 'France', 'Germany', 'Hungary', 'Italy', 'Latvia', 'Lithuania', 'Luxembourg', 'Morocco', 'Netherlands', 'Norway', 'Poland', 'Portugal', 'Romania', 'Slovakia', 'Spain', 'Sweden', 'United Kingdom', 'Phoenix, Arizona']
Pages: 116","Company name: CGI
Company sector: Information Technology
Company location: ['Montreal, Canada', 'Belgium', 'Czech Republic', 'Denmark', 'Estonia', 'Finland', 'France', 'Germany', 'Hungary', 'Italy', 'Latvia', 'Lithuania', 'Luxembourg', 'Morocco', 'Netherlands', 'Norway', 'Poland', 'Portugal', 'Romania', 'Slovakia', 'Spain', 'Sweden', 'United Kingdom', 'Phoenix, Arizona']
Pages: 116","Company name: CGI
Company sector: Information Technology
Company location: ['Montreal, Canada', 'Belgium', 'Czech Republic', 'Denmark', 'Estonia', 'Finland', 'France', 'Germany', 'Hungary', 'Italy', 'Latvia', 'Lithuania', 'Luxembourg', 'Morocco', 'Netherlands', 'Norway', 'Poland', 'Portugal', 'Romania', 'Slovakia', 'Spain', 'Sweden', 'United Kingdom', 'Phoenix, Arizona']
Pages: 116","Company name: CGI
Company sector: Information Technology
Company location: ['Montreal, Canada', 'Belgium', 'Czech Republic', 'Denmark', 'Estonia', 'Finland', 'France', 'Germany', 'Hungary', 'Italy', 'Latvia', 'Lithuania', 'Luxembourg', 'Morocco', 'Netherlands', 'Norway', 'Poland', 'Portugal', 'Romania', 'Slovakia', 'Spain', 'Sweden', 'United Kingdom', 'Phoenix, Arizona']
Pages: 116","Company name: CGI
Company sector: Information Technology
Company location: ['Montreal, Canada', 'Belgium', 'Czech Republic', 'Denmark', 'Estonia', 'Finland', 'France', 'Germany', 'Hungary', 'Italy', 'Latvia', 'Lithuania', 'Luxembourg', 'Morocco', 'Netherlands', 'Norway', 'Poland', 'Portugal', 'Romania', 'Slovakia', 'Spain', 'Sweden', 'United Kingdom', 'Phoenix, Arizona']
Pages: 116"
,tcfd_1,tcfd_2,tcfd_3,tcfd_4,tcfd_5,tcfd_6,tcfd_7,tcfd_8,tcfd_9,tcfd_10,tcfd_11
ANSWER,"The board of directors of CGI oversees significant and emerging risks, including climate-related risks and issues, through the Audit and Risk Management Committee. The risk assessments and treatment plans are reviewed at an appropriate level of management based on the scope and potential impact. CGI has set greenhouse gas reduction targets and developed a climate roadmap with measurable short- and medium-term targets. However, the report lacks specific details on the board's direct responsibilities and actions pertaining to climate issues.",CGI's management is responsible for reviewing risk assessments and treatment plans related to climate-related risks and opportunities. Significant and emerging risks are reported to the board of directors through the Audit and Risk Management Committee. The company aims to create learning channels to address various climate topics and increase resources available to help professionals understand the overall aspects of climate change.,"CGI has identified climate-related risks and opportunities in their sustainability report, but the report lacks specificity on the nature of these risks and opportunities. The report mentions external physical and transition risks, but it is unclear how these risks are associated with a horizon. CGI's risk management system is not discussed in detail, and the report contains cheap talks on the company's commitment to climate responsibility.","CGI acknowledges climate-related risks and opportunities in its risk assessments and strategic business planning. However, the report lacks specific details on how these risks and opportunities impact the organization's business strategy, economic and financial performance, and financial planning. The report also contains cheap talks and vague statements that require further clarification.""","CGI's sustainability report mentions its commitment to leading on global climate change action and preserving and improving local ecosystems. The report also states that the company has set greenhouse gas reduction targets and defined a climate roadmap with measurable short- and medium-term targets. However, the report lacks specific information on the resilience of the company's strategy in different climate-related scenarios and physical risks.","CGI uses a structured and systematic approach to identify and assess climate-related risks, including external physical and transition risks, and environmental regulation. Each risk heading is assessed on defined scales of likelihood, potential impact on objectives, and timeframe, along with qualitative descriptions of risk identification, mitigation, and monitoring. The risk assessments and treatment plans are reviewed at an appropriate level of management, and significant and emerging risks, including climate-related risks and issues, are reported to the board of directors through the Audit and Risk Management Committee. Insights gained from the risk assessment process inform annual and longer-term strategic business planning.","CGI manages climate-related risks by assessing and treating them on defined scales of likelihood, potential impact, and timeframe. Significant and emerging risks, including climate-related risks, are reported to the board of directors through the Audit and Risk Management Committee. CGI has a climate strategy that has led to substantial reductions in energy emissions in their offices and data centers, as well as minimization of business travel emissions. They also aim to create learning channels to address various climate topics and increase the resources available to help their professionals.","CGI integrates climate-related risks into its overall risk management through a structured and systematic enterprise risk assessment and monitoring approach. Significant and emerging risks, including climate-related risks, are reported to the board of directors through the Audit and Risk Management Committee. Insights gained from the risk assessment process inform annual and longer-term strategic business planning.","CGI uses risk assessments that cover all aspects of the business and stakeholders, including external climate-related risks, to evaluate climate-related risks and opportunities. The risk assessments are reviewed by appropriate levels of management and reported to the board of directors. However, the report lacks specific metrics used to assess climate-related risks and opportunities.","Yes, CGI discloses its Scope 1, Scope 2, and Scope 3 greenhouse gas emissions. In 2021, CGI committed to achieving net-zero carbon emissions by 2030 with respect to carbon emissions under its direct and indirect control . The related risks are not specified in the report.","CGI has set greenhouse gas reduction targets based on a comprehensive analysis of emissions from its offices, data centers, and business travel. However, the report does not provide any information on the specific targets or the company's performance against them."
SOURCES,"[12, 34, 93, 129, 237, 260, 269, 354, 410, 412, 415, 417, 424, 460]","[410, 412, 237]","[410, 12, 129, 260, 269, 354, 424, 417, 17, 137, 322, 216, 414, 305, 344, 75, 371, 462, 492]","[93, 12, 129, 260, 269, 354, 410, 424, 305, 412, 216, 17, 137, 322, 237, 75, 371, 462, 492]","[12, 51, 215, 217, 223, 231, 260, 269, 305, 354, 371, 410, 412, 417, 424, 462, 492]","[408, 410, 412, 414, 409]","[410, 412, 237, 215, 51]","[408, 409, 412, 414, 417]","[12, 129, 260, 269, 354, 410, 412, 417, 460, 287, 305]","[245, 244]",[46]
PAGE,"[3, 106, 11, 82, 61, 54, 23, 91, 92, 29, 95, 63]","[91, 92, 54]","[3, 5, 72, 106, 76, 81, 29, 82, 50, 19, 85, 30, 115, 91, 92, 61, 95, 63]","[3, 5, 19, 23, 29, 30, 50, 54, 61, 63, 72, 76, 82, 85, 91, 92, 95, 106, 115]","[3, 72, 106, 15, 50, 51, 52, 53, 82, 85, 115, 91, 92, 61, 95, 63]","[91, 92]","[15, 50, 54, 91, 92]","[91, 92]","[3, 68, 72, 106, 82, 29, 91, 92, 61, 63]",[57],[13]
ANALYSIS,"The sustainability report provides limited information on the board's oversight of climate-related risks and opportunities. While the report mentions that significant and emerging risks, including climate-related issues, are reported to the board of directors through the Audit and Risk Management Committee, it does not provide any details on how the board considers climate-related issues when reviewing and guiding strategy, risk management policies, and business plans. Additionally, there is no information on how the board monitors and oversees progress against goals and targets for addressing climate-related issues. The report does not meet the majority of the TCFD guidelines for high-quality disclosure pertaining to the TCFD recommendation point.","The disclosure provides some information on management's role in assessing and managing climate-related risks and opportunities. It mentions that risk assessments and treatment plans are reviewed at an appropriate level of management, and significant and emerging risks, including climate-related risks and issues, are reported to the board of directors. However, the disclosure lacks specific details on whether the organization has assigned climate-related responsibilities to management-level positions or committees, the associated organizational structure, processes by which management is informed about climate-related issues, and how management monitors climate-related issues. Therefore, the disclosure partially meets the TCFD guidelines for high-quality disclosure pertaining to the TCFD recommendation point.","The sustainability report provides some information on climate-related risks and opportunities, but it does not meet the TCFD guidelines in full. The report mentions that risk assessments include all aspects of the business and all stakeholders, and cover all time horizons, but it does not provide a clear description of the specific climate-related issues potentially arising in each time horizon that could have a material financial impact on the organization. The report also lacks a description of the process used to determine which risks and opportunities could have a material financial impact on the organization. The report could benefit from providing a description of their risks and opportunities by sector and/or geography, as appropriate. Overall, the report provides some information but lacks specificity and detail.","The sustainability report lacks sufficient disclosure on how climate-related risks and opportunities impact the organization's business strategy, economic and financial performance, and financial planning. The report only briefly mentions external climate-related risks and their effect on the business. There is no discussion of how climate-related issues have affected the organization's businesses, strategy, and financial planning. The report does not describe the impact of climate-related issues on the organization's financial performance and financial position. Additionally, there is no mention of GHG emissions reduction commitments or plans for transitioning to a low-carbon economy. While the report briefly mentions risk assessments and treatment plans, it does not provide a holistic picture of the interdependencies among the factors that affect the organization's ability to create value over time.","The sustainability report provides limited information on the resilience of the organization's strategy to climate-related risks and opportunities. While the report mentions the consideration of external climate-related physical and transition risks, it does not provide any specific details on how the organization's strategy would change to address such risks and opportunities. The report also lacks information on the potential impact of climate-related issues on financial performance and position. Additionally, the report does not mention any climate-related scenarios and associated time horizons considered. Overall, the report does not meet the TCFD guidelines for high-quality disclosure pertaining to the TCFD recommendation point.","The sustainability report provides some information on the organization's processes for identifying and assessing climate-related risks. The report describes the risk management processes for identifying and assessing climate-related risks and how the organization determines the relative significance of climate-related risks in relation to other risks. The report also mentions that existing and emerging regulatory requirements related to climate change are considered. However, the report lacks specific details on the processes for assessing the potential size and scope of identified climate-related risks and definitions of risk terminology used or references to existing risk classification frameworks used. Overall, the disclosure is somewhat satisfactory but lacks specific details to meet all the requirements.","The disclosure provides some information on the organization's processes for managing climate-related risks. The report mentions that risk assessments include all aspects of the business and stakeholders, and cover all time horizons. The report also states that significant and emerging risks, including climate-related risks and issues, are reported to the board of directors through the Audit and Risk Management Committee. However, the report does not provide details on how the organization makes decisions to mitigate, transfer, accept, or control those risks. Additionally, the report does not describe the organization's processes for prioritizing climate-related risks, including how materiality determinations are made within their organizations. Overall, the disclosure is insufficient in meeting the TCFD guidelines.","The sustainability report provides a detailed description of the organization's processes for identifying, assessing, and managing climate-related risks, including external physical and transition risks, environmental regulation, and emerging risks. The report also describes how these risks are integrated into the organization's overall risk management, including the review of risk assessments and treatment plans at appropriate levels of management and the reporting of significant and emerging risks to the board of directors. However, the report lacks specific details on the organization's risk assessment and monitoring approach, such as the criteria used to assess the likelihood and potential impact of risks. Overall, the report meets most of the requirements for high-quality disclosure pertaining to the critical element of integrating climate-related risks into the organization's overall risk management.","The sustainability report provides limited information on the metrics used to assess climate-related risks and opportunities. While the report mentions risk assessments and treatment plans, it does not provide specific details on the metrics used to measure and manage climate-related risks and opportunities. The report does not provide metrics on climate-related risks associated with water, energy, land use, and waste management. The report does not provide information on whether and how related performance metrics are incorporated into remuneration policies. The report does not provide internal carbon prices or climate-related opportunity metrics. The report does not provide forward-looking metrics for the cross-industry. Overall, the report lacks the necessary components for high-quality disclosure pertaining to the TCFD recommendation point.","The sustainability report provides a comprehensive disclosure of Scope 1 and Scope 2 GHG emissions, and business travel-related Scope 3 GHG emissions. However, the report does not provide a detailed description of the related risks. The report does not disclose Scope 3 GHG emissions independent of a materiality assessment, which is a requirement for high-quality disclosure. The report does not provide GHG emissions for historical periods, which is necessary for trend analysis. The report does not provide a description of the methodologies used to calculate or estimate the metrics. The report does not provide generally accepted industry-specific GHG efficiency ratios. The report calculates GHG emissions in line with the GHG Protocol methodology. Overall, the report partially meets the requirements for high-quality disclosure pertaining to the critical element.","The sustainability report provides limited information on the targets used by the organization to manage climate-related risks and opportunities and performance against targets. While the report mentions the organization's greenhouse gas reduction targets, it does not provide details on whether the targets are absolute or intensity-based, time frames over which the target applies, base year from which progress is measured, and key performance indicators used to assess progress against targets. The report also does not disclose associated interim targets in aggregate or by business line, where available. The methodologies used to calculate targets and measures are not described. Overall, the disclosure is insufficient to meet the TCFD guidelines."
SCORE,30,60,50,20,20,70,40,85,20,60,20
