,"Company name: BCE Inc.
Company sector: Communications
Company location: Montréal, Québec, Canada
Pages: 94","Company name: BCE Inc.
Company sector: Communications
Company location: Montréal, Québec, Canada
Pages: 94","Company name: BCE Inc.
Company sector: Communications
Company location: Montréal, Québec, Canada
Pages: 94","Company name: BCE Inc.
Company sector: Communications
Company location: Montréal, Québec, Canada
Pages: 94","Company name: BCE Inc.
Company sector: Communications
Company location: Montréal, Québec, Canada
Pages: 94","Company name: BCE Inc.
Company sector: Communications
Company location: Montréal, Québec, Canada
Pages: 94","Company name: BCE Inc.
Company sector: Communications
Company location: Montréal, Québec, Canada
Pages: 94","Company name: BCE Inc.
Company sector: Communications
Company location: Montréal, Québec, Canada
Pages: 94","Company name: BCE Inc.
Company sector: Communications
Company location: Montréal, Québec, Canada
Pages: 94","Company name: BCE Inc.
Company sector: Communications
Company location: Montréal, Québec, Canada
Pages: 94","Company name: BCE Inc.
Company sector: Communications
Company location: Montréal, Québec, Canada
Pages: 94"
,tcfd_1,tcfd_2,tcfd_3,tcfd_4,tcfd_5,tcfd_6,tcfd_7,tcfd_8,tcfd_9,tcfd_10,tcfd_11
ANSWER,"The Corporate Governance Committee conducted a deeper dive on climate change and recommended a carbon-neutral target for the Corporation. The Board of Directors has established clear lines of authority over and oversight of our corporate responsibility programs and our approach to ESG practices, with primary accountability at the committee level. The HSSEC Oversight Committee monitors the progress made toward implementing climate change mitigation measures. However, the report lacks specific details on how the board oversees climate-related risks and opportunities.","BCE Inc. aims to manage climate-related risks and opportunities by taking action to maintain resiliency in the face of climate change and helping customers do the same. They have created a company-wide task force on climate resiliency and annually disclose their risks and opportunities related to climate change. However, the report lacks concrete data on the company's progress towards achieving its targets and the effectiveness of its measures.","BCE Inc. has identified transition and physical risks resulting from the impacts of climate change in the short , medium , and long-term . The report mentions physical risks such as natural disasters and the increase in mean temperatures. The company aims to manage regulatory, financial, operational, reputational, and/or market risks related to climate change. However, the report lacks specific details on the identified risks and opportunities.","BCE Inc. annually discloses its risks and opportunities related to climate change and addresses its climate change mitigation and adaptation efforts in the BCE TCFD Report. The company is focused on implementing adaptation governance structures and measures to maintain the resiliency of its operations and team members. BCE aims to manage the regulatory, financial, operational, reputational, and/or market risks related to climate change. The company also provides technologies that help customers address climate change and adapt to its impacts.","BCE Inc. has created a task force on climate resiliency and updated its climate-related scenario analysis. The company has set 1.5°C-aligned science-based targets and implemented adaptation governance structures. However, the report lacks concrete information on the resilience of the company's strategy in different climate-related scenarios and physical risks.","BCE Inc. identifies and assesses climate-related risks through its annual disclosure of risks and opportunities related to climate change, its adaptation governance structures and measures, and its climate-related scenario analysis. The company also has a task force on climate resiliency and a Carbon Reduction Task Force. However, the report lacks specific details on the processes used to identify and assess climate-related risks.","BCE Inc. manages climate-related risks by annually disclosing risks and opportunities related to climate change, implementing adaptation governance structures and measures, developing a mitigation strategy to meet GHG emissions reduction targets, and providing customers with technologies that help them address climate change. They also monitor potential climate-related legislation and regulations that may affect their business. However, the report lacks concrete data on the effectiveness of their strategies and the extent of their GHG emissions reduction.",BCE Inc. integrates climate-related risks into its overall risk management by annually disclosing its risks and opportunities related to climate change and addressing its climate change mitigation and adaptation efforts in the BCE TCFD Report. It has created a company-wide task force on climate resiliency and developed adaptation governance structures and measures to maintain the resiliency of its operations. BCE also has a Carbon Reduction Task Force to meet its GHG emissions reduction targets.,"BCE Inc. uses metrics such as greenhouse gas emissions reduction, ISO recertification, and waste management to assess climate-related risks and opportunities. These metrics help ensure that the company's performance is in line with its strategy and risk management process. However, the report lacks specific details on how these metrics are used to manage climate risks and opportunities.","Yes, BCE Inc. discloses its Scope 1 and Scope 2 GHG emissions. Scope 3 emissions are also disclosed, but only for certain categories. The risks associated with these emissions are not explicitly stated in the report.","BCE Inc. has set 1.5°C-aligned science-based targets for 2030, which include reducing absolute scope 1 and scope 2 GHG emissions by 57% from a 2020 base year and reaching 64% of their suppliers by spend covering purchased goods and services. The report does not provide information on how the organization is performing against these targets."
SOURCES,"[111, 110, 644]","[596, 649, 597, 643, 648, 656, 642, 593, 594]","[645, 649, 597]","[596, 597, 643, 645]","[643, 645, 648, 656]","[643, 644, 645, 648, 649, 656]","[597, 596, 643, 642, 581, 656, 639, 648, 645, 593, 111, 640, 594]","[597, 596, 643, 648, 642, 390, 645, 285, 592, 609, 614, 626]","[114, 134]","[75, 620, 633, 79, 630, 629, 621, 610, 726, 740, 742, 612, 594, 635, 730, 654, 611, 638]","[656, 726]"
PAGE,"[80, 13]","[80, 81, 82, 75]","[80, 81, 75]","[80, 75]","[80, 81, 82]","[80, 81, 82]","[73, 75, 13, 80, 81, 82]","[35, 74, 75, 76, 77, 78, 80, 81, 50]","[16, 13]","[9, 75, 77, 78, 79, 82, 91, 92]","[82, 91]"
ANALYSIS,"The sustainability report provides some information on the board's oversight of climate-related risks and opportunities. It mentions that the Corporate Governance Committee conducted a deeper dive on climate change, recommended a carbon-neutral target, and is responsible for oversight of ESG practices. The report also states that the board receives regular reports on performance and has established clear lines of authority over corporate responsibility programs. However, the report lacks information on the processes and frequency by which the board is informed about climate-related issues and how it monitors and oversees progress against goals and targets for addressing climate-related issues. Therefore, the report partially meets the requirements for high-quality disclosure pertaining to the board's oversight of climate-related risks and opportunities.","The disclosure provides some information on management's role in assessing and managing climate-related risks and opportunities. It mentions that the company has assigned climate-related responsibilities to management-level positions and committees, and that it has created a task force on climate resiliency. However, the disclosure lacks specific details on the associated organizational structure, processes by which management is informed about climate-related issues, and how management monitors climate-related issues. Additionally, the disclosure does not mention whether the management positions or committees report to the board or a committee of the board. Overall, the disclosure partially meets the requirements for high-quality disclosure pertaining to the critical element of management's role in assessing and managing climate-related risks and opportunities.","The sustainability report provides some information on the climate-related risks and opportunities that the organization has identified over the short, medium, and long term. The report mentions that the company updated its climate-related scenario analysis that identifies Bell's transition and physical risks resulting from the impacts of climate change in the short-, medium-, and long-term. However, the report lacks specific details on the climate-related issues potentially arising in each time horizon that could have a material financial impact on the organization. The report also does not provide a description of the process used to determine which risks and opportunities could have a material financial impact on the organization. The report could have provided a description of their risks and opportunities by sector and/or geography, as appropriate.","The sustainability report provides some information on how climate-related risks and opportunities impact the organization's business strategy, economic and financial performance, and financial planning. The report mentions the impact of climate-related risks on the business, including financial, operational, and reputational risks. It also describes the company's adaptation and mitigation activities, investment in research and development, and operations. The report provides information on the impact of climate-related issues on the company's financial performance and position. However, the report lacks specific details on how climate-related issues serve as an input to the financial planning process, the time period used, and how these risks and opportunities are prioritized. The report also does not describe the company's plans for transitioning to a low-carbon economy, including GHG emissions targets and specific activities intended to reduce GHG emissions in their operations and value chain.","The sustainability report provides a comprehensive disclosure of the organization's strategy's resilience to climate-related risks and opportunities. The report discusses the potential impact of climate-related issues on financial performance and position, and the climate-related scenarios considered. The report also describes the organization's adaptation measures and the creation of a climate resiliency task force. However, the report lacks specific details on how the organization's strategies might change to address potential risks and opportunities. The report also does not provide information on the time horizon considered for the climate-related scenarios. Overall, the report provides a good level of disclosure, but there is room for improvement in terms of providing more specific details.","The sustainability report provides some information on the organization's processes for identifying and assessing climate-related risks. The report mentions that Bell is focused on implementing adaptation governance structures and measures to maintain the resiliency of its operations and team members. The report also states that Bell monitors the potential for current and future climate-related legislation, policy, and regulations that may affect its business. However, the report lacks specific details on how Bell determines the relative significance of climate-related risks in relation to other risks, and whether it considers existing and emerging regulatory requirements related to climate change. The report also does not disclose the processes for assessing the potential size and scope of identified climate-related risks and definitions of risk terminology used or references to existing risk classification frameworks used.","The report provides a comprehensive description of the organization's processes for managing climate-related risks. It describes the processes for managing climate-related risks, including how they make decisions to mitigate, transfer, accept, or control those risks. The report also describes the processes for prioritizing climate-related risks, including how materiality determinations are made within their organizations. The report provides details on the adaptation measures taken by the organization to maintain the resiliency of its operations and the security of its team members. The report also provides details on the organization's efforts to reduce greenhouse gas emissions and its contribution to fighting climate change. Overall, the report meets the requirements for high-quality disclosure pertaining to the critical element of how the organization manages climate-related risks.","The report provides some information on how the organization integrates processes for identifying, assessing, and managing climate-related risks into its overall risk management. The report mentions that the organization annually discloses its risks and opportunities related to climate change and addresses its climate change mitigation and adaptation efforts in the BCE TCFD Report. The report also mentions that the organization has created a company-wide task force on climate resiliency with representatives from across the company. However, the report lacks specific details on how the organization integrates climate-related risks into its overall risk management. The report does not provide information on the processes used to identify, assess, and manage climate-related risks. Therefore, the report partially meets the requirements for high-quality disclosure pertaining to the critical element.","The given disclosure does not provide sufficient information on the metrics used by the organization to assess climate-related risks and opportunities. While the report mentions climate change and its impacts, it does not provide any specific metrics or targets to measure and manage climate-related risks and opportunities. The report does not provide any information on whether and how related performance metrics are incorporated into remuneration policies. The report does not provide any internal carbon prices or climate-related opportunity metrics. The report does not provide any forward-looking metrics for the cross-industry, consistent with their business or strategic planning time horizons. The report does not provide a description of the methodologies used to calculate or estimate climate-related metrics.","The report provides a comprehensive disclosure of Scope 1 and Scope 2 GHG emissions, and a partial disclosure of Scope 3 GHG emissions. The report mentions that GHG emissions are calculated in line with the GHG Protocol methodology, and provides historical data for trend analysis. However, the report lacks details on the related risks and does not provide generally accepted industry-specific GHG efficiency ratios. The report also mentions that some of the data is based on secondary data, which contributes to uncertainty. Overall, the report partially meets the TCFD guidelines for high-quality disclosure pertaining to the TCFD recommendation point.","The sustainability report provides some information on the targets used by the organization to manage climate-related risks and opportunities and performance against targets. The report mentions that the organization has 1.5°C-aligned science-based targets for 2030 and has set a carbon abatement target enabled from the use of its technologies. However, the report lacks details on whether the targets are absolute or intensity-based, time frames over which the target applies, base year from which progress is measured, and key performance indicators used to assess progress against targets. The report also does not provide a description of the methodologies used to calculate targets and measures. Therefore, the report partially meets the TCFD guidelines for high-quality disclosure pertaining to the TCFD recommendation point."
SCORE,60,60,50,70,80,50,100,60,10,75,60
