,"Company name: IQVIA
Company sector: Healthcare and Life Sciences
Company location: Headquartered in Durham, North Carolina, USA with operations in 100+ countries
Pages: 19","Company name: IQVIA
Company sector: Healthcare and Life Sciences
Company location: Headquartered in Durham, North Carolina, USA with operations in 100+ countries
Pages: 19","Company name: IQVIA
Company sector: Healthcare and Life Sciences
Company location: Headquartered in Durham, North Carolina, USA with operations in 100+ countries
Pages: 19","Company name: IQVIA
Company sector: Healthcare and Life Sciences
Company location: Headquartered in Durham, North Carolina, USA with operations in 100+ countries
Pages: 19","Company name: IQVIA
Company sector: Healthcare and Life Sciences
Company location: Headquartered in Durham, North Carolina, USA with operations in 100+ countries
Pages: 19","Company name: IQVIA
Company sector: Healthcare and Life Sciences
Company location: Headquartered in Durham, North Carolina, USA with operations in 100+ countries
Pages: 19","Company name: IQVIA
Company sector: Healthcare and Life Sciences
Company location: Headquartered in Durham, North Carolina, USA with operations in 100+ countries
Pages: 19","Company name: IQVIA
Company sector: Healthcare and Life Sciences
Company location: Headquartered in Durham, North Carolina, USA with operations in 100+ countries
Pages: 19","Company name: IQVIA
Company sector: Healthcare and Life Sciences
Company location: Headquartered in Durham, North Carolina, USA with operations in 100+ countries
Pages: 19","Company name: IQVIA
Company sector: Healthcare and Life Sciences
Company location: Headquartered in Durham, North Carolina, USA with operations in 100+ countries
Pages: 19","Company name: IQVIA
Company sector: Healthcare and Life Sciences
Company location: Headquartered in Durham, North Carolina, USA with operations in 100+ countries
Pages: 19"
,tcfd_1,tcfd_2,tcfd_3,tcfd_4,tcfd_5,tcfd_6,tcfd_7,tcfd_8,tcfd_9,tcfd_10,tcfd_11
ANSWER,"IQVIA's Sustainability Committee coordinates sustainability efforts and reports progress to the Board of Directors and executive leadership. The committee has representation from various departments, including Environment and Health and Safety, Facilities, Procurement, Global Legal, Ethics and Compliance, Human Resources, Corporate Communications and Community Relations, and Business Development. The committee meets regularly to move forward on programs and projects.",IQVIA includes chronic physical impacts within its climate-related risk assessment and associated business decisions. The Sustainability Committee coordinates sustainability efforts and reports progress to the Board of Directors and executive leadership. IQVIA strives to reduce its global workforce’s overall carbon footprint through transportation alternatives and proximity to public transport connections.,"IQVIA has identified climate change as a risk to human health and well-being, which may lead to increased energy consumption and drive up operational costs. The company tracks and seeks ways to improve environmental performance globally, especially in the areas of greenhouse gas management, energy efficiency, and waste reduction. IQVIA aims to reduce its global workforce's overall carbon footprint by increasing teleconferencing and telecommuting activities and proximity to public transport connections when choosing a new office. The report does not provide a clear association of risks with a horizon.","IQVIA tracks and seeks ways to improve environmental performance globally, especially in the areas of greenhouse gas management, energy efficiency, and waste reduction. The company recognizes that climate change has many direct and indirect impacts, one of which is on human health and well-being. IQVIA always includes these chronic physical impacts within its climate-related risk assessment and associated business decisions. The company aims to reduce its global workforce’s overall carbon footprint by increasing the use of public transit, ride-sharing, and bicycle commuting. IQVIA also reports its greenhouse gas emissions and has set specific objectives and targets to continually reduce its environmental impact where possible.","IQVIA acknowledges climate change impacts on human health and well-being and includes chronic physical impacts in its climate-related risk assessment. The company has business continuity programs in place to standardize responses to unexpected events. IQVIA has set specific objectives and targets to reduce its environmental impact, including reducing its carbon footprint and discouraging the use of printed materials. However, the report lacks concrete data on the company's resilience to different climate-related scenarios.","IQVIA includes chronic physical impacts in its climate-related risk assessment and associated business decisions. The company has business continuity programs, plans, and playbooks in place that help standardize responses to climate-related events. However, the report lacks specific information on the processes used to identify and assess climate-related risks.","IQVIA includes chronic physical impacts within its climate-related risk assessment and associated business decisions. It reduces its carbon footprint by discouraging the use of printed material, reducing global real estate portfolio, and optimizing employee travel. It also fosters supply chain partners held to sustainability standards. However, the report lacks specific data on the reduction of GHG emissions and the effectiveness of its programs.","IQVIA includes chronic physical impacts within its climate-related risk assessment and associated business decisions. The company has business continuity programs, plans, and playbooks in place that help standardize responses to climate-related events. However, the report lacks specific information on how climate-related risks are integrated into the organization's overall risk management.","IQVIA tracks and seeks to improve environmental performance globally, including greenhouse gas management, energy efficiency, and waste reduction. Chronic physical impacts of climate change are included in its climate-related risk assessment and associated business decisions. The company has group certifications to ISO 14001:2004 and OHSAS 18001. It reports its greenhouse gas emissions and has a rating of [A] in the MSCI ESG Ratings assessment.","Yes, IQVIA discloses its Scope 1, Scope 2, and Scope 3 greenhouse gas emissions. The total reported emissions are 178,992 tonnes CO2 equivalent, with Scope 1 emissions being 37,342 tonnes, Scope 2 emissions being 53,345 tonnes, and Scope 3 emissions being 90,872 tonnes. The related risks are not specified in the report.","IQVIA's sustainability report mentions tracking and seeking ways to improve environmental performance globally, including greenhouse gas management, energy efficiency, and waste reduction. However, the report does not provide specific targets to quantify or benchmark climate-related risks and opportunities, nor does it disclose the organization's performance against such targets."
SOURCES,[22],"[115, 21, 117, 125]","[115, 117, 116, 16, 125, 123, 129]","[115, 117, 125, 116, 124, 129, 123, 81, 72, 21, 44, 56, 20, 35, 126, 114, 3, 22, 24, 0]","[115, 81, 114, 126]","[115, 81, 117]","[115, 117, 125, 126, 129, 40]","[115, 81, 117]","[115, 117, 131, 122, 129]","[129, 130]","[114, 115, 117]"
PAGE,[4],"[16, 4, 15]","[16, 4, 15]","[0, 1, 4, 5, 6, 7, 8, 10, 11, 15, 16]","[16, 11, 15]","[11, 15]","[16, 6, 15]","[11, 15]","[16, 17, 15]",[16],[15]
ANALYSIS,"The disclosure provided by the company is insufficient to rate the board's oversight of climate-related risks and opportunities. The report does not provide any information on how the board is informed about climate-related issues, whether the board considers climate-related issues when reviewing and guiding strategy, risk management policies, and business plans, and how the board monitors and oversees progress against goals and targets for addressing climate-related issues. The report only mentions the Sustainability Committee, which coordinates sustainability efforts and reports progress to the Board of Directors and executive leadership. However, it does not provide any information on the committee's role in overseeing climate-related risks and opportunities.","The disclosure provides some information on management's role in assessing and managing climate-related risks and opportunities. It mentions the Sustainability Committee, which comprises decision-makers from around the organization and reports on progress to the Board of Directors and executive leadership. It also includes a description of how chronic physical impacts are included in climate-related risk assessment and associated business decisions. However, the disclosure lacks information on whether the organization has assigned climate-related responsibilities to management-level positions or committees, the associated organizational structure, and processes by which management is informed about climate-related issues. Therefore, the disclosure partially meets the requirements, but it lacks specific details, resulting in a score of 50.","The sustainability report provides some information on climate-related risks and opportunities, but it does not meet the TCFD guidelines in full. The report does not provide a clear description of the relevant short-, medium-, and long-term time horizons, nor does it describe the specific climate-related issues that could have a material financial impact on the organization. The report does not provide a description of the process used to determine which risks and opportunities could have a material financial impact on the organization. The report does not provide a description of risks and opportunities by sector and/or geography. While the report mentions climate change and energy consumption, it does not provide sufficient detail to meet the TCFD guidelines.","The sustainability report provides some information on how climate-related risks and opportunities impact the organization's businesses strategy, economic and financial performance, and financial planning. The report mentions that climate change has direct and indirect impacts on human health and well-being, and that IQVIA includes these chronic physical impacts within its climate-related risk assessment and associated business decisions. The report also discusses energy consumption, transportation alternatives, and greenhouse gas emissions. However, the report lacks specific details on how climate-related issues serve as an input to their financial planning process, the impact of climate-related issues on their financial performance and financial position, and their plans for transitioning to a low-carbon economy. Overall, the report partially meets the TCFD guidelines, but lacks specific details and a holistic picture of the interdependencies among the factors that affect their ability to create value over time.","The sustainability report of IQVIA provides some information on how resilient their strategies are to climate-related risks and opportunities. They mention that they always include chronic physical impacts within their climate-related risk assessment and associated business decisions. However, the report lacks details on how their strategies might change to address potential risks and opportunities, the potential impact of climate-related issues on financial performance and financial position, and the climate-related scenarios and associated time horizon considered. The report provides some information on greenhouse gas emissions, energy consumption, and waste reduction. However, it does not provide any information on how resilient their strategies are when considering climate physical risks. Overall, the report partially meets the requirements for high-quality disclosure pertaining to the critical element.","The sustainability report provides some information on the organization's processes for identifying and assessing climate-related risks. It mentions that IQVIA includes chronic physical impacts within its climate-related risk assessment and associated business decisions. However, the report lacks specific details on how the organization determines the relative significance of climate-related risks in relation to other risks. It also does not disclose the processes for assessing the potential size and scope of identified climate-related risks and definitions of risk terminology used or references to existing risk classification frameworks used. The report mentions that IQVIA considers existing and emerging regulatory requirements related to climate change, but it does not provide any specific details. Overall, the report provides some information but lacks specific details to meet the TCFD guidelines.","The disclosure provides some information on how IQVIA manages climate-related risks. It mentions that the company includes chronic physical impacts in its climate-related risk assessment and associated business decisions. However, the disclosure lacks details on how IQVIA makes decisions to mitigate, transfer, accept, or control climate-related risks. It also does not describe the company's processes for prioritizing climate-related risks or how materiality determinations are made within the organization. Overall, the disclosure is insufficient in meeting the TCFD guidelines for high-quality disclosure pertaining to the TCFD recommendation point.","The disclosure provides some information on how IQVIA integrates climate-related risks into its overall risk management. The report mentions that IQVIA includes chronic physical impacts within its climate-related risk assessment and associated business decisions. Additionally, the report highlights that IQVIA has business continuity programs, plans, and playbooks in place that help standardize responses to climate-related events. However, the disclosure lacks specific details on how IQVIA identifies, assesses, and manages climate-related risks. The report does not provide any information on the processes used to integrate climate-related risks into the organization's overall risk management. Therefore, the disclosure is insufficient to meet the TCFD guidelines. The score for this disclosure is 40.","The sustainability report by IQVIA provides limited information on the metrics used to assess climate-related risks and opportunities. The report mentions the company's awareness of climate change and its impact on human health and well-being. However, it does not provide any specific metrics or methodologies used to measure and manage climate-related risks and opportunities. The report does not include metrics on climate-related risks associated with water, energy, land use, and waste management. The report does not provide any information on whether and how related performance metrics are incorporated into remuneration policies. The report does not provide any internal carbon prices or climate-related opportunity metrics. The report does not provide any forward-looking metrics for the cross-industry. Overall, the report lacks the necessary components for high-quality disclosure pertaining to the critical element.","The disclosure provides information on Scope 1, Scope 2, and Scope 3 GHG emissions, and the related risks. The report also includes GHG emissions for historical periods to allow for trend analysis. However, the report does not provide a description of the methodologies used to calculate or estimate the metrics. The report does not mention whether GHG emissions were calculated in line with the GHG Protocol methodology. The report does not provide generally accepted industry-specific GHG efficiency ratios. The report does not mention whether GHG emissions were provided independent of a materiality assessment. Overall, the disclosure partially meets the requirements for high-quality disclosure pertaining to the critical element.","The sustainability report provides limited information on the targets used by the organization to manage climate-related risks and opportunities and performance against targets. The report mentions that the organization tracks and seeks ways to improve environmental performance globally, especially in the areas of greenhouse gas management, energy efficiency, and waste reduction. However, there is no information on specific targets, whether they are absolute or intensity-based, time frames, base year, or key performance indicators used to assess progress against targets. The report also lacks a description of the methodologies used to calculate targets and measures. Overall, the report does not meet the TCFD guidelines for high-quality disclosure pertaining to the TCFD recommendation point."
SCORE,0,50,30,60,50,60,30,40,10,60,20
