,"Company name: PotlatchDeltic
Company sector: Forestry and Wood Products
Company location: Spokane, Washington
Pages: 148","Company name: PotlatchDeltic
Company sector: Forestry and Wood Products
Company location: Spokane, Washington
Pages: 148","Company name: PotlatchDeltic
Company sector: Forestry and Wood Products
Company location: Spokane, Washington
Pages: 148","Company name: PotlatchDeltic
Company sector: Forestry and Wood Products
Company location: Spokane, Washington
Pages: 148","Company name: PotlatchDeltic
Company sector: Forestry and Wood Products
Company location: Spokane, Washington
Pages: 148","Company name: PotlatchDeltic
Company sector: Forestry and Wood Products
Company location: Spokane, Washington
Pages: 148","Company name: PotlatchDeltic
Company sector: Forestry and Wood Products
Company location: Spokane, Washington
Pages: 148","Company name: PotlatchDeltic
Company sector: Forestry and Wood Products
Company location: Spokane, Washington
Pages: 148","Company name: PotlatchDeltic
Company sector: Forestry and Wood Products
Company location: Spokane, Washington
Pages: 148","Company name: PotlatchDeltic
Company sector: Forestry and Wood Products
Company location: Spokane, Washington
Pages: 148","Company name: PotlatchDeltic
Company sector: Forestry and Wood Products
Company location: Spokane, Washington
Pages: 148"
,tcfd_1,tcfd_2,tcfd_3,tcfd_4,tcfd_5,tcfd_6,tcfd_7,tcfd_8,tcfd_9,tcfd_10,tcfd_11
ANSWER,"The Board of Directors oversees the management's integration of ESG throughout the enterprise to drive long-term value for stakeholders. The Board is updated regularly on ESG initiatives, including climate-related risks and opportunities. The Vice President, Public Affairs and Chief ESG Officer provides senior leadership on PotlatchDeltic’s ESG reporting and initiatives, and regularly provides information to and leads discussions with the Board and management on ESG matters, including climate-related risks and opportunities.","PotlatchDeltic integrates climate-related risks and opportunities into their Enterprise Risk Management  framework, with the Board providing oversight. The company conducts due diligence in reviewing climate-related risks and opportunities, and identifies and evaluates key risks annually. They are conducting climate-related scenario analysis on their timberlands, including a 2°C or lower scenario, and plan to publish the results in their Carbon and Climate Report in the fall of 2022.","PotlatchDeltic has identified climate-related risks such as increased weather severity and wildfire in the medium-term, and transition risks such as changes in policy or regulatory requirements, technology-related requirements, and market changes. Longer-term opportunities could include increased productivity and yield on their timberlands. The company is conducting climate-related scenario analysis on their timberlands, including a 2°C or lower scenario, and plans to publish the results in their Carbon and Climate Report in the fall of 2022.","PotlatchDeltic integrates climate-related risks and opportunities into its operational and capital planning processes, and has identified physical climate change risks and opportunities. The company plans to publish the results of its climate-related scenario analysis in its Carbon and Climate Report in the fall of 2022. However, the report lacks specific metrics and targets to assess climate-related risks and opportunities, and the company's commitment to mitigating climate risks is not clear.","PotlatchDeltic plans to conduct climate-related scenario analysis on their timberlands, including a 2°C or lower scenario, and publish the results in their Carbon and Climate Report in the fall of 2022. They have identified and monitor climate-related risks and have incorporated climate change risks into their ERM framework. They are evaluating physical risks and opportunities and assessing the potential risks and opportunities related to climate change on their assets and businesses. However, the report lacks concrete data on the resilience of their strategy in different climate-related scenarios.","PotlatchDeltic integrates climate-related risks and opportunities into its operational and capital planning processes. The company identifies and evaluates key risks through its Enterprise Risk Management  process, which includes evaluating the risk universe and emerging risks. PotlatchDeltic plans to conduct climate-related scenario analysis on its timberlands and publish the results in its Carbon and Climate Report in the fall of 2022.","PotlatchDeltic integrates climate-related risks and opportunities into its ERM framework and business and financial strategies. The company conducts climate-related scenario analysis on its timberlands and identifies and monitors climate-related risks regularly. The Board oversees the ERM framework and ESG matters, and the Audit Committee discusses key risks and mitigation measures. PotlatchDeltic plans to publish expanded disclosures on climate risks and opportunities in its Carbon and Climate Report in the fall of 2022.","PotlatchDeltic integrates climate-related risks into its Enterprise Risk Management  process, including physical climate change risks and opportunities. The ESG Management Committee identifies and reviews climate-related risks across business units, and risks are prioritized based on environmental and financial impact. The Board oversees the ERM framework and ESG matters, and PotlatchDeltic plans to publish expanded disclosures on climate risks and opportunities in its Carbon and Climate Report in the fall of 2022.","PotlatchDeltic discloses that it identifies, assesses, and manages climate-related risks through its ERM framework, which includes evaluating the risk universe, emerging risks, and risk attributes. The company plans to conduct climate-related scenario analysis and publish the results in its Carbon and Climate Report in the fall of 2022. However, the report lacks specific information on the metrics and targets used to assess climate-related risks and opportunities and how they align with the company's strategy and risk management process.","PotlatchDeltic discloses its Scope 1, 2, and 3 GHG emissions annually, with a total of 35,000 metric tons of CO2e for Scope 1 and 53,000 metric tons of CO2e for Scope 2 in 2021. Scope 3 emissions were calculated using the NCASI Scope 3 Screening Tool and divided into 15 categories. The report mentions risks associated with GHG emissions but does not provide specific details.","PotlatchDeltic identifies and assesses climate-related risks and opportunities through its ERM process and integrates due diligence into operational and capital planning processes. The company plans to conduct climate-related scenario analysis on its timberlands, including a 2°C or lower scenario, and publish the results in its Carbon and Climate Report in the fall of 2022. However, the report lacks specific targets for managing climate-related risks and opportunities."
SOURCES,"[785, 787, 789]","[786, 795, 802, 794, 797, 798]","[786, 795, 802, 791, 797, 801, 409, 798, 664, 796, 406, 776, 64, 665, 424, 785, 408]","[794, 795, 786, 801, 73, 776, 408, 796, 790, 791]","[794, 797, 795, 776, 406, 87, 407, 785, 791]","[795, 802, 786, 664, 776, 663]","[795, 786, 802, 801, 797, 776, 664, 406, 790, 789, 415, 785, 784]","[795, 802, 786, 776, 804, 796, 657, 785, 664, 666, 799]","[795, 786, 802, 797, 794, 776, 789, 783, 73, 406, 665, 664, 801, 56, 2, 665, 664, 135, 801, 794, 56, 797, 798]","[395, 399, 402, 403, 404, 401]","[795, 802, 801, 786, 794, 797, 798, 796, 665, 785, 664, 789, 804, 56, 776, 64, 790, 656]"
PAGE,[133],"[133, 134, 135]","[131, 133, 134, 135, 72, 74, 13, 115]","[131, 133, 134, 135, 72, 16]","[131, 133, 134, 72, 18]","[131, 133, 134, 135, 115]","[131, 133, 134, 135, 72, 115]","[131, 133, 134, 135, 114, 115]","[1, 131, 132, 133, 134, 135, 72, 13, 16, 115, 27]",[71],"[131, 133, 134, 135, 13, 114, 115]"
ANALYSIS,"The disclosure provides some information on the board's oversight of climate-related risks and opportunities. It mentions that the board oversees risk management policies, including climate change, and that the management team considers these risks and opportunities when making operational decisions. However, the disclosure lacks specific details on the processes and frequency by which the board is informed about climate-related issues, and whether the board considers climate-related issues when reviewing and guiding strategy, major plans of action, risk management policies, annual budgets, and business plans. Additionally, the disclosure does not provide information on how the board monitors and oversees progress against goals and targets for addressing climate-related issues. Overall, the disclosure is insufficient in meeting the TCFD guidelines.","The sustainability report provides some information on management's role in assessing and managing climate-related risks and opportunities. It mentions that the Board oversees the ERM framework and ESG matters, and that climate-related risks are incorporated into the ERM process. However, the report lacks specific details on the organizational structure, processes for informing management about climate-related issues, and how management monitors climate-related issues. Additionally, the report does not describe the metrics used to assess climate-related risks and opportunities or the targets used to manage them. Overall, the report provides some information on management's role, but it lacks specific details and does not fully meet the TCFD guidelines.","The disclosure provides some information on the climate-related risks and opportunities identified by the organization over the short, medium, and long term. The report mentions the risks and opportunities associated with physical climate change, transition risks, and opportunities. However, the disclosure lacks specific details on the risks and opportunities identified, and the process used to determine which risks and opportunities could have a material financial impact on the organization. The report does not provide a description of the relevant short-, medium-, and long-term time horizons, taking into consideration the useful life of the organization's assets or infrastructure. The disclosure also does not provide a description of the risks and opportunities by sector and/or geography, as appropriate. Overall, the disclosure is insufficient in meeting the TCFD guidelines.","The sustainability report provides some information on how climate-related risks and opportunities impact the organization's businesses, strategy, and financial planning. The report mentions that due diligence in reviewing climate-related risks and opportunities is being integrated into operational and capital planning processes, and physical climate change risks and opportunities are supported through external work. The report also states that the Board of Directors and the management team continue to expand their consideration of these risks and opportunities on Company strategy, operational decisions, risk management oversight, and performance. However, the report lacks specific details on how climate-related issues serve as an input to their financial planning process, the time period used, and how these risks and opportunities are prioritized. The report also does not describe the impact of climate-related issues on their financial performance and financial position.","The sustainability report provides some information on the organization's resilience to climate-related risks and opportunities, including a 2°C or lower scenario. The report mentions that the organization is conducting climate-related scenario analysis on its timberlands and plans to publish the results in its Carbon and Climate Report in the fall of 2022. The report also states that the organization identifies and monitors climate-related risks on a regular basis and has incorporated climate change risks into its ERM framework. However, the report lacks specific details on how the organization's strategy might change to address potential risks and opportunities, the potential impact of climate-related issues on financial performance and position, and the climate-related scenarios and associated time horizon considered. As a result, the report only partially satisfies the TCFD guidelines and receives a score of 60.","The sustainability report provides some information on the organization's processes for identifying and assessing climate-related risks. The report mentions that due diligence is being integrated into operational and capital planning processes to ensure inclusion in business and financial strategies. The report also states that key climate-related risks identified are incorporated into the ERM process. However, the report lacks specific details on how the organization determines the relative significance of climate-related risks in relation to other risks. The report does not disclose the metrics used to assess climate-related risks and opportunities in line with its strategy and risk-management process. The report also does not provide definitions of risk terminology used or references to existing risk classification frameworks used. Overall, the report partially meets the TCFD guidelines and lacks specific details, resulting in a score of 60.","The disclosure provides some information on the organization's processes for managing climate-related risks. It mentions that due diligence in reviewing climate-related risks and opportunities is being integrated into operational and capital planning processes, and that key climate-related risks identified are incorporated into the ERM process. However, the disclosure lacks specific details on how the organization makes decisions to mitigate, transfer, accept, or control those risks, and how materiality determinations are made within their organization. Additionally, the disclosure does not provide information on the metrics used by the organization to assess climate-related risks and opportunities in line with its strategy and risk-management process. Overall, the disclosure partially meets the TCFD guidelines, but lacks specific details to fully satisfy them.","The sustainability report provides some information on how the organization integrates processes for identifying, assessing, and managing climate-related risks into its overall risk management. The report mentions that key climate-related risks are incorporated into the ERM process, and business unit and function leaders are interviewed annually to update, identify, and evaluate key risks. The report also states that the ESG Management Committee identifies and reviews climate-related risks across business units. However, the report lacks specific details on the metrics used to assess climate-related risks and opportunities, and how management assesses and manages climate-related risks and opportunities. Overall, the disclosure is somewhat informative but lacks specific details, resulting in a score of 60.","The sustainability report provides limited information on the metrics used to assess climate-related risks and opportunities. While the report mentions the integration of climate-related risks into the organization's risk management process, it does not provide specific details on the metrics used to measure and manage these risks. The report briefly mentions the identification of key climate-related risks and opportunities, but does not provide any historical or forward-looking metrics. The report does not mention the incorporation of climate-related metrics into remuneration policies. Overall, the report lacks the necessary components for high-quality disclosure pertaining to the critical element of metrics used to assess climate-related risks and opportunities.","The sustainability report partially meets the requirements for disclosing Scope 1, Scope 2, and Scope 3 GHG emissions and related risks. While some disclosures provide GHG emissions data for all three scopes, the report lacks details on the methodologies used to calculate or estimate the metrics. Additionally, some disclosures lack historical data for trend analysis. The report does not provide generally accepted industry-specific GHG efficiency ratios. However, the report meets the requirement of disclosing Scope 3 GHG emissions and related risks. Overall, the report provides some information on GHG emissions and related risks, but lacks some necessary details for a comprehensive analysis.","The sustainability report provides limited information on the targets used by the organization to manage climate-related risks and opportunities and performance against targets. The report mentions that key climate-related risks are identified and incorporated into the ERM process, and that the company is conducting climate-related scenario analysis. However, the report does not provide specific details on the targets, such as whether they are absolute or intensity-based, time frames, base year, and key performance indicators. The report also does not disclose associated interim targets or the methodologies used to calculate targets and measures. Overall, the disclosure is insufficient to meet the TCFD guidelines."
SCORE,40,60,40,60,60,60,60,60,20,70,30
