,"Company name: ASEH
Company sector: Semiconductors and Semiconductor Equipment Industry Group
Company location: ['Taiwan', 'China', 'Korea', 'Japan', 'Malaysia', 'Singapore', 'Mexico']
Pages: 176","Company name: ASEH
Company sector: Semiconductors and Semiconductor Equipment Industry Group
Company location: ['Taiwan', 'China', 'Korea', 'Japan', 'Malaysia', 'Singapore', 'Mexico']
Pages: 176","Company name: ASEH
Company sector: Semiconductors and Semiconductor Equipment Industry Group
Company location: ['Taiwan', 'China', 'Korea', 'Japan', 'Malaysia', 'Singapore', 'Mexico']
Pages: 176","Company name: ASEH
Company sector: Semiconductors and Semiconductor Equipment Industry Group
Company location: ['Taiwan', 'China', 'Korea', 'Japan', 'Malaysia', 'Singapore', 'Mexico']
Pages: 176","Company name: ASEH
Company sector: Semiconductors and Semiconductor Equipment Industry Group
Company location: ['Taiwan', 'China', 'Korea', 'Japan', 'Malaysia', 'Singapore', 'Mexico']
Pages: 176","Company name: ASEH
Company sector: Semiconductors and Semiconductor Equipment Industry Group
Company location: ['Taiwan', 'China', 'Korea', 'Japan', 'Malaysia', 'Singapore', 'Mexico']
Pages: 176","Company name: ASEH
Company sector: Semiconductors and Semiconductor Equipment Industry Group
Company location: ['Taiwan', 'China', 'Korea', 'Japan', 'Malaysia', 'Singapore', 'Mexico']
Pages: 176","Company name: ASEH
Company sector: Semiconductors and Semiconductor Equipment Industry Group
Company location: ['Taiwan', 'China', 'Korea', 'Japan', 'Malaysia', 'Singapore', 'Mexico']
Pages: 176","Company name: ASEH
Company sector: Semiconductors and Semiconductor Equipment Industry Group
Company location: ['Taiwan', 'China', 'Korea', 'Japan', 'Malaysia', 'Singapore', 'Mexico']
Pages: 176","Company name: ASEH
Company sector: Semiconductors and Semiconductor Equipment Industry Group
Company location: ['Taiwan', 'China', 'Korea', 'Japan', 'Malaysia', 'Singapore', 'Mexico']
Pages: 176","Company name: ASEH
Company sector: Semiconductors and Semiconductor Equipment Industry Group
Company location: ['Taiwan', 'China', 'Korea', 'Japan', 'Malaysia', 'Singapore', 'Mexico']
Pages: 176"
,tcfd_1,tcfd_2,tcfd_3,tcfd_4,tcfd_5,tcfd_6,tcfd_7,tcfd_8,tcfd_9,tcfd_10,tcfd_11
ANSWER,"The board oversees climate-related risks and opportunities by evaluating the financial impacts of climate change risk and opportunity, publishing climate-related financial reports, and participating in DJSI and CDP surveys. They also attend courses related to the rule of law and risks related to climate change, and information security defense. The board integrates climate-related risks and opportunities into the ERM system and adopts the recommendations issued by the TCFD yearly. They also conduct regular risk assessments each year and formulate climate risk and opportunity assessment forms and documents. ASEH has launched two green bonds totaling US$600 million.""","ASEH's management assesses and manages climate-related risks and opportunities by employing a climate change scenario analysis methodology, advocating climate risk and opportunity topics, and managing climate-related risks and opportunities within ASEH’s enterprise risk management  framework by adopting the recommendations issued by the Task Force on Climate-related Financial Disclosures  yearly. They also calculate greenhouse gas emissions, energy sources used, and waste produced per unit of revenue generated to help the company mitigate climate risks.","ASEH has identified short-term risks from energy efficiency, raw material costs, climate and product-related regulations, and extreme weather events. Mid-term risks include voluntary agreements and GHG emission costs. Long-term risks include carbon taxes, low-carbon energy or market demands, and incremental changes in climate parameters. The company has also identified renewable energy risks as an emerging long-term risk. Opportunities include low-carbon technology transitions, strategic sustainability partnerships, and producing low-carbon products. The report lacks concrete data and relies on vague statements.","ASEH conducts climate scenario analysis to determine the probability of operational and financial impacts. They advocate climate risk and opportunity topics based on global trends and industry characteristics. They evaluate the financial impacts of climate change risk and opportunity, publish climate-related financial reports, and continue to participate in DJSI and CDP surveys. They have also established a target to reduce emissions for Scope 1 and Scope 2 by the year 2030 validated by SBTi. ASEH plans to share their low-carbon solutions with the global market to demonstrate their leadership in sustainability and to meet stakeholder expectations.","ASEH conducts simulation analyses on climate risks in transition and physical contexts, and formulates climate risk and opportunity assessment forms and documents. The company has established a target to reduce emissions for Scope 1 and Scope 2 by the year 2030 in line with the corporate target of ‘well below 2°C’. However, the report lacks concrete data on the financial impacts of climate risks and opportunities, and the effectiveness of the company's mitigation measures.","ASEH uses a climate change scenario analysis methodology to determine the probability of operational and financial impacts by simulating the changes of various parameters in future timelines and at different geographic locations. They also advocate climate risk and opportunity topics based on global trends and industry characteristics. The company calculates greenhouse gas emissions, energy sources used, and waste produced per unit of revenue generated to help the company identify and assess climate-related risks.","ASEH manages climate-related risks by adopting the recommendations of TCFD yearly, using scenario analysis to simulate possible outcomes, integrating climate change and operational risks into the ERM system, and developing long-term blueprints for value chain partners. They have established targets to reduce emissions validated by SBTi and have implemented robust water risk management strategies. ASEH also invests in renewable energy and carbon capture and storage technologies.","ASEH integrates climate change and various operational risks into the ERM system to identify, evaluate, and manage according to standard operating procedures. The company employs a climate change scenario analysis methodology to determine the probability of operational and financial impacts. However, the report lacks information on the mechanism for information security management and risk simulation exercises, supplier sustainability policies and management, and climate risk evaluation procedures.","ASEH calculates greenhouse gas emissions, energy sources used, and waste produced per unit of revenue generated to help the company. They also employ a climate change scenario analysis methodology to determine the probability of operational and financial impacts. The metrics help ensure that the performance is in line with its strategy and risk management process.","ASEH discloses its Scope 1, Scope 2, and Scope 3 GHG emissions. In 2020, the company emitted 93,996 tCO2e of Scope 1 emissions, 1,658,606 tCO2e of Scope 2 emissions, and 16,231,394 tCO2e of Scope 3 emissions. The related risks are not explicitly stated in the report.",ASEH has established a target to reduce emissions for Scope 1 and Scope 2 by the year 2030 in line with the corporate target of 'well below 2°C'. These targets are validated by the Science Based Targets Initiative . No information was found on how the organization is performing against these targets.
SOURCES,"[600, 234, 555, 557, 564, 563, 229, 235, 289]","[547, 552, 564]","[561, 557, 307, 558, 603, 562, 600, 547, 555, 14, 1085]","[552, 557, 563, 555, 564, 600, 547, 558, 307, 51, 901, 1085, 603, 553, 548, 561, 566, 551]","[557, 563, 51]","[557, 564]","[552, 557, 564, 555, 51, 563, 307, 606, 600, 554, 553, 603, 558, 84]","[552, 557, 563, 605, 848]","[564, 557]","[1090, 2020, 571, 565]","[51, 555]"
PAGE,"[39, 40, 47, 83, 84, 90]","[82, 83, 84]","[3, 167, 50, 83, 84, 82, 90, 91]","[167, 9, 137, 50, 83, 84, 82, 90, 91]","[9, 83, 84]","[83, 84]","[9, 17, 50, 83, 84, 90, 91]","[129, 91, 83, 84]","[83, 84]","[168, 84, 85]","[9, 83]"
ANALYSIS,"The disclosure provides some information on the board's oversight of climate-related risks and opportunities. It mentions that the board evaluates the financial impacts of climate change risk and opportunity, participates in DJSI and CDP surveys, and attends courses related to climate change. However, the disclosure lacks specific details on the processes and frequency by which the board is informed about climate-related issues, whether the board considers climate-related issues when reviewing and guiding strategy, and how the board monitors and oversees progress against goals and targets for addressing climate-related issues. Therefore, the disclosure partially meets the requirements for high-quality disclosure pertaining to the critical element.","The sustainability report provides some information on management's role in assessing and managing climate-related risks and opportunities. It mentions the use of climate change scenario analysis, adoption of TCFD recommendations, and integration of climate-related risks into the ERM system. However, the report lacks specific details on the organizational structure, processes for informing management about climate-related issues, and monitoring of climate-related issues. Additionally, some sections of the report indicate that certain mechanisms and frameworks have yet to be established. Overall, the disclosure is insufficient in meeting the TCFD guidelines outlined for this TCFD recommendation point.","The sustainability report provides a detailed description of the relevant climate-related risks and opportunities that the organization has identified over the short, medium, and long term. The report describes the specific climate-related issues potentially arising in each time horizon that could have a material financial impact on the organization. The report also describes the process used to determine which risks and opportunities could have a material financial impact on the organization. However, the report does not provide a description of the risks and opportunities by sector and/or geography, as appropriate. Overall, the report provides a comprehensive analysis of the climate-related risks and opportunities, but there is room for improvement in terms of sector and/or geography-specific disclosures.","The sustainability report provides a comprehensive discussion of how climate-related risks and opportunities impact the organization's businesses strategy, economic and financial performance, and financial planning. The report discusses the impact of climate-related issues on various areas such as products and services, supply chain, adaptation and mitigation activities, investment in research and development, operations, acquisitions or divestments, and access to capital. The report also describes how climate-related issues serve as an input to the financial planning process, the time period used, and how these risks and opportunities are prioritized. The report provides a holistic picture of the interdependencies among the factors that affect the organization's ability to create value over time. However, the report lacks specific details on GHG emissions reduction targets and specific activities intended to reduce GHG emissions in their operations and value chain or to otherwise support the transition.","The sustainability report provides some information on the organization's resilience to climate-related risks and opportunities, including a 2°C or lower scenario and physical risks. The report discusses the potential impact of climate-related issues on financial performance and the climate-related scenarios considered. However, the report lacks specific details on how the organization's strategies might change to address potential risks and opportunities. Additionally, the report does not provide information on the time horizon considered for the climate-related scenarios. Overall, the disclosure quality is moderate, but there is room for improvement in terms of providing more specific details on the organization's resilience to climate-related risks and opportunities.","The sustainability report provides a detailed description of the organization's processes for identifying and assessing climate-related risks. The report describes the risk management processes for identifying and assessing climate-related risks, including how organizations determine the relative significance of climate-related risks in relation to other risks. The report also considers existing and emerging regulatory requirements related to climate change. However, the report lacks specific details on the processes for assessing the potential size and scope of identified climate-related risks and definitions of risk terminology used or references to existing risk classification frameworks used. Overall, the report provides a comprehensive overview of the organization's processes for identifying and assessing climate-related risks, but lacks some specific details.","The sustainability report provides a comprehensive disclosure of the organization's processes for managing climate-related risks. The report describes the processes for managing climate-related risks, including how they make decisions to mitigate, transfer, accept, or control those risks. The report also describes the processes for prioritizing climate-related risks, including how materiality determinations are made within their organizations. The report provides details on the methodology used for climate change scenario analysis to determine the probability of operational and financial impacts. However, the report lacks specific details on how the organization integrates climate change and various operational risks into the ERM system. Overall, the report provides a detailed description of the organization's processes for managing climate-related risks, and the score is 90 out of 100.","The sustainability report provides a comprehensive disclosure of the processes for identifying, assessing, and managing climate-related risks integrated into the organization's overall risk management. The report describes the integration of climate change and various operational risks into the ERM system, the adoption of TCFD recommendations, and the use of scenario analysis to simulate possible outcomes. The report also describes the use of risk questionnaires, risk assessments, and risk management procedures to identify and evaluate risks. However, some requirements have not been met, such as the establishment of a mechanism for information security management and risk simulation exercises, and the formulation of supplier sustainability policies and management. Overall, the report provides a detailed and informative disclosure of the integration of climate-related risks into the organization's overall risk management.","The sustainability report provides some information on the metrics used to assess climate-related risks and opportunities. The report mentions the calculation of greenhouse gas emissions, energy sources used, and waste produced per unit of revenue generated. It also describes the use of a climate change scenario analysis methodology to determine the probability of operational and financial impacts. However, the report lacks specific details on the metrics used to measure and manage climate-related risks and opportunities. There is no mention of metrics consistent with the cross-industry or metrics associated with water, energy, land use, and waste management. The report also does not provide information on whether and how related performance metrics are incorporated into remuneration policies. Overall, the report provides limited information on the metrics used to assess climate-related risks and opportunities.","The report partially meets the requirements for disclosing Scope 1, Scope 2, and Scope 3 GHG emissions. The report provides GHG emissions for all three scopes, but it is not clear if the emissions are calculated using the GHG Protocol methodology. The report does not provide related industry-specific GHG efficiency ratios. The report provides GHG emissions for historical periods, but it is not clear if the methodologies used to calculate or estimate the metrics are described. The report does not provide a clear description of the related risks and how they differ depending on the scope. Overall, the report provides some information on GHG emissions, but it lacks detail and clarity in meeting the requirements.","The sustainability report provides some information on the targets used by the organization to manage climate-related risks and opportunities and performance against targets. The report mentions targets related to GHG emissions, energy usage, and water usage, and provides some details on the time frames and base years for these targets. However, the report lacks specific details on the key performance indicators used to assess progress against targets and the methodologies used to calculate targets and measures. Additionally, the report does not disclose associated interim targets in aggregate or by business line, where available. Overall, the report partially meets the TCFD guidelines for high-quality disclosure pertaining to the TCFD recommendation point."
SCORE,60,50,90,90,70,85,90,90,40,60,70
