,"Company name: DigitalBridge
Company sector: Real Estate and Telecommunication
Company location: ['Boca Raton', 'Los Angeles', 'New York City', 'London', 'Singapore', 'Corporate Headquarters 750 Park of Commerce Drive Suite 210 Boca Raton, FL 33487']
Pages: 48","Company name: DigitalBridge
Company sector: Real Estate and Telecommunication
Company location: ['Boca Raton', 'Los Angeles', 'New York City', 'London', 'Singapore', 'Corporate Headquarters 750 Park of Commerce Drive Suite 210 Boca Raton, FL 33487']
Pages: 48","Company name: DigitalBridge
Company sector: Real Estate and Telecommunication
Company location: ['Boca Raton', 'Los Angeles', 'New York City', 'London', 'Singapore', 'Corporate Headquarters 750 Park of Commerce Drive Suite 210 Boca Raton, FL 33487']
Pages: 48","Company name: DigitalBridge
Company sector: Real Estate and Telecommunication
Company location: ['Boca Raton', 'Los Angeles', 'New York City', 'London', 'Singapore', 'Corporate Headquarters 750 Park of Commerce Drive Suite 210 Boca Raton, FL 33487']
Pages: 48","Company name: DigitalBridge
Company sector: Real Estate and Telecommunication
Company location: ['Boca Raton', 'Los Angeles', 'New York City', 'London', 'Singapore', 'Corporate Headquarters 750 Park of Commerce Drive Suite 210 Boca Raton, FL 33487']
Pages: 48","Company name: DigitalBridge
Company sector: Real Estate and Telecommunication
Company location: ['Boca Raton', 'Los Angeles', 'New York City', 'London', 'Singapore', 'Corporate Headquarters 750 Park of Commerce Drive Suite 210 Boca Raton, FL 33487']
Pages: 48","Company name: DigitalBridge
Company sector: Real Estate and Telecommunication
Company location: ['Boca Raton', 'Los Angeles', 'New York City', 'London', 'Singapore', 'Corporate Headquarters 750 Park of Commerce Drive Suite 210 Boca Raton, FL 33487']
Pages: 48","Company name: DigitalBridge
Company sector: Real Estate and Telecommunication
Company location: ['Boca Raton', 'Los Angeles', 'New York City', 'London', 'Singapore', 'Corporate Headquarters 750 Park of Commerce Drive Suite 210 Boca Raton, FL 33487']
Pages: 48","Company name: DigitalBridge
Company sector: Real Estate and Telecommunication
Company location: ['Boca Raton', 'Los Angeles', 'New York City', 'London', 'Singapore', 'Corporate Headquarters 750 Park of Commerce Drive Suite 210 Boca Raton, FL 33487']
Pages: 48","Company name: DigitalBridge
Company sector: Real Estate and Telecommunication
Company location: ['Boca Raton', 'Los Angeles', 'New York City', 'London', 'Singapore', 'Corporate Headquarters 750 Park of Commerce Drive Suite 210 Boca Raton, FL 33487']
Pages: 48","Company name: DigitalBridge
Company sector: Real Estate and Telecommunication
Company location: ['Boca Raton', 'Los Angeles', 'New York City', 'London', 'Singapore', 'Corporate Headquarters 750 Park of Commerce Drive Suite 210 Boca Raton, FL 33487']
Pages: 48"
,tcfd_1,tcfd_2,tcfd_3,tcfd_4,tcfd_5,tcfd_6,tcfd_7,tcfd_8,tcfd_9,tcfd_10,tcfd_11
ANSWER,"DigitalBridge's Board has allocated the oversight of climate-related risks and opportunities to the Nominating and Corporate Governance committee, which meets regularly to discuss these issues and reports back to the Board. The management of climate-related risks is fully integrated into DigitalBridge’s established risk management practices and framework. The Board evaluates the company’s ability to identify, measure and manage climate change risks during the due diligence process.","DigitalBridge's management collaborates with the Nominating and Governance Committee to identify, assess, and manage climate-related risks and opportunities. The Board has allocated this responsibility to the Nominating and Governance Committee, which meets regularly with management to discuss ESG matters, including climate-related risks. The company identifies and assesses climate-related risks using its established enterprise risk management framework. The company has identified environmental management as an opportunity for creating a competitive advantage across its portfolio.",DigitalBridge has identified climate-related risks and opportunities in line with its strategy and risk management process. The company seeks to create a competitive advantage across its portfolio through environmental management. The company has committed to achieving net-zero greenhouse gas emissions by 2030. The company has asked all portfolio companies to calculate and report their greenhouse gas emissions footprint. The company has prioritized climate change as an ESG issue and has educated portfolio companies on physical and socioeconomic impacts of climate change. The company has integrated climate-related risks into its established enterprise risk management framework.,DigitalBridge sees the opportunity to remain a leading investor by proactively tackling the issue of climate change. The company identifies and assesses climate-related risks using its established enterprise risk management framework. Environmental management provides the opportunity for creating a competitive advantage across its portfolio. The company seeks to institute comprehensive portfolio company ESG reporting at the board level to measure and improve upon climate-related risks and ESG initiatives. DigitalBridge has made a commitment to achieve net-zero greenhouse gas emissions by 2030.,"DigitalBridge's strategy of pursuing Net Zero 2030 enhances its resilience to climate change and climate-related risks. The company's approach to setting science-based targets aligned with SBTi ensures that its strategy is resilient and in line with a 1.5C scenario. The company advises all current portfolio companies to assess their physical climate risks, and its investments undergo an assessment of resiliency, including whether the chosen location is in a 100-year floodplain, as part of the due diligence process.","DigitalBridge identifies and assesses climate-related risks using its established enterprise risk management framework. The Nominating and Governance Committee collaborates with management to report to the Board. Portfolio companies are advised to assess their physical climate risks, and to analyze the exposure and sensitivities of their physical assets to climate risks. DigitalBridge has educated its portfolio companies on both physical and socioeconomic impacts of climate change.","DigitalBridge manages climate-related risks by integrating them into their established enterprise risk management framework, which is overseen by the Nominating and Governance Committee. They have identified opportunities for creating a competitive advantage across their portfolio through environmental management. They have also asked all portfolio companies to calculate and report their greenhouse gas emissions footprint as part of their Net Zero 2030 commitment.","DigitalBridge integrates the identification, assessment, and management of climate-related risks into its established enterprise risk management framework. The Nominating and Governance Committee collaborates with management to report to the Board on ESG matters, including climate-related risks. The company seeks to institute comprehensive ESG reporting at the board level to measure and improve upon climate-related risks and ESG initiatives. The report also discloses the potential impacts of climate-related risks and opportunities on the company's businesses, strategy, and financial planning.","DigitalBridge uses its established enterprise risk management framework to identify and assess climate-related risks. The Nominating and Corporate Governance committee oversees the management of climate-related risks and opportunities, which are integrated into the company's overall risk management practices. The company has committed to achieving net-zero greenhouse gas emissions by 2030, but it is unclear what metrics and targets are used to assess and manage relevant climate-related risks and opportunities.","DigitalBridge does not currently aggregate greenhouse gas emissions at the full portfolio level. However, as part of their Net Zero 2030 commitment, they have asked all their portfolio companies to calculate and report their greenhouse gas emissions footprint. No specific data on Scope 1, Scope 2, or Scope 3 emissions is disclosed, and no specific risks related to these emissions are mentioned.","DigitalBridge has committed to achieving net zero greenhouse gas emissions by 2030. However, there is no specific information on the metrics and targets used to assess and manage relevant climate-related risks and opportunities. The report only mentions that the company identifies and assesses climate-related risks using its established enterprise risk management framework."
SOURCES,"[224, 225, 235, 232, 237, 233, 223, 206]","[224, 225, 226, 231, 232, 233, 234, 235]","[225, 226, 230, 232, 233, 234, 236, 237, 238, 239]","[225, 230, 231, 232, 233, 224, 226, 237, 48, 160, 161, 162, 165, 206, 208, 229, 234, 235, 239]","[231, 206, 161]","[232, 233, 161, 234, 208]","[232, 225, 235, 226, 233, 230, 234, 237, 238]","[232, 234, 233, 235, 226, 224, 237, 208, 165, 231]","[224, 225, 226, 227, 232, 233, 234, 236, 237, 239]","[237, 238, 225, 226, 236, 229, 223]","[224, 238]"
PAGE,"[43, 44, 45, 39]","[43, 44]","[43, 44, 45]","[32, 39, 11, 43, 44, 45]","[32, 44, 39]","[32, 44, 39]","[43, 44, 45]","[32, 39, 43, 44, 45]","[43, 44, 45]","[43, 44, 45]","[43, 45]"
ANALYSIS,"The disclosure provides some information on the board's oversight of climate-related risks and opportunities. It mentions that the Nominating and Corporate Governance committee is responsible for overseeing climate-related risks and opportunities and meets regularly to discuss these issues and report back to the Board. However, the disclosure lacks specific details on how the board and/or board committees consider climate-related issues when reviewing and guiding strategy, major plans of action, risk management policies, annual budgets, and business plans. Additionally, the disclosure does not provide information on how the board monitors and oversees progress against goals and targets for addressing climate-related issues. Overall, the disclosure partially meets the requirements for high-quality disclosure pertaining to the critical element of how the company's board oversees climate-related risks and opportunities.","The sustainability report provides some information on management's role in assessing and managing climate-related risks and opportunities. It mentions that responsibility for managing ESG issues, including climate-related risks, became more embedded across the organization in 2021. The report also describes the organizational structure and processes for identifying and assessing climate-related risks. However, it lacks specific details on how management is informed about climate-related issues and how it monitors them. Additionally, the report does not mention whether management positions or committees report to the board or a committee of the board. Overall, the disclosure partially meets the TCFD guidelines for high-quality disclosure pertaining to the TCFD recommendation point.","The sustainability report provides some information on climate-related risks and opportunities, but it lacks specificity and detail. The report does not provide a clear description of the relevant short-, medium-, and long-term time horizons, nor does it describe the specific climate-related issues that could have a material financial impact on the organization. While the report mentions the process used to determine which risks and opportunities could have a material financial impact, it does not provide a detailed description of this process. The report does not provide a description of risks and opportunities by sector and/or geography. Overall, the report lacks the necessary components for high-quality disclosure pertaining to the critical element.","The sustainability report provides some information on how climate-related risks and opportunities impact the organization's business strategy, economic and financial performance, and financial planning. The report discusses the identified climate-related issues and their impact on the organization's business, strategy, and financial planning. It also describes the organization's processes for identifying and assessing climate-related risks and how these risks are prioritized. However, the report lacks specific details on the impact of climate-related issues on the organization's financial performance and financial position. Additionally, the report does not provide information on how climate-related issues serve as an input to the organization's financial planning process. Overall, the report partially meets the TCFD guidelines and scores 60 out of 100.","The sustainability report provides some information on the organization's strategy resilience to climate-related risks and opportunities, including a 2°C or lower scenario. The report mentions the Net Zero 2030 commitment and the alignment with SBTi, which ensures that the strategy is resilient and in line with a 1.5C scenario. The report also discusses the potential impact of climate-related issues on financial performance and the climate-related scenarios considered. However, the report lacks specific details on how the organization's strategy might change to address potential risks and opportunities. The report provides some information on the organization's processes for identifying and assessing climate-related risks, but it lacks specific details on how the organization manages these risks. Overall, the report partially meets the TCFD guidelines and scores 60 out of 100.","The sustainability report provides some information on the organization's processes for identifying and assessing climate-related risks. The report describes the organization's risk management processes for identifying and assessing climate-related risks and how they determine the relative significance of climate-related risks in relation to other risks. The report also discloses that the organization considers existing and emerging regulatory requirements related to climate change. However, the report lacks details on the processes for assessing the potential size and scope of identified climate-related risks and definitions of risk terminology used or references to existing risk classification frameworks used. Overall, the disclosure is somewhat satisfactory but could benefit from more specific details.","The sustainability report provides some information on how the organization manages climate-related risks. The report describes the organization's processes for identifying and assessing climate-related risks and how materiality determinations are made within the organization. The report also describes the actual and potential impacts of climate-related risks and opportunities on the organization's businesses, strategy, and financial planning where such information is material. However, the report lacks specific details on how the organization makes decisions to mitigate, transfer, accept, or control those risks. The report also lacks information on the climate-related risks and opportunities the organization has identified over the short-, medium-, and long-term. Overall, the report provides some information on how the organization manages climate-related risks, but it could be more detailed and specific.","The sustainability report provides some information on how the organization identifies, assesses, and manages climate-related risks. The report mentions that the company uses an established enterprise risk management framework to identify and assess climate-related risks. It also states that the Nominating and Governance Committee collaborates with management to identify and manage ESG matters, including climate-related risks. However, the report lacks specific details on how the processes for identifying, assessing, and managing climate-related risks are integrated into the organization's overall risk management. The report also does not disclose the actual and potential impacts of climate-related risks and opportunities on the organization's businesses, strategy, and financial planning. Overall, the report partially meets the TCFD guidelines and lacks specific details, resulting in a score of 60.","The sustainability report provides some information on the metrics used to assess climate-related risks and opportunities. The report mentions that the company identifies and assesses climate-related risks using its established enterprise risk management framework. It also describes the processes for managing climate-related risks and opportunities and the Board's oversight of these risks. However, the report lacks specific details on the metrics used to measure and manage climate-related risks and opportunities. It does not provide metrics on climate-related risks associated with water, energy, land use, and waste management. The report also does not provide information on whether and how related performance metrics are incorporated into remuneration policies. Overall, the report provides some information on the TCFD recommendation point, but it lacks specific details on the metrics used to assess climate-related risks and opportunities.","The sustainability report provides some information on the organization's greenhouse gas emissions and related risks. However, the disclosure is insufficient to meet the TCFD guidelines. The report does not provide Scope 1 and Scope 2 GHG emissions independent of a materiality assessment, nor does it provide Scope 3 GHG emissions and related risks. The report does not describe the methodologies used to calculate or estimate the metrics. The report does not provide GHG emissions and associated metrics for historical periods to allow for trend analysis. The report does not provide generally accepted industry-specific GHG efficiency ratios. The report does not provide metrics and targets used to assess and manage relevant climate-related risks and opportunities. The report does not describe the actual and potential impacts of climate-related risks and opportunities on the organization's businesses, strategy, and financial planning where such information is material.","The sustainability report provides some information on the targets used by the organization to manage climate-related risks and opportunities and performance against targets. The report mentions the organization's commitment to achieving net-zero greenhouse gas emissions by 2030, but it does not provide any specific details on the targets, such as whether they are absolute or intensity-based, time frames, base year, or key performance indicators. The report also lacks information on the methodologies used to calculate targets and measures. While the report mentions the Board's oversight of climate-related risks and opportunities, it does not provide any specific details on the processes for identifying, assessing, and managing climate-related risks. Overall, the disclosure is insufficient in meeting the TCFD guidelines."
SCORE,60,60,40,60,60,70,70,60,60,20,40
