,"Company name: Edwards Lifesciences
Company sector: Medical Devices
Company location: Irvine, California, USA
Pages: 92","Company name: Edwards Lifesciences
Company sector: Medical Devices
Company location: Irvine, California, USA
Pages: 92","Company name: Edwards Lifesciences
Company sector: Medical Devices
Company location: Irvine, California, USA
Pages: 92","Company name: Edwards Lifesciences
Company sector: Medical Devices
Company location: Irvine, California, USA
Pages: 92","Company name: Edwards Lifesciences
Company sector: Medical Devices
Company location: Irvine, California, USA
Pages: 92","Company name: Edwards Lifesciences
Company sector: Medical Devices
Company location: Irvine, California, USA
Pages: 92","Company name: Edwards Lifesciences
Company sector: Medical Devices
Company location: Irvine, California, USA
Pages: 92","Company name: Edwards Lifesciences
Company sector: Medical Devices
Company location: Irvine, California, USA
Pages: 92","Company name: Edwards Lifesciences
Company sector: Medical Devices
Company location: Irvine, California, USA
Pages: 92","Company name: Edwards Lifesciences
Company sector: Medical Devices
Company location: Irvine, California, USA
Pages: 92","Company name: Edwards Lifesciences
Company sector: Medical Devices
Company location: Irvine, California, USA
Pages: 92"
,tcfd_1,tcfd_2,tcfd_3,tcfd_4,tcfd_5,tcfd_6,tcfd_7,tcfd_8,tcfd_9,tcfd_10,tcfd_11
ANSWER,"The Board's Audit Committee, CFO, and Vice President of Enterprise Risk Management consider various potential risks to the company, including those related to climate change. The Chairman and CEO has performance management objectives for improving the sustainability strategy, metrics, and disclosures. Sustainability targets are included in the CEO's performance goals annually. However, the report lacks specific details on how the Board oversees climate-related risks and opportunities.","Edwards Lifesciences' management, including the Board's Audit Committee, CFO, and Vice President of Enterprise Risk Management, consider climate-related risks and opportunities annually and as needed. The company incorporates the potential impact of changing weather patterns into its assessments and works with its insurance provider to ensure its global facilities have appropriate weather damage-prevention features, emergency response systems, and business recovery processes. Edwards also integrates sustainability factors into its ERM process and strategic planning process annually.","Edwards Lifesciences has identified changing weather patterns as a potential risk that may cause business interruptions. The company incorporates the potential impact of floods, wildfires, and other weather events into its assessments and works with its insurance provider to ensure its global facilities have appropriate weather damage-prevention features, emergency response systems, and business recovery processes. However, the report lacks specific details on the most relevant climate-related risks and opportunities identified over the short, medium, and long term.","Edwards Lifesciences acknowledges that changing weather patterns may cause business interruptions and incorporates the potential impact of floods, wildfires, and other weather events into their assessments. They work with their insurance provider to ensure their global facilities have appropriate weather damage-prevention features, emergency response systems, and business recovery processes. They review and assess the risk factors outlined in the Taskforce for Climate-related Financial Disclosures for material relevance to Edwards. They integrate sustainability factors into their strategic planning process annually and have set sustainability targets for their most material topics. However, the report lacks concrete data on the financial impact of climate-related risks and opportunities on the company's economic and financial performance.","Edwards Lifesciences integrates sustainability factors in their strategic planning process annually and incorporates the potential impact of floods, wildfires, and other weather events into their assessments. They work with their insurance provider to ensure their global facilities have appropriate weather damage-prevention features, emergency response systems, and business recovery processes. However, the report lacks concrete data on the resilience of their strategy in different climate-related scenarios.","Edwards Lifesciences identifies and assesses climate-related risks by incorporating the potential impact of floods, wildfires, and other weather events into their assessments. They work with their insurance provider to ensure their global facilities have appropriate weather damage-prevention features, emergency response systems, and business recovery processes. They also review and assess the risk factors outlined in the Taskforce for Climate-related Financial Disclosures for material relevance to Edwards and consider changing weather patterns that may cause business interruptions. They assess enterprise risk quarterly and prioritize top risks. They also integrate sustainability factors into their ERM process by incorporating ESG considerations into their strategic planning process annually.","Edwards Lifesciences manages climate-related risks by incorporating potential impacts of floods, wildfires, and other weather events into their assessments. They work with their insurance provider to ensure their global facilities have appropriate weather damage-prevention features, emergency response systems, and business recovery processes. They have a strong business continuity process with standardized plans across global manufacturing sites and routine exercises to test readiness. They also integrate sustainability factors into their ERM process and strategic planning process annually. They have a cross-functional Sustainability Council that develops and drives the implementation of sustainability initiatives using a robust management framework. They maintain both a business continuity plan and cyber incident response plan with formalized workflows, playbooks, and simulation exercises that are conducted every year and involve their CEO. They also engage external partners to conduct various audits and tests on their IT infrastructure to proactively identify potential vulnerabilities.","Edwards Lifesciences integrates sustainability factors into their enterprise risk management process, including climate-related risks. The Strategic Planning process considers risks and opportunities to Edwards on a seven-year time horizon. However, the report lacks specific details on how climate-related risks are identified, assessed, and managed.","The sustainability report does not provide specific metrics used to assess climate-related risks and opportunities. However, the report states that sustainability factors are integrated into the annual strategic planning process and enterprise risk management process to ensure alignment with the company's strategy and risk management. The report also mentions that changing weather patterns may cause business interruptions, and the company incorporates the potential impact of floods, wildfires, and other weather events into its assessments.","Yes, Edwards Lifesciences discloses its Scope 1, Scope 2, and Scope 3 greenhouse gas emissions in its EHS Report on pages 28-31. However, the report lacks specific figures on these emissions. The related risks are not identified specifically to GHG emissions but rather general climate-related risks.","The report does not provide specific targets used to understand/quantify/benchmark climate-related risks and opportunities. However, the company has established a Sustainability Council comprising senior leaders from across the organization to guide their sustainability strategy and disclosure. The report states that the team continues to assess and report progress on their targets annually, but no specific targets are mentioned."
SOURCES,"[123, 128, 136, 141, 142, 150, 157, 159, 160, 51, 52]","[141, 142, 159, 138, 136]","[141, 159, 52]","[141, 142, 139, 18, 138, 50, 159, 157, 128, 495, 74, 160, 496, 52, 158, 145, 101, 136, 291, 33]","[139, 141, 157, 142, 50, 74, 18, 138, 41, 52, 145, 49, 160, 364, 489, 484, 495, 51, 3]","[141, 142, 138, 159, 50]","[141, 142, 139, 159, 157, 136, 158, 145, 511, 50, 268, 267, 83, 52, 143]","[138, 139, 141, 142, 157, 158, 159, 503]","[139, 138, 141, 157, 128, 52, 50, 291, 142, 18, 83, 489, 158, 511]",[499],"[51, 52]"
PAGE,"[10, 25, 26, 27, 28]","[26, 27, 28]","[10, 27, 28]","[2, 4, 9, 10, 15, 49, 85, 21, 25, 26, 27, 28]","[1, 2, 6, 9, 10, 59, 15, 81, 83, 85, 26, 27, 28]","[9, 26, 27, 28]","[9, 10, 46, 19, 89, 26, 27, 28]","[26, 27, 28, 87]","[89, 2, 9, 10, 49, 19, 83, 25, 26, 27, 28]",[86],[10]
ANALYSIS,"The disclosure provides some information on the board's oversight of climate-related risks and opportunities, but it lacks specific details and does not fully meet the TCFD guidelines. The disclosure mentions that the board and/or board committees are informed about potential risks, including those related to changing weather patterns, and that the board oversees the development of corporate strategy and financial and operational risk. However, there is no discussion of how the board considers climate-related issues when reviewing and guiding strategy, risk management policies, and business plans, nor is there any information on how the board monitors and oversees progress against goals and targets for addressing climate-related issues. Overall, the disclosure is insufficiently detailed and does not provide a comprehensive picture of the board's oversight of climate-related risks and opportunities.","The disclosure provides some information on management's role in assessing and managing climate-related risks and opportunities. It mentions that the Board's Audit Committee and the Vice President of Enterprise Risk Management consider various potential risks to the company, including those related to changing weather patterns. It also describes the processes by which management is informed about climate-related issues and how management monitors climate-related issues. However, the disclosure lacks specific information on whether the organization has assigned climate-related responsibilities to management-level positions or committees and whether such management positions or committees report to the board or a committee of the board. It also does not provide a clear description of the associated organizational structure. Overall, the disclosure partially meets the requirements, but there is room for improvement.","The sustainability report provides limited information on the climate-related risks and opportunities that the organization has identified over the short, medium, and long term. While the report mentions that changing weather patterns may cause business interruptions, it does not provide a clear description of specific climate-related issues potentially arising in each time horizon that could have a material financial impact on the organization. The report also lacks information on the process used to determine which risks and opportunities could have a material financial impact on the organization. While the report mentions that sustainability factors are incorporated into the risk assessments, it does not provide a clear description of the relevant short-, medium-, and long-term time horizons. The report does not provide a description of risks and opportunities by sector and/or geography.","The sustainability report provides some information on how climate-related risks and opportunities impact the organization's businesses strategy, economic and financial performance, and financial planning. The report mentions that changing weather patterns may cause business interruptions and that the company incorporates the potential impact of floods, wildfires, and other weather events into its assessments. The report also discusses the integration of sustainability factors into the strategic planning process and the consideration of risks related to climate change in the enterprise-wide risk management practices. However, the report lacks specific details on the impact of climate-related issues on the organization's financial performance and financial position. The report also does not describe how climate-related issues serve as an input to the financial planning process, the time period used, and how these risks and opportunities are prioritized. Overall, the disclosure quality is moderate.","The given disclosure provides some information on the organization's resilience to climate-related risks and opportunities, but it does not meet all the requirements outlined in the critical element. The disclosure mentions that the organization has a strong business continuity process, agile crisis management process, and incorporates the potential impact of changing weather patterns into its assessments. However, it does not provide specific details on how the organization's strategies might change to address potential risks and opportunities, the potential impact of climate-related issues on financial performance and position, or the climate-related scenarios and associated time horizons considered. Therefore, the disclosure is insufficient to rate the organization's strategy's resilience to different climate-related scenarios.","The sustainability report provides some information on the organization's processes for identifying and assessing climate-related risks. The report mentions that the organization considers changing weather patterns and incorporates them into their risk assessments. The report also describes the organization's enterprise risk management process, which includes assessing and prioritizing risks. However, the report lacks specific details on how the organization determines the relative significance of climate-related risks in relation to other risks. The report does not disclose whether the organization considers existing and emerging regulatory requirements related to climate change. Additionally, the report does not provide information on the processes for assessing the potential size and scope of identified climate-related risks or definitions of risk terminology used or references to existing risk classification frameworks used. Overall, the disclosure is insufficient and does not meet most of the requirements.","The report provides some information on how the organization manages climate-related risks. It mentions that the Board's Audit Committee and the Vice President of Enterprise Risk Management consider various potential risks to the company, including those related to changing weather patterns. The report also states that the organization incorporates the potential impact of floods, wildfires, and other weather events into its assessments and works with its insurance provider to ensure its global facilities have appropriate weather damage-prevention features, emergency response systems, and business recovery processes. However, the report lacks specific details on how the organization makes decisions to mitigate, transfer, accept, or control climate-related risks and how materiality determinations are made within the organization.","The sustainability report provides some information on how the organization integrates climate-related risks into its overall risk management. The report mentions that the enterprise risk is assessed and prioritized using quantitative and qualitative inputs on multiple key dimensions, including strategic planning process, and the Enterprise Risk Council reviews and prioritizes top risks quarterly. The report also mentions that the organization incorporates the potential impact of floods, wildfires, and other weather events into its assessments and works with its insurance provider to ensure its global facilities have appropriate weather damage-prevention features. However, the report lacks specific details on how the organization identifies, assesses, and manages climate-related risks. The report could provide more information on the processes and methodologies used to integrate climate-related risks into the overall risk management process.","The given disclosure does not provide any specific information on the metrics used by the organization to assess climate-related risks and opportunities. While the report mentions the incorporation of sustainability factors in the annual strategic planning process and the consideration of macro trends such as climate change in enterprise-wide risk management practices, it does not provide any details on the specific metrics used. The report also does not mention whether and how related performance metrics are incorporated into remuneration policies. While the report provides some information on the organization's risk management process, it does not provide any information on how the metrics help ensure that the performance is in line with its strategy and risk management process. Therefore, the report does not meet the TCFD guidelines for this TCFD recommendation point.","The sustainability report provides some information on greenhouse gas  emissions, but it does not meet the requirements for high-quality disclosure. The report does not disclose Scope 1 and Scope 2 GHG emissions independent of a materiality assessment, and it does not provide Scope 3 GHG emissions and related risks. The report does not provide GHG emissions for historical periods, nor does it describe the methodologies used to calculate or estimate the metrics. The report does not provide generally accepted industry-specific GHG efficiency ratios. The report does not calculate GHG emissions in line with the GHG Protocol methodology. Therefore, the report does not meet the requirements for high-quality disclosure on GHG emissions and related risks.","The sustainability report provides limited information on the targets used by the organization to manage climate-related risks and opportunities and performance against targets. While the report mentions sustainability targets, it does not provide specific details on the targets, such as whether they are absolute or intensity-based, time frames, base year, and key performance indicators. The report also lacks information on the methodologies used to calculate targets and measures. The report provides some information on the integration of sustainability factors into the strategic planning process and risk assessments. However, the information is not sufficient to meet the requirements for high-quality disclosure on this TCFD recommendation point."
SCORE,50,60,30,60,50,40,60,60,0,20,30
