,"Company name: The Chemours Company
Company sector: Performance Chemicals
Company location: Wilmington, Delaware, United States of America
Pages: 136","Company name: The Chemours Company
Company sector: Performance Chemicals
Company location: Wilmington, Delaware, United States of America
Pages: 136","Company name: The Chemours Company
Company sector: Performance Chemicals
Company location: Wilmington, Delaware, United States of America
Pages: 136","Company name: The Chemours Company
Company sector: Performance Chemicals
Company location: Wilmington, Delaware, United States of America
Pages: 136","Company name: The Chemours Company
Company sector: Performance Chemicals
Company location: Wilmington, Delaware, United States of America
Pages: 136","Company name: The Chemours Company
Company sector: Performance Chemicals
Company location: Wilmington, Delaware, United States of America
Pages: 136","Company name: The Chemours Company
Company sector: Performance Chemicals
Company location: Wilmington, Delaware, United States of America
Pages: 136","Company name: The Chemours Company
Company sector: Performance Chemicals
Company location: Wilmington, Delaware, United States of America
Pages: 136","Company name: The Chemours Company
Company sector: Performance Chemicals
Company location: Wilmington, Delaware, United States of America
Pages: 136","Company name: The Chemours Company
Company sector: Performance Chemicals
Company location: Wilmington, Delaware, United States of America
Pages: 136","Company name: The Chemours Company
Company sector: Performance Chemicals
Company location: Wilmington, Delaware, United States of America
Pages: 136"
,tcfd_1,tcfd_2,tcfd_3,tcfd_4,tcfd_5,tcfd_6,tcfd_7,tcfd_8,tcfd_9,tcfd_10,tcfd_11
ANSWER,"The board and its committees receive regular updates from senior management on environmental, social, and economic risks and opportunities, including climate. The board oversees the strategic planning process and reviews and monitors management’s execution of the corporate and business plan. Each board standing committee oversees specific risk areas relevant to their respective charters. However, the report lacks specific details on metrics and targets used to assess and manage climate-related risks and opportunities, and how the board integrates climate-related risks into the overall risk management process.","Chemours measures climate-related metrics such as energy, greenhouse gases, water, and waste. Management identifies, assesses, and manages climate-related risks and opportunities in line with its strategy and risk management process. The board oversees climate-related risks and opportunities, and the organization discloses its governance, metrics, and targets for managing relevant climate-related risks and opportunities.","The Chemours Company has identified climate-related risks and opportunities over the short, medium, and long term. However, the report lacks specificity on the identified risks and opportunities and their associated horizons. The report mentions the integration of climate-related risks into the organization's overall risk management, but it is unclear how this is done. The report also includes some cheap talks, such as mentioning the Paris Agreement without providing concrete actions taken to support it.","The Chemours Company's sustainability report discloses the actual and potential impacts of climate-related risks and opportunities on the organization's businesses, strategy, and financial planning. The report also discloses how the organization identifies, assesses, and manages climate-related risks, and how processes for identifying, assessing, and managing climate-related risks are integrated into the organization's overall risk management. The report also describes the resilience of the organization's strategy, taking into consideration different climate-related scenarios, including a 2°C or lower scenario. However, the report lacks concrete data on metrics and targets used to assess and manage relevant climate-related risks and opportunities, and the board's oversight of climate-related risks and opportunities.","The report mentions that Chemours plans to conduct climate physical risk scenario analyses in 2021 to better understand potential risks to its operations and supply chain, and to inform its resiliency planning process. However, it is unclear whether the company has already conducted such analyses in the past or has taken any concrete steps to address the identified risks. Therefore, the resilience of the organization's strategy when considering different climate-related scenarios, including a 2°C target or lower scenario, is uncertain.","The Chemours Company identifies and assesses climate-related risks through scenario analysis, risk management processes, and metrics/targets. The organization discloses its governance, strategy, and risk management processes for climate-related risks and opportunities. The company also discloses its scope 1, scope 2, and scope 3 GHG emissions and related risks. However, the report lacks specific details on the metrics and targets used to assess and manage relevant climate-related risks and opportunities.","The Chemours Company discloses metrics and targets used to assess and manage relevant climate-related risks and opportunities. The company also identifies, assesses, and manages climate-related risks through its governance structure, which includes a member of the Corporate Responsibility Leadership Team  accountable for monitoring external trends, assessing climate-related opportunities and risks, assisting with strategy and resource allocation, and providing regular updates to the CRLT. The board receives regular updates from senior management on climate-related risks and opportunities, and the company evaluates its resilience to different climate-related scenarios. However, the report lacks concrete information on the actual actions and strategies implemented to manage these risks.","The report does not provide a clear and detailed description of how the processes for identifying, assessing, and managing climate-related risks are integrated into the organization's overall risk management. The report only mentions that the board and its committees receive regular updates from senior management on environmental, social, and economic risks and opportunities, including climate. However, it is unclear how this information is used to manage climate-related risks.","The Chemours Company uses energy, greenhouse gases, water, and waste metrics to assess climate-related risks and opportunities. The metrics help ensure that the performance is in line with its strategy and risk management process. The organization also discloses how it identifies, assesses, and manages climate-related risks, and integrates these risks into its overall risk management process. The board oversees climate-related risks and opportunities, and the company uses scenario analysis to assess the resilience of its strategy. The company also discloses its emissions targets and progress, and evaluates the effectiveness of its management approach through internal and external audits.","The Chemours Company discloses its Scope 1 and Scope 2 GHG emissions, but it is unclear if they disclose Scope 3 emissions. The related risks are not specified in the report. The report lacks specific data on emissions and instead provides vague statements, making it difficult to verify the company's claims.","The Chemours Company discloses metrics and targets used to assess and manage relevant climate-related risks and opportunities. The company measures energy, greenhouse gases, water, and waste. However, there is no information on how the organization is performing against these targets."
SOURCES,"[129, 156]","[926, 933, 927, 923, 930, 928, 924, 932, 931, 148, 129, 496, 499, 934, 497]","[923, 926, 927]","[927, 930, 933, 922, 925, 932, 923, 924, 928, 129, 476, 931, 135, 151, 942, 499, 498]",[931],"[933, 928, 925, 923, 930, 926, 927, 198, 924, 932, 497, 931, 197, 941, 158, 202, 203, 135, 934]","[933, 928, 923, 926, 927, 925, 922, 932, 924, 941, 497, 129, 934, 476, 151, 499, 135]","[923, 924, 497, 476, 129]","[930, 926, 923, 933, 931, 925, 927, 928, 922, 924, 934, 476, 496, 129, 198, 942, 497, 499]","[547, 553, 992]","[923, 931, 934]"
PAGE,"[20, 23]","[66, 20, 22, 120, 121]",[120],"[64, 66, 20, 23, 120, 121, 123]",[121],"[66, 20, 23, 120, 121, 123, 29]","[64, 66, 20, 23, 120, 121, 123]","[120, 66, 64, 20]","[64, 66, 20, 120, 121, 123, 29]","[73, 130]","[120, 121]"
ANALYSIS,"The given disclosure provides some information on the board's oversight of climate-related risks and opportunities. The report mentions that the board and its committees receive regular updates on environmental, social, and economic risks and opportunities, including climate. However, the report lacks specific details on how the board considers climate-related issues when reviewing and guiding strategy, risk management policies, and business plans. The report also does not provide information on how the board monitors and oversees progress against goals and targets for addressing climate-related issues. Overall, the disclosure partially meets the requirements for high-quality disclosure pertaining to the board's oversight of climate-related risks and opportunities.","The sustainability report provides limited information on management's role in assessing and managing climate-related risks and opportunities. The report does not provide information on whether the organization has assigned climate-related responsibilities to management-level positions or committees, the associated organizational structure, and how management is informed about climate-related issues. The report briefly mentions the board's oversight of climate-related risks and opportunities. However, it does not provide information on how management monitors climate-related issues. The report partially meets the requirement of describing the processes for identifying, assessing, and managing climate-related risks. The report provides some information on metrics and targets used to assess and manage relevant climate-related risks and opportunities. Overall, the report lacks specific details and does not meet most of the requirements.","The sustainability report provides some information on the climate-related risks and opportunities identified by the organization over the short, medium, and long term. The report describes the relevant time horizons and lists the specific climate-related issues that could have a material financial impact on the organization. However, the report lacks details on the process used to determine which risks and opportunities could have a material financial impact on the organization. Additionally, the report does not provide a description of risks and opportunities by sector and/or geography, as appropriate. Overall, the report provides some information on the TCFD recommendation point, but there is room for improvement in terms of meeting all the TCFD guidelines.","The sustainability report provides some information on how climate-related risks and opportunities impact the organization's businesses, strategy, and financial planning. The report mentions the impact of climate-related risks and opportunities on products and services, supply chain, adaptation and mitigation activities, investment in research and development, operations, acquisitions or divestments, and access to capital. However, the report lacks specific details on how these risks and opportunities have affected the organization's financial performance and financial position. The report also fails to describe how climate-related issues serve as an input to the organization's financial planning process, the time period used, and how these risks and opportunities are prioritized. Overall, the report provides some information but lacks specific details and fails to meet some of the TCFD guidelines.","The sustainability report provides some information on the organization's resilience to climate-related risks and opportunities, including a 2°C or lower scenario. The report discusses the potential impact of climate-related issues on financial performance and position. The report also describes the organization's process for identifying, assessing, and managing climate-related risks. However, the report lacks specific details on how the organization's strategy might change to address potential risks and opportunities. Additionally, the report does not provide information on the climate-related scenarios and associated time horizon considered. Overall, the report provides some information on the organization's resilience to climate-related risks and opportunities, but lacks specific details on certain TCFD guidelines.","The sustainability report provides some information on the organization's processes for identifying and assessing climate-related risks. The report describes the risk management processes for identifying and assessing climate-related risks and considers existing and emerging regulatory requirements related to climate change. However, the report lacks specific details on how the organization determines the relative significance of climate-related risks in relation to other risks. The report also does not disclose the processes for assessing the potential size and scope of identified climate-related risks and definitions of risk terminology used or references to existing risk classification frameworks used. Overall, the report provides some information but lacks specific details on the organization's processes for identifying and assessing climate-related risks.","The disclosure provides a comprehensive description of the organization's processes for managing climate-related risks. The report describes how the organization identifies, assesses, and manages climate-related risks, including how they make decisions to mitigate, transfer, accept, or control those risks. The report also describes the organization's processes for prioritizing climate-related risks, including how materiality determinations are made within their organizations. The report discloses the metrics and targets used to assess and manage relevant climate-related risks and opportunities where such information is material. However, the report lacks specific details on how the organization integrates climate-related risks into its overall risk management process. Overall, the disclosure meets most of the requirements, and the score is 85.","The sustainability report provides a comprehensive description of the organization's processes for identifying, assessing, and managing climate-related risks and how they are integrated into the overall risk management. The report meets the requirement of describing the processes for identifying, assessing, and managing climate-related risks and how they are integrated into the overall risk management. The report also discloses the metrics and targets used to assess and manage relevant climate-related risks and opportunities. However, the report lacks specific details on the targets used by the organization to manage climate-related risks and opportunities. Overall, the report provides a good level of disclosure quality on the critical element of how processes for identifying, assessing, and managing climate-related risks are integrated into the organization's overall risk management.","The sustainability report provides some information on the metrics used to assess climate-related risks and opportunities. The report mentions the key metrics used to measure and manage climate-related risks and opportunities, including energy, greenhouse gases, water, and waste. The report also mentions the internal carbon prices and climate-related opportunity metrics. However, the report lacks specific details on the metrics used and how they help ensure that the performance is in line with its strategy and risk management process. The report does not provide forward-looking metrics for the cross-industry, consistent with their business or strategic planning time horizons. Overall, the report partially meets the requirements for high-quality disclosure pertaining to the critical element.","The sustainability report provides a detailed disclosure of the organization's Scope 1 and Scope 2 GHG emissions, as well as Scope 3 emissions and the related risks. The report also mentions the use of the GHG Protocol methodology to calculate GHG emissions and provides historical data for trend analysis. However, the report does not explicitly state that GHG emissions are provided independent of a materiality assessment, and there is no mention of industry-specific GHG efficiency ratios. Additionally, while the report provides a description of the methodologies used to calculate or estimate the metrics, it is not clear if the emissions are reported in line with the GHG Protocol Corporate Accounting and Reporting Standard. Overall, the report provides a good level of disclosure, but there is room for improvement.","The sustainability report provides some information on the targets used by the organization to manage climate-related risks and opportunities and performance against targets. The report mentions that Chemours measures climate-related metrics such as energy, greenhouse gases, water, and waste. However, the report lacks specific details on the targets, such as whether they are absolute or intensity-based, time frames over which the target applies, base year from which progress is measured, and key performance indicators used to assess progress against targets. The report also does not provide a description of the methodologies used to calculate targets and measures. Overall, the report provides some information on the targets used by the organization, but it lacks specific details required for high-quality disclosure."
SCORE,60,40,70,60,70,70,85,85,60,80,60
