,"Company name: Alexandria Real Estate Equities, Inc.
Company sector: Real Estate
Company location: ['Pasadena, CA', 'San Diego', 'Seattle', 'Maryland', 'Research Triangle']
Pages: 53","Company name: Alexandria Real Estate Equities, Inc.
Company sector: Real Estate
Company location: ['Pasadena, CA', 'San Diego', 'Seattle', 'Maryland', 'Research Triangle']
Pages: 53","Company name: Alexandria Real Estate Equities, Inc.
Company sector: Real Estate
Company location: ['Pasadena, CA', 'San Diego', 'Seattle', 'Maryland', 'Research Triangle']
Pages: 53","Company name: Alexandria Real Estate Equities, Inc.
Company sector: Real Estate
Company location: ['Pasadena, CA', 'San Diego', 'Seattle', 'Maryland', 'Research Triangle']
Pages: 53","Company name: Alexandria Real Estate Equities, Inc.
Company sector: Real Estate
Company location: ['Pasadena, CA', 'San Diego', 'Seattle', 'Maryland', 'Research Triangle']
Pages: 53","Company name: Alexandria Real Estate Equities, Inc.
Company sector: Real Estate
Company location: ['Pasadena, CA', 'San Diego', 'Seattle', 'Maryland', 'Research Triangle']
Pages: 53","Company name: Alexandria Real Estate Equities, Inc.
Company sector: Real Estate
Company location: ['Pasadena, CA', 'San Diego', 'Seattle', 'Maryland', 'Research Triangle']
Pages: 53","Company name: Alexandria Real Estate Equities, Inc.
Company sector: Real Estate
Company location: ['Pasadena, CA', 'San Diego', 'Seattle', 'Maryland', 'Research Triangle']
Pages: 53","Company name: Alexandria Real Estate Equities, Inc.
Company sector: Real Estate
Company location: ['Pasadena, CA', 'San Diego', 'Seattle', 'Maryland', 'Research Triangle']
Pages: 53","Company name: Alexandria Real Estate Equities, Inc.
Company sector: Real Estate
Company location: ['Pasadena, CA', 'San Diego', 'Seattle', 'Maryland', 'Research Triangle']
Pages: 53","Company name: Alexandria Real Estate Equities, Inc.
Company sector: Real Estate
Company location: ['Pasadena, CA', 'San Diego', 'Seattle', 'Maryland', 'Research Triangle']
Pages: 53"
,tcfd_1,tcfd_2,tcfd_3,tcfd_4,tcfd_5,tcfd_6,tcfd_7,tcfd_8,tcfd_9,tcfd_10,tcfd_11
ANSWER,"The Board of Directors oversees the management of climate-related risks, and the Audit Committee of the Board of Directors provides leadership oversight. Alexandria's Sustainability Committee leads the development and execution of the company's approach to climate-related risk. The company's approach to climate readiness focuses on physical and transition risks and is aligned with TCFD guidelines. However, the report lacks specific details on the board's actions and responsibilities regarding climate issues.","The Sustainability Committee, comprising members of the executive team and senior decision-makers, leads the development and execution of Alexandria's approach to climate-related risk. The Board of Directors oversees the management of the company's financial and other systemic risks, including those related to climate. The report mentions the company's alignment with TCFD guidelines and its focus on physical and transition risks. However, the report lacks specific details on the management's role in assessing and managing climate-related risks and opportunities.","Alexandria Real Estate Equities, Inc. has identified physical and transition risks associated with climate change, including acute and chronic climate hazards. The company is considering two climate change scenarios for 2030 and 2050 when evaluating physical risk. Alexandria is also focusing on innovating the sustainable design of its laboratory buildings and reducing operational carbon, energy, and water. Tenant preferences for green, efficient, and healthy buildings are seen as an opportunity. Risks are associated with a horizon.","Alexandria Real Estate Equities, Inc. proactively manages and mitigates climate risks and opportunities aligned with TCFD guidelines. The company considers physical and transition risks and analyzes climate data, property damage losses, and climate hazards. The Board of Directors oversees the management of climate-related risks, and the Sustainability Committee leads the development and execution of the approach to climate-related risk. The company is focusing on innovating sustainable design, transitioning to a low-carbon economy, and understanding climate scenarios aligned with tenants' and cities' efforts to mitigate climate change.","Alexandria Real Estate Equities, Inc. is in the preliminary stages of assessing potential risks associated with climate change scenarios for 2030 and 2050. The company considers two climate change scenarios when evaluating physical risk: a business-as-usual scenario in which GHG emissions continue to increase with time  and a mitigation scenario in which greenhouse gas  emissions level off by 2050 and decline thereafter . The report does not provide sufficient information to determine the resilience of the company's strategy when considering different climate-related scenarios, including a 2°C target or lower scenario. The report mentions that Alexandria is developing new resilience guidelines to design buildings with materials, systems, and features to manage predicted climate hazards and maintain building operability after a climate event as an additional tool to guide our project teams going forward. However, the report lacks concrete data on the effectiveness of these guidelines in enhancing the resilience of the company's strategy.","The company uses climate modeling, physical inspections, and climate resilience consultants to identify and assess climate-related risks. They also consider climate scenarios aligned with regulatory and market signals. However, the report lacks specific details on the processes used to identify and assess climate-related risks.",Alexandria Real Estate Equities manages climate-related risks by proactively focusing on physical and transition risks aligned with TCFD guidelines. The Sustainability Committee leads the development and execution of their approach to climate-related risk. They utilize climate resilience consultants to develop and implement a physical risk evaluation and mitigation framework. They also use climate models to identify potential climate hazards and conduct physical inspections to assess resilience and vulnerability. They are preparing for the transition to a low-carbon economy and are developing their strategy for the transition to net-zero by crafting and implementing approaches to decarbonize building design.,"Alexandria Real Estate Equities, Inc. has integrated the identification, assessment, and management of climate-related risks into its overall risk management. The Board of Directors oversees the management of systemic risks, including those related to climate, while the Sustainability Committee leads the development and execution of the company's approach to climate-related risk. The company's approach is aligned with the Task Force on Climate-related Financial Disclosures  guidelines, and it considers climate scenarios to which its tenants and the cities in which it operates are aligning in their efforts to mitigate climate change.","Alexandria Real Estate Equities, Inc. uses the Task Force on Climate-related Financial Disclosures  guidelines to assess physical and transition risks. The company also conducts embodied carbon assessments to manage related risks and opportunities within the supply chain. The Sustainability Committee leads the development and execution of the approach to climate-related risk at a management level.","Yes, Alexandria Real Estate Equities, Inc. discloses its Scope 1, Scope 2, and Scope 3 greenhouse gas emissions. The 2021 performance data shows that the company emitted 86,124 MtCO2e of Scope 1 emissions, 140,986 MtCO2e of Scope 2 emissions , 110,062 MtCO2e of Scope 2 emissions , and 36,165 MtCO2e of Scope 3 emissions . The report also mentions developing science-based targets covering scope 1, 2, and 3 GHG emissions reductions aligned with a 1.5°C pathway. The related risks are not specified in the report.""","Alexandria Real Estate Equities, Inc. uses science-based targets to understand/quantify/benchmark climate-related risks and opportunities. The report does not provide information on how the organization is performing against these targets."
SOURCES,"[58, 59, 57, 304]","[57, 59, 73]","[57, 60, 68, 73, 79, 304, 310, 344, 72, 61, 63, 66, 325, 38]","[57, 30, 63, 59, 64, 304, 79, 68, 66, 73, 310, 315, 317, 60, 72, 58]","[57, 60, 61, 62, 63, 64, 66]","[57, 59, 60, 61, 63, 64, 66, 68, 73]","[57, 59, 73, 63, 64, 58, 60, 79, 67, 71, 65, 68, 310, 363, 374, 385]","[57, 59, 73, 66, 63, 64, 310, 58, 60, 344]","[57, 344, 325, 310, 59]","[1, 2, 3, 2021, 86, 124, 2, 1, 140, 986, 2, 2, 110, 62, 2, 2, 36, 165, 2, 3, 1, 2, 3, 1, 5, 77, 305, 1, 327, 288]","[38, 347, 386]"
PAGE,"[9, 42]","[9, 10]","[6, 9, 10, 43, 42, 46, 48]","[6, 9, 42, 10, 43, 44, 45]",[9],"[9, 10]","[9, 10, 43, 50]","[48, 9, 10, 43]","[48, 9, 43, 46]","[0, 1, 2, 6, 39, 9, 10, 11, 42, 14, 46, 16, 17, 22]","[48, 50, 6]"
ANALYSIS,"The disclosure provides some information on the board's oversight of climate-related risks and opportunities. It mentions that the Audit Committee of the Board oversees the management of the company's financial and systemic risks, including those related to climate change and sustainability. The Sustainability Committee, comprising members of the executive team and senior decision-makers, leads the development and execution of the company's approach to climate-related risk. However, the disclosure lacks specific details on the processes and frequency by which the board and/or board committees are informed about climate-related issues. It also does not provide information on whether the board and/or board committees consider climate-related issues when reviewing and guiding strategy, major plans of action, risk management policies, annual budgets, and business plans. The disclosure does mention how the board monitors and oversees progress against goals and targets for addressing climate-related issues. Overall, the disclosure partially meets the requirements and lacks specific details.","The report provides a detailed description of the management's role in assessing and managing climate-related risks and opportunities. It mentions that the Sustainability Committee, comprising members of the executive team and senior decision-makers, leads the development and execution of the approach to climate-related risk. The report also describes the processes by which management is informed about climate-related issues and how management monitors climate-related issues. However, the report does not provide information on whether the management positions or committees report to the board or a committee of the board. Overall, the report provides a comprehensive description of the management's role in assessing and managing climate-related risks and opportunities, but it lacks some specific details.","The sustainability report provides a detailed description of the climate-related risks and opportunities that the organization has identified over the short, medium, and long term. The report describes the relevant time horizons, specific climate-related issues, and the process used to determine which risks and opportunities could have a material financial impact on the organization. However, the report does not provide a description of risks and opportunities by sector and/or geography, which could be useful for stakeholders. Overall, the report meets most of the requirements for high-quality disclosure pertaining to the critical element, and the information provided is specific and relevant to the organization's operations.","The sustainability report provides some information on how climate-related risks and opportunities impact the organization's businesses strategy, economic and financial performance, and financial planning. The report discusses the impact of climate-related issues on the organization's properties, supply chain, and operations. It also describes the company's approach to climate resilience and its transition to a low-carbon economy. However, the report lacks specific details on how climate-related issues serve as an input to the financial planning process, how these risks and opportunities are prioritized, and the impact of climate-related issues on the company's financial performance and position. The report also does not describe any GHG emissions reduction targets or specific activities intended to reduce GHG emissions. Overall, the report partially meets the TCFD guidelines, and the score is 60.","The sustainability report provides a detailed description of the organization's approach to climate readiness, which is aligned with the TCFD guidelines. The report discusses the potential impact of climate-related issues on financial performance and position. The organization considers two climate change scenarios for evaluating physical risk. The report also describes how the organization is using climate modeling to evaluate potential climate hazards and incorporate mitigation strategies to bolster resilience. However, the report does not provide specific details on how the organization's strategies might change to address potential risks and opportunities. Additionally, the report does not discuss the potential impact of climate-related issues on non-financial performance. Overall, the report provides a good level of disclosure, but there is room for improvement.","The sustainability report provides some information on the organization's processes for identifying and assessing climate-related risks. The report mentions that the organization considers existing and emerging regulatory requirements related to climate change and has a structured and effective process for identifying its most material issues. However, the report lacks specific details on the risk management processes for identifying and assessing climate-related risks. The report does not disclose the processes for assessing the potential size and scope of identified climate-related risks and definitions of risk terminology used or references to existing risk classification frameworks used. Therefore, the report does not fully meet the TCFD guidelines for high-quality disclosure pertaining to the TCFD recommendation point.","The sustainability report provides a comprehensive disclosure of the organization's approach to managing climate-related risks. The report describes the processes for managing climate-related risks, including how they make decisions to mitigate, transfer, accept, or control those risks. The report also describes the processes for prioritizing climate-related risks, including how materiality determinations are made within their organizations. The report provides details on the use of climate resilience consultants to help develop and implement a physical risk evaluation and mitigation framework. The report also describes the use of climate modeling and physical inspections to analyze climate data, property damage losses associated with past weather events, and climate hazards that are acute and chronic. Overall, the report meets the requirements and provides a detailed disclosure of the organization's approach to managing climate-related risks.","The sustainability report provides a detailed description of how the organization integrates its processes for identifying, assessing, and managing climate-related risks into its overall risk management. The report mentions that the Board of Directors oversees the management of the company's financial and other systemic risks, including those related to climate. At a management level, Alexandria's Sustainability Committee leads the development and execution of the company's approach to climate-related risk. The report also mentions that the organization is aligned with the guidelines issued by the Task Force on Climate-related Financial Disclosures . However, the report lacks specific details on how the organization identifies and assesses climate-related risks. Therefore, the report partially meets the requirements, and the score is 75 out of 100.","The sustainability report provides some information on the metrics used to assess climate-related risks and opportunities. The report mentions that the organization focuses on physical and transition risks and is aligned with the TCFD guidelines. However, the report lacks specific details on the metrics used to measure and manage climate-related risks and opportunities. The report does not provide metrics on climate-related risks associated with water, energy, land use, and waste management. The report does not describe whether and how related performance metrics are incorporated into remuneration policies. The report does not provide internal carbon prices or climate-related opportunity metrics. The report does not provide forward-looking metrics for the cross-industry. The report does not describe the methodologies used to calculate or estimate climate-related metrics.","The sustainability report provides a comprehensive disclosure of Scope 1 and Scope 2 GHG emissions, including location-based and market-based emissions, and Scope 3 emissions associated with leased assets. The report also mentions the development of science-based targets covering Scope 1, 2, and 3 GHG emissions reductions aligned with a 1.5°C pathway. However, the report does not provide a detailed description of the methodologies used to calculate or estimate the metrics, nor does it provide generally accepted industry-specific GHG efficiency ratios. The report does not explicitly state the related risks associated with GHG emissions, and it is unclear whether the organization has considered disclosing Scope 3 GHG emissions. Overall, the report partially meets the TCFD guidelines, and the score is 70.","The sustainability report provides some information on the targets used by the organization to manage climate-related risks and opportunities and performance against targets. The report mentions that the organization is aligned with the Task Force on Climate-related Financial Disclosures  guidelines and is focusing on physical and transition risks. However, the report lacks specific details on the key climate-related targets, time frames, base year, and key performance indicators used to assess progress against targets. The report also does not provide a description of the methodologies used to calculate targets and measures. While the report mentions that the organization is developing science-based targets, it does not provide any specific details on these targets. Overall, the disclosure quality on this TCFD recommendation point is insufficient."
SCORE,60,90,90,60,80,60,100,75,30,70,40
