,"Company name: Capital One Financial Corporation
Company sector: Financial Services
Company location: McLean, VA
Pages: 117","Company name: Capital One Financial Corporation
Company sector: Financial Services
Company location: McLean, VA
Pages: 117","Company name: Capital One Financial Corporation
Company sector: Financial Services
Company location: McLean, VA
Pages: 117","Company name: Capital One Financial Corporation
Company sector: Financial Services
Company location: McLean, VA
Pages: 117","Company name: Capital One Financial Corporation
Company sector: Financial Services
Company location: McLean, VA
Pages: 117","Company name: Capital One Financial Corporation
Company sector: Financial Services
Company location: McLean, VA
Pages: 117","Company name: Capital One Financial Corporation
Company sector: Financial Services
Company location: McLean, VA
Pages: 117","Company name: Capital One Financial Corporation
Company sector: Financial Services
Company location: McLean, VA
Pages: 117","Company name: Capital One Financial Corporation
Company sector: Financial Services
Company location: McLean, VA
Pages: 117","Company name: Capital One Financial Corporation
Company sector: Financial Services
Company location: McLean, VA
Pages: 117","Company name: Capital One Financial Corporation
Company sector: Financial Services
Company location: McLean, VA
Pages: 117"
,tcfd_1,tcfd_2,tcfd_3,tcfd_4,tcfd_5,tcfd_6,tcfd_7,tcfd_8,tcfd_9,tcfd_10,tcfd_11
ANSWER,"The board oversees climate-related risks through the Risk Committee and management discussions in senior management committees. In 2021, the company created a Climate Risk Working group and named a Senior Advisor to the CEO to serve as the Head of Climate for the enterprise. However, the report lacks concrete information on the board's specific actions and targets to address climate risks.","Capital One has integrated climate risk into its existing risk management framework and identifies, manages, and responds to climate-related risks through its risk identification process, incremental climate risk analysis, and ongoing interaction with senior management and the Board. The Board primarily oversees climate-related risks through the Risk Committee and management discusses climate risk topics in a number of forums, including senior management committees. Capital One has also created a Climate Risk Working group and named a Senior Advisor to the CEO to serve as the Head of Climate for the enterprise.","Capital One Financial Corporation has identified physical and transition risks from climate change, which present unique risk management challenges. The company has integrated climate risk into its existing risk management framework and has created a Climate Risk Working group to guide and manage its climate initiatives. However, the report lacks specific targets and metrics used to manage climate-related risks and opportunities.","Capital One has integrated climate risk into its existing risk management framework and identified the impact of physical climate risk on customers and internal operations, as well as the impact of a transition to a low-carbon economy on carbon-intensive sectors. The company has created a Climate Risk Working group and named a Senior Advisor to the CEO to manage climate initiatives. However, the report lacks concrete data on the metrics used to assess climate-related risks and opportunities and the targets used to manage them.","Capital One's sustainability report does not provide sufficient information to determine the resilience of the organization's strategy in different climate-related scenarios or physical risks. The report mentions the integration of climate risk into the existing risk management framework, but lacks specific targets or metrics to assess the organization's resilience. The report also contains cheap talks, such as supporting the Paris Accords without concrete actions to reduce emissions.","Capital One has integrated climate risk into its existing risk management framework to ensure comprehensive oversight and management. The organization identifies, manages, and responds to climate-related risks through its risk identification process, incremental climate risk analysis, and ongoing interaction with senior management and the Board. For more details, please refer to the Climate Risk Management and Risk Management sections of the report.",Capital One has integrated climate risk into its existing risk management framework and has created a Climate Risk Working Group to guide and manage its climate initiatives. The Board primarily oversees climate-related risks through the Risk Management Framework. The company evaluates and monitors the various ways in which climate risk may impact its customers and operations. Future areas of focus include developing the capabilities to conduct climate-specific scenario analysis to examine the impact of long-term climate risk drivers.,"Capital One has integrated climate-related risks into its existing risk management framework through risk identification, incremental climate risk analysis, and ongoing interaction with senior management and the Board. The Board primarily oversees climate-related risks through the Risk Committee and management discusses climate risk topics in a number of forums, including senior management committees. In 2021, Capital One added additional governance to manage its climate risk, creating a Climate Risk Working group and naming a Senior Advisor to the CEO to serve as the Head of Climate for the enterprise.","Capital One Financial Corporation discloses the metrics used to assess climate-related risks and opportunities in line with its strategy and risk management process. The organization identifies, manages, and responds to climate-related risks through its risk identification process, incremental climate risk analysis, and ongoing interaction with senior management and the Board. The Board primarily oversees climate-related risks through the Risk Committee and management discusses climate risk topics in a number of forums, including senior management committees.","Capital One discloses its Scope 1, Scope 2, and Scope 3 greenhouse gas emissions. The data provided is for the years 2019-2021 and includes CO2, N2O, CH4, and HFCs. The risks associated with these emissions are not explicitly stated in the report.","Capital One Financial Corporation discloses metrics used to assess climate-related risks and opportunities in line with its strategy and risk management process. The company has set GHG reduction targets since 2009 and continues to evaluate its GHG reduction targets. However, the report lacks specific targets for managing climate-related risks and opportunities and performance against targets."
SOURCES,"[62, 63, 429]","[61, 62, 63, 429, 431, 432, 433, 434]","[61, 62, 63, 64, 65, 430, 431, 432, 433, 434]","[431, 65, 62, 434, 61, 430, 63, 432, 67, 373, 429, 33, 34, 66, 50, 99]","[61, 62, 63, 64, 65, 66, 67, 373, 377, 378, 429, 430, 431, 432, 433, 434]","[62, 432, 65]","[61, 62, 63, 65, 66, 372, 373, 376, 429, 430, 431, 432, 433, 434]","[62, 61, 63, 377, 65, 64, 7]","[433, 432, 62, 431, 430, 434, 377, 429, 65, 63, 67, 373, 376, 375, 378, 50, 64, 372]","[434, 452, 68, 476, 491, 453, 459, 473, 449, 462]","[433, 434, 432, 431, 61, 7, 68]"
PAGE,"[16, 102]","[16, 102, 103]","[16, 102, 103]","[102, 7, 103, 12, 16, 24, 89]","[102, 103, 16, 89, 91]","[16, 103]","[102, 103, 16, 89, 91]","[16, 3, 91]","[102, 103, 12, 16, 89, 90, 91]","[103, 108, 109, 111, 17, 113, 115]","[3, 102, 103, 16, 17]"
ANALYSIS,"The disclosure provides some information on the board's oversight of climate-related risks and opportunities. It mentions that the board primarily oversees climate-related risks through the Risk Committee and that management discusses climate risk topics in a number of forums, including senior management committees. The disclosure also mentions the creation of a Climate Risk Working group and a Senior Advisor to the CEO to serve as the Head of Climate for the enterprise. However, the disclosure lacks specific details on how the board considers climate-related issues when reviewing and guiding strategy, major plans of action, risk management policies, annual budgets, and business plans. Additionally, the disclosure does not provide information on how the board monitors and oversees progress against goals and targets for addressing climate-related issues.","The disclosure provides some information on management's role in assessing and managing climate-related risks and opportunities. It mentions that the organization has assigned climate-related responsibilities to management-level positions and committees, and that the Board primarily oversees climate-related risks. It also describes the processes by which management is informed about climate-related issues and how management monitors climate-related issues. However, the disclosure lacks specific details on the associated organizational structure and how management assesses and manages climate-related risks. Overall, the disclosure partially meets the requirements for high-quality disclosure pertaining to the critical element of management's role in assessing and managing climate-related risks and opportunities.","The sustainability report provides some information on climate-related risks and opportunities, but it does not meet the TCFD guidelines in a comprehensive manner. The report does not provide a clear description of the relevant short-, medium-, and long-term time horizons, nor does it describe the specific climate-related issues that could have a material financial impact on the organization. The report does mention the process used to determine which risks and opportunities could have a material financial impact on the organization, but it does not provide a detailed description. The report also lacks a description of risks and opportunities by sector and/or geography. Overall, the report provides limited information on the most relevant climate-related risks and opportunities that the organization has identified over the short, medium, and long term.","The sustainability report provides some information on how climate-related risks and opportunities impact the organization's businesses, strategy, and financial planning. The report discusses the impact of physical and transition risks on the organization's customers and operations, and how climate risk is integrated into the existing risk management framework. However, the report lacks specific details on how climate-related issues serve as an input to the financial planning process, how these risks and opportunities are prioritized, and the impact of climate-related issues on the organization's financial performance and position. The report also does not describe the organization's plans for transitioning to a low-carbon economy. Overall, the report partially meets some of the TCFD guidelines, but lacks specific details and a holistic picture of the interdependencies among the factors that affect the organization's ability to create value over time.","The sustainability report provides some information on the organization's resilience to climate-related risks and opportunities, including a 2°C or lower scenario. The report discusses the potential impact of climate-related issues on financial performance and the climate-related scenarios considered. However, the report lacks specific details on how the organization's strategies might change to address potential risks and opportunities. Additionally, the report does not provide information on the metrics used by the organization to assess climate-related risks and opportunities. Overall, the report partially meets the TCFD guidelines for the TCFD recommendation point.","The sustainability report provides some information on the organization's processes for identifying and assessing climate-related risks. The report mentions that the organization has integrated climate risk into its existing risk management framework and identifies, manages, and responds to climate-related risks through its risk identification process. The report also mentions that the organization considers existing and emerging regulatory requirements related to climate change. However, the report lacks specific details on the processes for assessing the potential size and scope of identified climate-related risks and definitions of risk terminology used or references to existing risk classification frameworks used. Overall, the report partially meets the TCFD guidelines for high-quality disclosure pertaining to the TCFD recommendation point.","The report provides a comprehensive description of the organization's processes for managing climate-related risks. It describes how the organization identifies, manages, and responds to climate-related risks through its risk identification process, incremental climate risk analysis, and ongoing interaction with senior management and the Board. The report also describes the organization's processes for prioritizing climate-related risks, including how materiality determinations are made within the organization. However, the report lacks specific details on the metrics used by the organization to assess climate-related risks and opportunities in line with its strategy and risk management process. Overall, the report provides a good level of disclosure on the management of climate-related risks.","The report provides a comprehensive description of how the organization integrates processes for identifying, assessing, and managing climate-related risks into its overall risk management. The report describes the organization's risk management framework, which includes governance and accountability, strategy and risk alignment, risk identification, assessment, measurement and response, monitoring and testing, and aggregation, reporting, and escalation. The report also describes the organization's processes for identifying and assessing climate-related risks, managing climate-related risks, and the metrics used to assess climate-related risks and opportunities. The report provides details on the resilience of the organization's strategy, taking into consideration different climate-related scenarios. Overall, the report meets the requirements and provides sufficient details to assess the organization's integration of climate-related risks into its overall risk management.","The sustainability report provides some information on the metrics used to assess climate-related risks and opportunities. The report mentions that the organization has begun integrating climate risk into its existing risk management framework and identifies, manages, and responds to climate-related risks through its risk identification process. The report also discloses Scope 1, Scope 2, and, if appropriate, Scope 3 greenhouse gas  emissions, and the related risks. However, the report lacks specific details on the metrics used to measure and manage climate-related risks and opportunities, and it does not provide metrics consistent with the cross-industry. The report also does not provide information on whether and how related performance metrics are incorporated into remuneration policies. Therefore, the report partially meets the TCFD guidelines and scores 60 out of 100.","The sustainability report provides some information on the organization's Scope 1, Scope 2, and Scope 3 GHG emissions and related risks. The report discloses the emissions for each scope and provides some historical data, but it is unclear whether the emissions are calculated in line with the GHG Protocol methodology. The report also mentions that the organization has set GHG reduction targets and provides some information on the processes for identifying, assessing, and managing climate-related risks. However, the report lacks details on the methodologies used to calculate or estimate the metrics and does not provide generally accepted industry-specific GHG efficiency ratios. Overall, the report partially meets the TCFD guidelines, but there is room for improvement in terms of transparency and specificity.","The sustainability report provides some information on the targets used by the organization to manage climate-related risks and opportunities and performance against targets. The report discloses the GHG emissions and related risks, and the organization's approach to managing climate risk. However, the report lacks specific details on the targets, such as whether they are absolute or intensity-based, time frames, base year, and key performance indicators used to assess progress against targets. The report also does not disclose associated interim targets in aggregate or by business line, where available. The methodologies used to calculate targets and measures are not described. Overall, the report provides some information on the targets used by the organization, but it lacks specific details and does not meet all the TCFD guidelines."
SCORE,60,70,40,60,60,70,85,100,60,70,60
