,"Company name: AMN Healthcare Services, Inc.
Company sector: Healthcare and Staffing
Company location: Dallas, TX, United States of America
Pages: 84","Company name: AMN Healthcare Services, Inc.
Company sector: Healthcare and Staffing
Company location: Dallas, TX, United States of America
Pages: 84","Company name: AMN Healthcare Services, Inc.
Company sector: Healthcare and Staffing
Company location: Dallas, TX, United States of America
Pages: 84","Company name: AMN Healthcare Services, Inc.
Company sector: Healthcare and Staffing
Company location: Dallas, TX, United States of America
Pages: 84","Company name: AMN Healthcare Services, Inc.
Company sector: Healthcare and Staffing
Company location: Dallas, TX, United States of America
Pages: 84","Company name: AMN Healthcare Services, Inc.
Company sector: Healthcare and Staffing
Company location: Dallas, TX, United States of America
Pages: 84","Company name: AMN Healthcare Services, Inc.
Company sector: Healthcare and Staffing
Company location: Dallas, TX, United States of America
Pages: 84","Company name: AMN Healthcare Services, Inc.
Company sector: Healthcare and Staffing
Company location: Dallas, TX, United States of America
Pages: 84","Company name: AMN Healthcare Services, Inc.
Company sector: Healthcare and Staffing
Company location: Dallas, TX, United States of America
Pages: 84","Company name: AMN Healthcare Services, Inc.
Company sector: Healthcare and Staffing
Company location: Dallas, TX, United States of America
Pages: 84","Company name: AMN Healthcare Services, Inc.
Company sector: Healthcare and Staffing
Company location: Dallas, TX, United States of America
Pages: 84"
,tcfd_1,tcfd_2,tcfd_3,tcfd_4,tcfd_5,tcfd_6,tcfd_7,tcfd_8,tcfd_9,tcfd_10,tcfd_11
ANSWER,"The Board oversees climate-related risks and opportunities by engaging with management on ESG goals, executing long-term plans, integrating climate risk variables into enterprise risk management framework, and overseeing processes for assessing and managing risks. The Board also addresses key risks, risk capacity, appetite, and tolerance levels to provide the foundation for overall business and ESG strategy.","The management of AMN Healthcare Services, Inc. is committed to assessing and managing climate-related risks and opportunities. They have integrated climate risk variables into their enterprise risk management framework, and the Board engages with management on their ESG goals. The Executive Committee and each business head are responsible for managing climate-related risks and opportunities within their purview. They have also established and integrated into their ERM program, assessment and management of climate-related risks and opportunities. However, the report lacks specific and quantifiable data to support their claims.","AMN Healthcare Services, Inc. has identified physical and transition risks associated with climate change that could impact its operations over the short, medium, and long term. The company has a comprehensive Business Continuity Management program to respond to key risks, threats, and vulnerabilities that could disrupt its business. However, the report lacks concrete data on the identified risks and opportunities and how they are being managed.","AMN Healthcare Services, Inc. recognizes climate change as a financial risk and is integrating climate risk variables into its enterprise risk management framework. The company is committed to reducing its environmental impact and has developed a three-year ESG roadmap for climate action. However, the report lacks concrete data and relies on vague statements, and it is unclear how the company plans to achieve its sustainability goals.","The report acknowledges the importance of customized management approaches for climate-related risks and opportunities. The company has committed to conducting climate-related scenario exercises to develop a detailed understanding of how business risks and opportunities are shaped by various climate scenarios. However, the report lacks concrete information on the resilience of the organization's strategy when considering different climate-related scenarios, including a 2°C target or lower scenario, and climate physical risks.","The company identifies and assesses acute climate-related risks such as hurricanes, extreme rainfall and flooding, wildfires, winter storms, and tornadoes. They have established and integrated into their ERM program, assessment and management of climate-related risks and opportunities. They plan to conduct a more in-depth scenario analysis surrounding climate-related risks and opportunities over the course of 2022 and 2023. They recognize that each climate-related risk requires a customized management approach. However, they do not provide any concrete data on their risk identification and assessment processes.","AMN Healthcare Services, Inc. integrates climate risk variables into its enterprise risk management framework, which involves the Board and management teams. The company recognizes the importance of intangible value and considers impacts related to brand value, reputational risk, future business opportunities, and customer expectations. AMN Healthcare has established and integrated into its ERM program, assessment and management of climate-related risks and opportunities. The company has also developed a detailed understanding of how business risks and opportunities are shaped by various climate scenarios.","AMN Healthcare has integrated the assessment and management of climate-related risks and opportunities into its ERM program. The company recognizes the importance of customized management approaches for physical resilience and risks driven by the transition to a low-carbon economy. The Board and management teams are involved in integrating climate risk variables into the enterprise risk management framework. However, the report lacks concrete data and relies on vague statements, which may indicate greenwashing.","AMN Healthcare Services, Inc. has integrated climate-related risks and opportunities into their ERM program and established metrics to measure and disclose their performance. They aim to reduce emissions, energy use, waste, and migrate energy procurement to renewable and clean energy. However, the report lacks specific details on the metrics used to assess climate-related risks and opportunities.","The report confirms that the company discloses its Scope 1 and 2 GHG emissions, but it plans to conduct a Scope 3 screening in 2022. The risks associated with GHG emissions are not significant enough to create a material carbon price risk for the company's operational footprint. However, the company expects that measuring its Scope 3 GHG emissions will impact its risk from a value chain lens. The report does not provide any specific figures on GHG emissions.","The report does not provide specific targets used by AMN Healthcare to understand/quantify/benchmark climate-related risks and opportunities, nor does it provide information on the organization's performance against such targets."
SOURCES,"[383, 380, 386, 226, 404, 376, 403, 399, 267, 372, 208, 392, 369, 390, 373, 221, 400, 396, 402]","[226, 383, 385, 402, 415]","[407, 399, 386, 226, 408, 411, 415, 412, 398, 224, 392, 402, 380, 424, 372, 227, 426, 422, 400]","[226, 372, 380, 386, 392, 395, 396, 407, 408, 411, 412, 415, 424, 425, 426]","[396, 392, 407, 406, 411, 398, 364, 402, 395, 427]","[226, 369, 380, 386, 392, 395, 399, 400, 402, 404, 408, 410, 411, 412, 415, 424]","[226, 372, 380, 386, 399, 402, 404, 408, 411, 412]","[226, 372, 380, 386, 392, 399, 402, 404, 408, 411, 412, 415, 421, 424]","[227, 386, 402, 392, 380, 226, 415, 399, 424, 221, 368, 396, 411, 404, 412, 390, 398, 434]","[324, 420, 434, 239, 398, 368, 316, 367, 392, 319, 427, 228, 227, 241, 424]","[227, 386, 226, 399, 380, 392, 368, 396, 372, 415, 221, 395, 398, 404, 383, 427, 412]"
PAGE,"[73, 74, 75, 76, 77, 48, 52, 53, 62]","[75, 77, 53, 78]","[74, 75, 76, 77, 78, 79, 53]","[74, 75, 76, 77, 78, 79, 53]","[73, 76, 77, 78, 80]","[73, 75, 76, 77, 78, 79, 53]","[74, 75, 77, 78, 53]","[74, 75, 76, 77, 78, 79, 53]","[73, 75, 76, 77, 78, 79, 81, 52, 53]","[68, 73, 76, 77, 79, 80, 81, 53, 54, 57]","[73, 74, 75, 76, 77, 78, 80, 52, 53]"
ANALYSIS,"The sustainability report provides some information on the board's oversight of climate-related risks and opportunities. The report mentions that the board engages with management on ESG goals and encourages them to execute on the long-term plan by managing risk to create value and guard against emerging challenges to the business. The report also mentions that the board considers climate-related issues when reviewing and guiding strategy, major plans of action, risk management policies, annual budgets, and business plans. However, the report lacks specific details on the processes and frequency by which the board and/or board committees are informed about climate-related issues and how the board monitors and oversees progress against goals and targets for addressing climate-related issues.","The sustainability report provides a comprehensive description of management's role in assessing and managing climate-related risks and opportunities. The report includes information on the organizational structure, management-level positions, and committees responsible for climate-related issues. It also describes the processes by which management is informed about climate-related issues and how they monitor these issues. The report provides specific details on how climate-related risks are integrated into the enterprise risk management framework and how the board engages with management on ESG goals. However, the report could have provided more information on the specific responsibilities of management positions or committees and how they assess and manage climate-related issues. Overall, the report satisfies most of the requirements, and the score is 90 out of 100.","The report provides some information on climate-related risks and opportunities over the short, medium, and long term. It identifies physical and transition risks and opportunities that could have a potential impact on the business. The report also mentions the process used to determine which risks and opportunities could have a material financial impact on the organization. However, the report lacks specific details on the climate-related issues potentially arising in each time horizon that could have a material financial impact on the organization. The report also does not provide a description of risks and opportunities by sector and/or geography, as appropriate. Overall, the report provides some information but lacks specific details to fully satisfy the requirements.","The sustainability report provides some information on how climate-related risks and opportunities impact the organization's business strategy, economic and financial performance, and financial planning. The report discusses the integration of climate risk variables into the enterprise risk management framework, the commitment to reducing environmental impact, and the development of an ESG roadmap for climate action. However, the report lacks specific details on the impact of climate-related issues on the organization's financial performance and financial position. Additionally, the report does not describe how climate-related issues serve as an input to the financial planning process, the time period used, and how these risks and opportunities are prioritized. Overall, the report partially meets the TCFD guidelines and scores 60 out of 100.","The sustainability report provides a comprehensive discussion of the organization's approach to managing climate-related risks and opportunities. The report acknowledges the importance of considering a transition to a low-carbon economy consistent with a 2°C or lower scenario and discusses the potential impact of climate-related issues on financial performance and financial position. The report also provides examples of physical and transition risks and opportunities and discusses the potential impact of climate change on the organization's operations. However, the report lacks specific details on how the organization's strategies might change to address potential risks and opportunities. Overall, the report provides a good level of disclosure, but there is room for improvement in terms of providing more specific details on how the organization plans to address climate-related risks and opportunities.","The sustainability report provides some information on the organization's processes for identifying and assessing climate-related risks. The report mentions that the organization monitors and manages acute climate-related risks and has established and integrated into its ERM program, assessment and management of climate-related risks and opportunities. However, the report lacks specific details on how the organization determines the relative significance of climate-related risks in relation to other risks, whether it considers existing and emerging regulatory requirements related to climate change, and the processes for assessing the potential size and scope of identified climate-related risks. The report also does not provide definitions of risk terminology used or references to existing risk classification frameworks used. Overall, the disclosure is insufficient to meet the TCFD guidelines.","The sustainability report provides a comprehensive overview of the organization's processes for managing climate-related risks. The report describes the organization's processes for managing climate-related risks, including how they make decisions to mitigate, transfer, accept, or control those risks. The report also describes the organization's processes for prioritizing climate-related risks, including how materiality determinations are made within their organizations. The report provides specific details on how the organization is integrating climate risk variables into its enterprise risk management framework, and how it is assessing and managing climate-related risks and opportunities. The report also recognizes the importance of intangible value and considers impacts related to brand value, reputational risk, future business opportunities, and customer expectations. However, the report could provide more specific details on how the organization is evolving its processes for identifying and assessing risks.","The sustainability report provides a comprehensive description of how the organization integrates processes for identifying, assessing, and managing climate-related risks into its overall risk management. The report describes the integration of climate-related risks and opportunities into the enterprise risk management framework, which involves the Board and management teams. The report also highlights the prioritization of risks based on the level of impact to the network and business operations. However, the report lacks specific details on how the organization identifies and assesses climate-related risks and opportunities. Overall, the report meets most of the requirements, but there is room for improvement in providing more specific details.","The sustainability report provides some information on the metrics used to assess climate-related risks and opportunities. The report mentions that the organization is identifying and assessing opportunities to reduce the potential effects of climate change and the transition to a low-carbon economy on its business. It also states that the organization has established and integrated into its ERM program, assessment and management of climate-related risks and opportunities. However, the report lacks specific details on the metrics used to measure and manage climate-related risks and opportunities. The report does not provide metrics consistent with the cross-industry, metrics on climate-related risks associated with water, energy, land use, and waste management, or forward-looking metrics for the cross-industry. Therefore, the report does not fully satisfy the TCFD guidelines.","The sustainability report provides some information on the organization's Scope 1 and Scope 2 GHG emissions, but it is not clear whether the emissions have been calculated in line with the GHG Protocol methodology. The report mentions that the organization plans to conduct a Scope 3 screening in 2022 to understand the extent and nature of its value chain emissions and calculate its Scope 3 footprint to inform abatement strategies. However, it is not clear whether the organization will disclose its Scope 3 GHG emissions and related risks. The report provides some historical data on GHG emissions, but it is not clear whether the organization has provided a description of the methodologies used to calculate or estimate the metrics. Overall, the report partially meets the requirements for high-quality disclosure pertaining to the critical element.","The sustainability report provides some information on the organization's targets to manage climate-related risks and opportunities, but it lacks specific details required by the TCFD guidelines. The report mentions the organization's commitment to reducing its environmental impact and integrating climate risk variables into its enterprise risk management framework. However, it does not provide specific targets related to GHG emissions, water usage, energy usage, etc., or describe the methodologies used to calculate targets and measures. The report also lacks information on the time frames over which the targets apply, base year from which progress is measured, and key performance indicators used to assess progress against targets. Therefore, the report does not fully satisfy the TCFD guidelines."
SCORE,70,90,70,60,85,40,90,85,40,60,40
