,"Company name: First American
Company sector: Professional & Commercial Services, Insurance
Company location: United States
Pages: 73","Company name: First American
Company sector: Professional & Commercial Services, Insurance
Company location: United States
Pages: 73","Company name: First American
Company sector: Professional & Commercial Services, Insurance
Company location: United States
Pages: 73","Company name: First American
Company sector: Professional & Commercial Services, Insurance
Company location: United States
Pages: 73","Company name: First American
Company sector: Professional & Commercial Services, Insurance
Company location: United States
Pages: 73","Company name: First American
Company sector: Professional & Commercial Services, Insurance
Company location: United States
Pages: 73","Company name: First American
Company sector: Professional & Commercial Services, Insurance
Company location: United States
Pages: 73","Company name: First American
Company sector: Professional & Commercial Services, Insurance
Company location: United States
Pages: 73","Company name: First American
Company sector: Professional & Commercial Services, Insurance
Company location: United States
Pages: 73","Company name: First American
Company sector: Professional & Commercial Services, Insurance
Company location: United States
Pages: 73","Company name: First American
Company sector: Professional & Commercial Services, Insurance
Company location: United States
Pages: 73"
,tcfd_1,tcfd_2,tcfd_3,tcfd_4,tcfd_5,tcfd_6,tcfd_7,tcfd_8,tcfd_9,tcfd_10,tcfd_11
ANSWER,"The Audit Committee oversees top environmental risks, while the ESG Committee assists the Business Continuity Program in managing and mitigating other environmental risks. The Nominating and Corporate Governance Committee reviews ESG issues annually. The Board of Directors reviews material ESG trends annually, including a review of sustainability reports. The company formed an ESG Committee in 2021 to provide strategic oversight, direction, and execution support for ESG initiatives. Climate-related risk was considered in the company's most recent enterprise risk assessment survey, and it was concluded that it is not a top risk of the company.","First American's enterprise risk management program overseen by the Board of Directors and its Audit Committee considers climate-related risks, but concluded that it is not a top risk of the company. If any substantive environmental risks were to be identified in the future, the Audit Committee would oversee any that were top risks to the company, and the business continuity program would oversee the management and mitigation of other environmental risks. However, the report states that the company is unlikely to be substantively affected by any climate-related risks due to the nature of its core business of title insurance.","The company has identified climate-related risk as not a top risk of the company. Due to the nature of First American's core business of title insurance, the company is unlikely to be substantively affected by any climate-related risks. No environmental risks have been identified that would have a substantive impact on the company. The company has expanded its engagement with third-party advisors to help improve its climate change mitigation performance, monitoring, and reporting. The report lacks concrete data on climate-related risks and opportunities.","First American's sustainability report states that climate-related risk is not a top risk for the company, and that the nature of their core business of title insurance makes them unlikely to be substantively affected by any climate-related risks. However, if any substantive environmental risks were to be identified in the future, the Audit Committee would oversee any that were top risks to the company and the business continuity program would oversee the management and mitigation of other environmental risks. The report also mentions that the company maintains an extensive and structured enterprise risk management program overseen by the Board of Directors and its Audit Committee.","The company's most recent enterprise risk assessment survey concluded that climate-related risk is not a top risk of the Company. The company is unlikely to be substantively affected by any climate-related risks due to the nature of its core business of title insurance. However, if any substantive environmental risks were to be identified in the future, the Audit Committee would oversee any that were top risks to the company and the business continuity program would oversee the management and mitigation of other environmental risks. No specific information was provided on the resilience of the organization's strategy when considering different climate-related scenarios or climate physical risks.","The company uses a Business Continuity Plan  and Crisis Management Plan to minimize the financial and operational impact of climate-related risks. Climate-related risks were considered in the company's most recent enterprise risk assessment survey, and the risk assessment process concluded that climate-related risk is not a top risk of the Company. If any substantive environmental risks were to be identified in the future, the Audit Committee would oversee any that were top risks to the company and the Business Continuity Program would oversee the management and mitigation of other environmental risks, assisted by the ESG Committee.","First American has a business continuity plan and crisis management plan to minimize the financial and operational impact of climate-related risks. However, the company's risk assessment process concluded that climate-related risk is not a top risk. The company is unlikely to be substantively affected by any climate-related risks due to the nature of its core business of title insurance. There is no concrete information on the specific strategies implemented to manage climate-related risks.","Climate-related risks were considered in the company's most recent enterprise risk assessment survey, and the risk assessment process concluded that climate-related risk is not a top risk of the Company. However, if any substantive environmental risks were to be identified in the future, the Audit Committee would oversee any that were top risks to the company and the business continuity program would oversee the management and mitigation of other environmental risks, assisted by the ESG Committee.","The company's most recent enterprise risk assessment survey concluded that climate-related risk is not a top risk of the Company. If any substantive environmental risks were to be identified in the future, the Audit Committee would oversee any that were top risks to the company and the business continuity program would oversee the management and mitigation of other environmental risks, assisted by the ESG Committee. The report does not provide any specific metrics used to assess climate-related risks and opportunities.","Yes, First American discloses its Scope 1 and Scope 2 GHG emissions. Scope 3 emissions are also disclosed, including waste, business travel, and employee commuting. Risks associated with GHG emissions are not explicitly stated in the report.",The report mentions that the company's most recent enterprise risk assessment survey concluded that climate-related risk is not a top risk of the Company. No specific targets related to climate-related risks and opportunities were mentioned in the report.
SOURCES,"[56, 57, 170, 7, 8, 9, 108, 136, 156, 169, 239]","[239, 240, 197, 204, 238]","[238, 239, 240, 131, 137, 147, 248]","[238, 239, 240, 204, 197, 245]","[239, 240, 238]","[239, 197, 240, 2021, 238]","[197, 238, 239, 240]","[239, 197, 240, 238]","[239, 240]","[139, 140, 141, 142, 143, 144, 145]",[239]
PAGE,"[4, 68, 40, 45, 18, 51, 31]","[57, 58, 68]","[68, 70, 39, 40, 42]","[57, 58, 68, 70]",[68],"[57, 68]","[57, 68]","[57, 68]",[68],"[41, 42]",[68]
ANALYSIS,"The sustainability report provides limited information on the board's oversight of climate-related risks and opportunities. While the report mentions the Audit Committee's oversight of environmental risks and the Nominating and Corporate Governance Committee's review of ESG issues, it does not provide details on how the board considers climate-related issues when reviewing and guiding strategy, risk management policies, and business plans. Additionally, the report does not discuss how the board monitors and oversees progress against goals and targets for addressing climate-related issues. The report does mention the formation of an ESG Committee in late 2021 to provide strategic oversight, direction, and execution support for the company's ESG initiatives. However, this does not provide sufficient information on the board's oversight of climate-related risks and opportunities.","The disclosure provided by the company does not fully meet the requirements for this critical element. The report mentions that climate-related risks were considered in the enterprise risk assessment survey, but it does not provide any information on the management's role in assessing and managing climate-related risks and opportunities. The report does not mention whether the organization has assigned climate-related responsibilities to management-level positions or committees, the associated organizational structure, processes by which management is informed about climate-related issues, and how management monitors climate-related issues. The report only mentions that the Audit Committee would oversee any substantive environmental risks that were identified in the future. Therefore, the disclosure is insufficient to assess the management's role in assessing and managing climate-related risks and opportunities.","The sustainability report provides limited information on the climate-related risks and opportunities that the organization has identified over the short, medium, and long term. The report mentions that climate-related risks were considered in the company's most recent enterprise risk assessment survey, but it does not provide any specific information on the risks identified or the time horizons associated with them. The report also states that the company is unlikely to be substantively affected by any climate-related risks due to the nature of its core business of title insurance. However, it does not provide any explanation or evidence to support this claim. Overall, the report does not meet the TCFD guidelines for high-quality disclosure pertaining to the TCFD recommendation point.","The sustainability report provides limited disclosure on how climate-related risks and opportunities impact the organization's business strategy, economic and financial performance, and financial planning. The report mentions that climate-related risks were considered in the enterprise risk assessment survey, but it concludes that climate-related risk is not a top risk of the company. The report also states that the company is unlikely to be substantively affected by any climate-related risks due to the nature of its core business of title insurance. The report does not provide any information on how climate-related issues serve as an input to the financial planning process, the impact of climate-related issues on financial performance and position, or plans for transitioning to a low-carbon economy. The report does not meet most of the TCFD guidelines.","The given disclosure does not provide sufficient information to evaluate the resilience of First American's strategy to climate-related risks and opportunities. While the report mentions that climate-related risks were considered in the company's enterprise risk assessment survey, it does not provide any details on how the company's strategies might change to address such potential risks and opportunities. Additionally, the report does not discuss the potential impact of climate-related issues on financial performance and financial position. The report only briefly mentions that the company is unlikely to be substantively affected by any climate-related risks due to the nature of its core business of title insurance. Overall, the disclosure lacks the necessary components to evaluate the resilience of First American's strategy to climate-related risks and opportunities.","The sustainability report provides some information on the organization's processes for identifying and assessing climate-related risks. The report mentions that climate-related risks were considered in the company's most recent enterprise risk assessment survey, but it does not provide any details on how the organization determines the relative significance of climate-related risks in relation to other risks. The report also does not disclose any processes for assessing the potential size and scope of identified climate-related risks or definitions of risk terminology used or references to existing risk classification frameworks used. While the report mentions that the company maintains an extensive and structured enterprise risk management program overseen by the Board of Directors and its Audit Committee, it does not provide any specific information on how climate-related risks are managed within this program. Overall, the disclosure is insufficient and lacks specific details.","The sustainability report provides some information on how the organization manages climate-related risks. The report mentions that climate-related risks were considered in the company's most recent enterprise risk assessment survey, and the risk assessment process concluded that climate-related risk is not a top risk of the Company. However, the report does not provide any details on how the organization makes decisions to mitigate, transfer, accept, or control those risks. The report also does not describe the organization's processes for prioritizing climate-related risks, including how materiality determinations are made within their organizations. Overall, the disclosure is insufficient to meet the requirements for high-quality disclosure pertaining to the critical element of how the organization manages climate-related risks.","The disclosure provides some information on how climate-related risks are integrated into the organization's overall risk management. The company's ERM program considers climate-related risks, and the risk assessment process concluded that climate-related risk is not a top risk of the Company. However, the disclosure lacks specific details on how the processes for identifying, assessing, and managing climate-related risks are integrated into the organization's overall risk management. The disclosure also does not provide information on how the company plans to manage any identified climate-related risks. Overall, the disclosure partially meets the TCFD guidelines, but lacks specific details and is insufficiently detailed to provide a comprehensive understanding of how climate-related risks are integrated into the organization's overall risk management.","The given disclosure does not provide any specific metrics used by the organization to assess climate-related risks and opportunities. The report only mentions that climate-related risk was considered in the company's most recent enterprise risk assessment survey, and the risk assessment process concluded that climate-related risk is not a top risk of the Company. The report does not provide any information on how the metrics help ensure that the performance is in line with its strategy and risk management process. The report does not provide any metrics on climate-related risks associated with water, energy, land use, and waste management. The report does not provide any information on whether and how related performance metrics are incorporated into remuneration policies. The report does not provide any internal carbon prices or climate-related opportunity metrics. The report does not provide any forward-looking metrics for the cross-industry, consistent with their business or strategic planning time horizons. The report does not provide any description of the methodologies used to calculate or estimate climate-related metrics.","The sustainability report provides some information on the organization's Scope 1 and Scope 2 GHG emissions, but it does not provide information on Scope 3 GHG emissions and the related risks. The report does not disclose GHG emissions independent of a materiality assessment. The methodology used to calculate or estimate the metrics is not described in detail. The report does not provide related, generally accepted industry-specific GHG efficiency ratios. However, the report provides GHG emissions and associated metrics for historical periods to allow for trend analysis. The report also discloses that the GHG emissions were calculated in line with the GHG Protocol methodology. Overall, the report partially meets the requirements for high-quality disclosure pertaining to the critical element.","The given disclosure does not provide sufficient information to evaluate the organization's targets used to manage climate-related risks and opportunities and performance against targets. The disclosure only mentions that climate-related risk is not a top risk of the company and that the Audit Committee would oversee any substantive environmental risks identified in the future. The disclosure does not provide any information on the key climate-related targets, whether they are absolute or intensity-based, time frames over which the targets apply, base year from which progress is measured, or key performance indicators used to assess progress against targets. The disclosure also does not provide any information on the methodologies used to calculate targets and measures. Therefore, the disclosure does not meet the TCFD guidelines."
SCORE,30,20,20,20,20,40,30,60,0,60,0
