,"Company name: International Game Technology
Company sector: Gaming
Company location: Global
Pages: 2","Company name: International Game Technology
Company sector: Gaming
Company location: Global
Pages: 2","Company name: International Game Technology
Company sector: Gaming
Company location: Global
Pages: 2","Company name: International Game Technology
Company sector: Gaming
Company location: Global
Pages: 2","Company name: International Game Technology
Company sector: Gaming
Company location: Global
Pages: 2","Company name: International Game Technology
Company sector: Gaming
Company location: Global
Pages: 2","Company name: International Game Technology
Company sector: Gaming
Company location: Global
Pages: 2","Company name: International Game Technology
Company sector: Gaming
Company location: Global
Pages: 2","Company name: International Game Technology
Company sector: Gaming
Company location: Global
Pages: 2","Company name: International Game Technology
Company sector: Gaming
Company location: Global
Pages: 2","Company name: International Game Technology
Company sector: Gaming
Company location: Global
Pages: 2"
,tcfd_1,tcfd_2,tcfd_3,tcfd_4,tcfd_5,tcfd_6,tcfd_7,tcfd_8,tcfd_9,tcfd_10,tcfd_11
ANSWER,"IGT's sustainability report does not provide specific information on how the board oversees climate-related risks and opportunities. However, the report mentions that IGT maintains a corporate governance system committed to overseeing and implementing sustainability practices at the highest standard, and that IGT has committed to the Science Based Target Initiative and developing a carbon neutrality plan. These cheap talks are not enough to assess the board's direct responsibilities and actions pertaining to climate issues.","IGT's sustainability report does not provide specific information on the role of management in assessing and managing climate-related risks and opportunities. The report mainly focuses on IGT's commitment to reducing its environmental impact and carbon footprint, and its efforts to fight climate change through the Science-Based Target Initiative and developing a carbon neutrality plan. However, the report lacks concrete data and specific actions taken by the company to achieve these goals.","IGT has committed to developing a carbon neutrality plan and fighting climate change. Responsible gaming and protecting human rights are also key elements of their sustainability strategy. However, the report lacks specific information on climate-related risks and opportunities associated with a horizon.","IGT strives to improve its environmental management systems and reduce its environmental impact and carbon footprint. The company has committed to the Science Based Target Initiative and developing a carbon neutrality plan. However, the report lacks concrete data on how climate-related risks and opportunities impact the organization's business strategy, economic and financial performance, and financial planning.","The report does not provide sufficient information to determine the resilience of IGT's strategy to different climate-related scenarios or physical risks. While the company has committed to the Science Based Targets initiative and developing a carbon neutrality plan, it lacks concrete data on its progress towards these goals. Additionally, the report contains many cheap talks and vague statements that do not provide a clear picture of the company's sustainability efforts.","IGT's sustainability report mentions the company's commitment to reducing its environmental impact and carbon footprint, as well as its participation in the Based Target Initiative and developing a carbon neutrality plan. However, the report lacks specific information on the processes used to identify and assess climate-related risks.","IGT has committed to the Science Based Target Initiative and is developing a carbon neutrality plan. The company also strives to improve its environmental management systems and reduce its environmental impact and carbon footprint. However, the report lacks specific details on the concrete actions and strategies implemented to manage climate-related risks.","The report does not provide specific information on how the processes for identifying, assessing, and managing climate-related risks are integrated into the organization's overall risk management. The report only mentions that IGT strives to improve its environmental management systems and reduce its environmental impact and carbon footprint, and has committed to the Science-Based Target Initiative and developing a carbon neutrality plan.","IGT has committed to the Science-Based Target Initiative and developed a carbon neutrality plan to fight climate change. However, the report does not provide specific metrics used to assess climate-related risks and opportunities or how they help ensure performance is in line with the company's strategy and risk management process.","The report does not disclose any information on the company's Scope 1, Scope 2, or Scope 3 greenhouse gas emissions. Therefore, no related risks are identified.","IGT has committed to the Science Based Targets initiative and is developing a carbon neutrality plan. However, the report lacks specific targets and performance metrics to evaluate the company's progress towards these goals. The report also lacks concrete data on the company's environmental impact and carbon footprint reduction efforts."
SOURCES,"[1, 8, 9]","[8, 9]","[9, 8, 4, 3]","[8, 9]","[1, 3, 4, 7, 8, 9]","[8, 9]","[8, 9]","[8, 9, 1]","[8, 9]",[8],"[8, 9]"
PAGE,"[0, 1]",[1],"[0, 1]",[1],"[0, 1]",[1],[1],"[0, 1]",[1],[1],[1]
ANALYSIS,"The sustainability report does not provide any information on how the company's board oversees climate-related risks and opportunities. The report does not meet any of the TCFD guidelines outlined for high-quality disclosure pertaining to the TCFD recommendation point. The report discusses the company's commitment to sustainability and environmental management systems, but it does not provide any specific information on how the board is involved in overseeing climate-related issues. The report also discusses the company's values and commitment to responsible gaming, but this information is not relevant to the TCFD recommendation point. Overall, the report lacks transparency and detail on the board's oversight of climate-related risks and opportunities.","The sustainability report does not provide any information on the role of management in assessing and managing climate-related risks and opportunities. The report does not mention whether the organization has assigned climate-related responsibilities to management-level positions or committees, the associated organizational structure, processes by which management is informed about climate-related issues, or how management monitors climate-related issues. The report focuses on IGT's commitment to responsible gaming, community involvement, and employee engagement initiatives. While these are important aspects of sustainability, they do not address the TCFD recommendation point of climate-related risks and opportunities. Therefore, the report does not meet any of the TCFD guidelines outlined for this TCFD recommendation point.","The given sustainability report does not provide any information on the most relevant climate-related risks and opportunities that the organization has identified over the short, medium, and long term. The report does not meet any of the requirements outlined for this critical element. Instead, the report focuses on the company's values, ethics, and commitment to sustainability, without providing any specific information on climate-related risks and opportunities. The report mentions the company's commitment to developing a carbon neutrality plan and participating in the Science-Based Target Initiative, but it does not provide any details on the specific climate-related issues that could have a material financial impact on the organization. Therefore, the report scores 0 out of 100.","The given disclosure does not provide any information on how climate-related risks and opportunities impact the organization's businesses strategy, economic and financial performance, and financial planning. The disclosure only mentions the company's commitment to fight climate change, developing a carbon neutrality plan, and improving its environmental management systems. There is no discussion of how climate-related issues serve as an input to their financial planning process, the impact of climate-related issues on their financial performance and financial position, or their plans for transitioning to a low-carbon economy. Therefore, the disclosure does not meet any of the requirements for high-quality disclosure pertaining to the critical element of how climate-related risks and opportunities impact the organization's businesses strategy, economic and financial performance, and financial planning.","The given sustainability report does not provide any information on the resilience of the organization's strategy when considering different climate-related scenarios, including a 2°C target or lower scenario, and climate physical risks. The report does not meet any of the TCFD guidelines outlined for this TCFD recommendation point. Instead, the report focuses on IGT's values, corporate culture, and commitment to sustainable growth, along with its efforts to reduce its environmental impact and carbon footprint. The report also discusses IGT's responsible gaming goals and commitments, community involvement initiatives, and employee engagement programs. However, these disclosures are not relevant to the TCFD recommendation point being evaluated.","The given disclosure does not provide any information on the processes used by IGT to identify and assess climate-related risks. Instead, the report focuses on IGT's commitment to sustainable growth, responsible gaming, community involvement, and employee engagement. The report does not disclose any information on how IGT determines the relative significance of climate-related risks in relation to other risks, whether it considers existing and emerging regulatory requirements related to climate change, or the processes for assessing the potential size and scope of identified climate-related risks. The report also does not provide any definitions of risk terminology used or references to existing risk classification frameworks used. As a result, the report does not meet any of the requirements for high-quality disclosure pertaining to the critical element of identifying and assessing climate-related risks.","The given disclosure does not provide sufficient information to evaluate the organization's processes for managing climate-related risks. The disclosure mentions the organization's commitment to fight climate change and developing a carbon neutrality plan, but it does not describe the processes for managing climate-related risks, including how they make decisions to mitigate, transfer, accept, or control those risks. The disclosure also does not describe the organization's processes for prioritizing climate-related risks, including how materiality determinations are made within their organizations. Therefore, the disclosure does not meet the requirements for high-quality disclosure pertaining to the critical element of how the organization manages climate-related risks.","The given disclosure does not provide any information on how the processes for identifying, assessing, and managing climate-related risks are integrated into the organization's overall risk management. Instead, the disclosure focuses on IGT's commitment to sustainable growth, corporate culture, governance system, responsible gaming, human rights, business ethics, community involvement, and employee engagement. The disclosure lacks specific details on how IGT manages climate-related risks and integrates them into its overall risk management. Therefore, the disclosure does not meet the requirements for high-quality disclosure pertaining to the critical element.","The sustainability report provided no information on the metrics used by the organization to assess climate-related risks and opportunities in line with its strategy and risk management process. Instead, the report focused on IGT's commitment to sustainable growth, corporate culture, and community involvement. The report did not provide any historical or forward-looking metrics for the cross-industry, consistent with their business or strategic planning time horizons. The report did not provide any description of the methodologies used to calculate or estimate climate-related metrics. As a result, the report failed to meet the TCFD guidelines for this TCFD recommendation point.","The sustainability report provided by IGT does not meet the requirements for disclosing Scope 1, Scope 2, and Scope 3 greenhouse gas  emissions and the related risks. The report does not provide any quantitative data or metrics related to GHG emissions, nor does it describe the methodologies used to calculate or estimate the metrics. The report only mentions IGT's commitment to reducing its environmental impact and carbon footprint, but it does not provide any specific information on how this is being achieved. The report also fails to provide GHG emissions for historical periods to allow for trend analysis. Overall, the report lacks transparency and specificity in disclosing GHG emissions and related risks.","The sustainability report does not provide sufficient information on the targets used by the organization to manage climate-related risks and opportunities and performance against targets. The report mentions the Based Target Initiative and developing a carbon neutrality plan, but it does not provide any details on the targets related to GHG emissions, water usage, energy usage, etc. The report does not mention whether the targets are absolute or intensity-based, time frames over which the target applies, base year from which progress is measured, or key performance indicators used to assess progress against targets. The report does not disclose associated interim targets in aggregate or by business line, where available. The report does not provide a description of the methodologies used to calculate targets and measures. Therefore, the report does not meet the TCFD guidelines for high-quality disclosure pertaining to the TCFD recommendation point."
SCORE,0,0,0,0,0,0,0,0,0,0,0
