,"Company name: DUN & BRADSTREET HOLDINGS, INC.
Company sector: Data and Analytics
Company location: Jacksonville, FL
Pages: 36","Company name: DUN & BRADSTREET HOLDINGS, INC.
Company sector: Data and Analytics
Company location: Jacksonville, FL
Pages: 36","Company name: DUN & BRADSTREET HOLDINGS, INC.
Company sector: Data and Analytics
Company location: Jacksonville, FL
Pages: 36","Company name: DUN & BRADSTREET HOLDINGS, INC.
Company sector: Data and Analytics
Company location: Jacksonville, FL
Pages: 36","Company name: DUN & BRADSTREET HOLDINGS, INC.
Company sector: Data and Analytics
Company location: Jacksonville, FL
Pages: 36","Company name: DUN & BRADSTREET HOLDINGS, INC.
Company sector: Data and Analytics
Company location: Jacksonville, FL
Pages: 36","Company name: DUN & BRADSTREET HOLDINGS, INC.
Company sector: Data and Analytics
Company location: Jacksonville, FL
Pages: 36","Company name: DUN & BRADSTREET HOLDINGS, INC.
Company sector: Data and Analytics
Company location: Jacksonville, FL
Pages: 36","Company name: DUN & BRADSTREET HOLDINGS, INC.
Company sector: Data and Analytics
Company location: Jacksonville, FL
Pages: 36","Company name: DUN & BRADSTREET HOLDINGS, INC.
Company sector: Data and Analytics
Company location: Jacksonville, FL
Pages: 36","Company name: DUN & BRADSTREET HOLDINGS, INC.
Company sector: Data and Analytics
Company location: Jacksonville, FL
Pages: 36"
,tcfd_1,tcfd_2,tcfd_3,tcfd_4,tcfd_5,tcfd_6,tcfd_7,tcfd_8,tcfd_9,tcfd_10,tcfd_11
ANSWER,"The Board of Directors, as a whole, is responsible for ESG oversight, including climate-related risks and opportunities. The Board has three standing committees, each of which has its own governing charter: An Audit Committee, a Compensation Committee, and a Corporate Governance and Nominating Committee. The Sustainability Working Group, which includes members of the leadership team, is tasked with developing and executing Dun & Bradstreet's ESG program and assessing the ESG landscape. In the 2022 report, the company will provide information on greenhouse gas emissions and other climate-related metrics.","Dun & Bradstreet acknowledges climate change as a significant challenge and is committed to reducing its climate impact. The company is completing the CDP Climate Risk questionnaire and is working to integrate climate-related risks into its business continuity assessments and plans. However, the report lacks specific information on the role of management in assessing and managing climate-related risks and opportunities.","Dun & Bradstreet Holdings, Inc. has identified climate change as one of the most significant challenges of our time. They recognize the risks associated with climate change and are working to integrate those risks into their business continuity assessments and plans. They are committed to reducing their climate impact and driving the creation of a more sustainable and greener economy. In their 2022 report, they will provide information on greenhouse gas emissions and other climate-related metrics.","Dun & Bradstreet recognizes climate change as a significant challenge and is committed to reducing its climate impact. The company is working to integrate climate-related risks into its business continuity assessments and plans. It aims to steer towards renewable energy, minimize greenhouse gas emissions, and reduce energy used in its operations. The company will provide information on greenhouse gas emissions and other climate-related metrics in its 2022 report. However, the report lacks concrete data on the company's progress towards its sustainability goals and the effectiveness of its ESG solutions.","Dun & Bradstreet Holdings, Inc. recognizes climate change as a significant challenge and is committed to reducing its climate impact. The company is working to integrate climate risks into its business continuity assessments and plans, and will provide information on greenhouse gas emissions and other climate-related metrics in its 2022 report. However, the report lacks concrete information on the resilience of the company's strategy in different climate-related scenarios, including a 2°C target or lower scenario, and climate physical risks.","Dun & Bradstreet Holdings, Inc. uses the Task Force on Climate-Related Financial Disclosures  and the CDP Climate Risk questionnaire to identify and assess climate-related risks. They also integrate these risks into their business continuity assessments and plans, aligned with ISO 22301 and their internal governing standard. They take a multi-level approach to risk identification and prevention using various technologies.","Dun & Bradstreet Holdings, Inc. is committed to implementing and maintaining robust preparations that will enable them to deliver key services in the event of minor or major incidents, disruptive events, and crises. They are working to integrate climate-related risks into their business continuity assessments and plans. They are also steering towards renewable energy, minimizing greenhouse gas emissions, and reducing energy used in their operations. In their 2022 report, they will provide information on greenhouse gas emissions and other climate-related metrics.","Dun & Bradstreet Holdings, Inc. is working to integrate climate-related risks into its business continuity assessments and plans. The company is committed to reducing its climate impact and driving the creation of a more sustainable and greener economy. However, the report lacks specific and quantifiable data to support its claims, and some statements may be considered cheap talks.","The organization plans to provide information on greenhouse gas emissions and other climate-related metrics in their 2022 report. However, the report does not disclose any specific metrics used to assess climate-related risks and opportunities or how they help ensure performance is in line with the company's strategy and risk management process.","The company plans to complete the CDP questionnaire during the 2022 reporting season, which will address GHG emissions. However, there is no disclosure of Scope 1, Scope 2, or Scope 3 GHG emissions in the current report. The report only contains general statements about the company's commitment to reducing GHG emissions and transitioning to renewable energy. No specific risks related to GHG emissions are mentioned.","The report mentions that the company will provide information on greenhouse gas emissions and other climate-related metrics in their 2022 report. However, there is no mention of specific targets used to understand/quantify/benchmark climate-related risks and opportunities, nor any information on the organization's performance against such targets."
SOURCES,"[111, 113, 114, 115]","[47, 49, 50]","[47, 49, 50, 54]","[47, 49, 50, 54]","[47, 49, 50, 54]","[49, 50, 125]","[49, 50, 52, 54, 47]","[49, 50, 51, 52, 54, 84, 124, 125, 130, 150, 154, 161, 162, 163]",[54],"[142, 47, 52]",[54]
PAGE,[25],[12],[12],[12],[12],"[26, 12]",[12],"[32, 34, 12, 19, 26, 27, 31]",[12],"[12, 30]",[12]
ANALYSIS,"The sustainability report provides limited information on the board's oversight of climate-related risks and opportunities. While the report mentions the existence of a Sustainability Working Group and the Board's responsibility for ESG oversight, it does not provide specific details on the processes and frequency by which the board and/or board committees are informed about climate-related issues. The report also does not discuss whether the board and/or board committees consider climate-related issues when reviewing and guiding strategy, major plans of action, risk management policies, annual budgets, and business plans. Additionally, the report does not provide information on how the board monitors and oversees progress against goals and targets for addressing climate-related issues. As a result, the report's disclosure quality on this critical element is low.","The sustainability report provides limited information on management's role in assessing and managing climate-related risks and opportunities. The report does not mention whether the organization has assigned climate-related responsibilities to management-level positions or committees, nor does it describe the associated organizational structure. The report briefly mentions processes by which management is informed about climate-related issues, but it does not provide any details on how management monitors climate-related issues. Overall, the report lacks specific information on management's role in assessing and managing climate-related risks and opportunities, which makes it difficult to evaluate the organization's approach to climate change.","The sustainability report provides limited information on the most relevant climate-related risks and opportunities that the organization has identified over the short, medium, and long term. While the report acknowledges the importance of climate change and the need to reduce greenhouse gas emissions, it does not provide a clear description of the specific climate-related issues that could have a material financial impact on the organization. The report also lacks information on the process used to determine which risks and opportunities could have a material financial impact on the organization. Overall, the disclosure is insufficient in meeting the TCFD guidelines for high-quality disclosure pertaining to the TCFD recommendation point.","The sustainability report by Dun & Bradstreet Holdings, Inc. provides limited information on how climate-related risks and opportunities impact the organization's businesses strategy, economic and financial performance, and financial planning. The report mentions the company's commitment to reducing its climate impact and working towards a sustainable and greener economy. However, it does not provide any specific details on how climate-related issues have affected their businesses, strategy, and financial planning. The report also lacks information on how climate-related issues serve as an input to their financial planning process, the time period used, and how these risks and opportunities are prioritized. Overall, the report does not meet most of the TCFD guidelines for high-quality disclosure pertaining to the TCFD recommendation point.","The sustainability report provides limited information on the resilience of the organization's strategy to climate-related risks and opportunities. While the report acknowledges the importance of climate change and the need to reduce greenhouse gas emissions, it does not provide a detailed discussion of how the organization's strategy would change to address potential risks and opportunities. The report does not provide any information on the potential impact of climate-related issues on financial performance and position. The report mentions that the organization will complete the CDP Climate Risk questionnaire in 2022 and provide information on greenhouse gas emissions and other climate-related metrics in the 2022 report. However, the report does not provide any information on the climate-related scenarios and associated time horizon considered.","The sustainability report provides limited information on the processes used by Dun & Bradstreet to identify and assess climate-related risks. While the report mentions the completion of the CDP Climate Risk questionnaire and the integration of climate risks into the business continuity program, it does not provide details on how the organization determines the relative significance of climate-related risks in relation to other risks. The report also lacks information on whether the organization considers existing and emerging regulatory requirements related to climate change. Additionally, the report does not disclose the processes for assessing the potential size and scope of identified climate-related risks or definitions of risk terminology used or references to existing risk classification frameworks used. As a result, the report's disclosure quality on this critical element is low.","The sustainability report provides some information on how the organization manages climate-related risks. It mentions that the company is committed to reducing its climate impact and driving the creation of a more sustainable and greener economy. It also describes the company's processes for managing climate-related risks, including how they make decisions to mitigate, transfer, accept, or control those risks. However, the report lacks specific details on how the company prioritizes climate-related risks and how materiality determinations are made within the organization. Overall, the disclosure is insufficiently detailed to fully satisfy the TCFD guidelines.","The disclosure provides some information on how the organization integrates climate-related risks into its overall risk management. The report mentions that the business continuity program is aligned with ISO 22301 and the company's internal governing standard. It also states that the company is committed to implementing and maintaining robust preparations to deliver key services in the event of disruptive incidents and crises. However, the disclosure lacks specific details on the processes for identifying, assessing, and managing climate-related risks. The report mentions that the company will complete the CDP Climate Risk questionnaire in 2022 and provide information on greenhouse gas emissions and other climate-related metrics in its 2022 report. Overall, the disclosure is insufficiently detailed and does not fully meet the requirements.","The sustainability report provides limited information on the metrics used to assess climate-related risks and opportunities. While the report mentions that the company will provide information on greenhouse gas emissions and other climate-related metrics in the 2022 report, it does not provide any details on the specific metrics used to measure and manage climate-related risks and opportunities. The report does not include metrics on climate-related risks associated with water, energy, land use, and waste management. The report also does not provide information on whether and how related performance metrics are incorporated into remuneration policies. While the report mentions the need to steer towards renewable energy, minimize greenhouse gas emissions, and reduce energy used in operations, it does not provide any specific metrics or targets. Overall, the report does not meet most of the TCFD guidelines.","The sustainability report does not meet the requirements for high-quality disclosure on Scope 1, Scope 2, and Scope 3 greenhouse gas  emissions. The report only mentions that the company will provide information on GHG emissions and other climate-related metrics in the 2022 report. The report lacks specific details on the calculation methodology, historical data, and industry-specific GHG efficiency ratios. The report does not provide any information on the related risks and how they differ depending on the scope. The report only mentions that the company is committed to reducing greenhouse gas emissions and steering towards renewable energy. Overall, the report lacks transparency and does not provide sufficient information to assess the company's GHG emissions and related risks.","The sustainability report lacks specific information on the targets used by the organization to manage climate-related risks and opportunities and performance against targets. While the report mentions the importance of steering towards renewable energy, minimizing greenhouse gas emissions, and reducing energy used in operations, it does not provide any specific targets or metrics to measure progress. The report does not describe whether the targets are absolute or intensity-based, time frames over which the target applies, base year from which progress is measured, or key performance indicators used to assess progress against targets. The report does not provide a description of the methodologies used to calculate targets and measures. Therefore, the report does not meet the TCFD guidelines for high-quality disclosure pertaining to the TCFD recommendation point."
SCORE,25,20,20,20,30,20,60,50,20,10,0
