,"Company name: EOG Resources
Company sector: Energy Industry
Company location: United States and Trinidad
Pages: 81","Company name: EOG Resources
Company sector: Energy Industry
Company location: United States and Trinidad
Pages: 81","Company name: EOG Resources
Company sector: Energy Industry
Company location: United States and Trinidad
Pages: 81","Company name: EOG Resources
Company sector: Energy Industry
Company location: United States and Trinidad
Pages: 81","Company name: EOG Resources
Company sector: Energy Industry
Company location: United States and Trinidad
Pages: 81","Company name: EOG Resources
Company sector: Energy Industry
Company location: United States and Trinidad
Pages: 81","Company name: EOG Resources
Company sector: Energy Industry
Company location: United States and Trinidad
Pages: 81","Company name: EOG Resources
Company sector: Energy Industry
Company location: United States and Trinidad
Pages: 81","Company name: EOG Resources
Company sector: Energy Industry
Company location: United States and Trinidad
Pages: 81","Company name: EOG Resources
Company sector: Energy Industry
Company location: United States and Trinidad
Pages: 81","Company name: EOG Resources
Company sector: Energy Industry
Company location: United States and Trinidad
Pages: 81"
,tcfd_1,tcfd_2,tcfd_3,tcfd_4,tcfd_5,tcfd_6,tcfd_7,tcfd_8,tcfd_9,tcfd_10,tcfd_11
ANSWER,"EOG Resources' board retains primary responsibility for climate-related risk oversight, and members of senior management present and discuss emerging ESG-related risks, including climate change, with the board throughout the year. Senior management also reviews EOG's environmental performance and trends with the board at least annually.","EOG Resources' management engages with shareholders and stakeholders, identifies and assesses climate-related risks, integrates them into overall risk management, and evaluates the resilience of the company's strategy under different climate-related scenarios. Senior management discusses climate change and environment-related matters with the Board throughout the year, and reviews environmental performance and trends at least annually. However, the report lacks concrete data and targets to assess and manage climate-related risks and opportunities.","EOG Resources has identified climate-related risks and opportunities that may affect its businesses, strategy, and financial planning. The company has evaluated the resilience of its strategy under different climate-related scenarios, including a 2°C or lower scenario. However, the report lacks specific details on the identified risks and opportunities, and it is unclear whether the risks are associated with a horizon.","EOG Resources has identified climate-related risks and opportunities that impact its long-term strategy, financial performance, and planning. The company believes that its disciplined capital allocation, premium well strategy, and focus on addressing emissions from its operations will drive long-term, sustainable shareholder and stakeholder value. However, the report lacks concrete data to support the company's claims, and some statements may be considered cheap talks.","EOG Resources has evaluated the resilience of its strategy under different climate-related scenarios, including a 2°C or lower scenario, and has considered the Sustainable Development Scenario  in the International Energy Agency’s  World Energy Outlook  2021. The company has also evaluated the potential future implications for oil and natural gas supply and demand, as related to the long-term resilience of its portfolio against various climate-related conditions and policy changes through 2040. The report mentions efforts to identify and manage climate-related risks, including those related to changes in the global energy demand and supply mix, and global climate change policy. However, the report lacks concrete data on the company's targets and metrics used to assess climate-related risks and opportunities, and the effectiveness of its strategy in managing physical risks from weather changes and extreme weather events.","EOG Resources has processes for identifying and assessing climate-related risks, which are disclosed in the Environment section of their sustainability report. These processes include long-term strategy and scenario analysis, managing emissions, and integrating climate-related risks into overall risk management. The report also mentions metrics and targets used to assess climate-related risks and opportunities, as well as engagement with stakeholders to evaluate the resilience of their portfolio to climate-related scenarios.","EOG Resources manages climate-related risks by integrating them into overall risk management, engaging with stakeholders, evaluating the resilience of their portfolio under different climate scenarios, and setting emissions targets. They also actively manage their portfolio of diverse oil and gas assets to provide future investment optionality and address emissions from their operations. However, the report lacks concrete data on the effectiveness of their strategies and the extent of their emissions reduction efforts.","EOG Resources has integrated the processes for identifying, assessing, and managing climate-related risks into the organization's overall risk management. The Nominating, Governance and Sustainability Committee has primary responsibility for oversight and guidance with respect to ESG-related matters. Senior management discusses climate change and environment-related matters with the Board throughout the year. The Board regularly reviews EOG's long-term strategic plans, including risks and processes employed to identify, manage, and mitigate such risks.","EOG Resources uses metrics such as Scope 1 and Scope 2 greenhouse gas emissions to assess climate-related risks and opportunities. The organization has identified climate-related risks over the short, medium, and long term and uses scenario analysis to evaluate the resilience of its strategy. The Nominating, Governance and Sustainability Committee has primary responsibility for oversight and guidance with respect to ESG-related matters. Management integrates climate-related risks into overall risk management and engages with shareholders and other stakeholders on climate-related matters. The company has set targets to manage climate-related risks and opportunities and performance against targets.","EOG Resources discloses its Scope 1 GHG emissions in its sustainability report. The company also reports its Scope 2 emissions, which are calculated based on EOG's purchased electricity consumption in the United States. The report does not provide information on Scope 3 emissions. The related risks are not specified in the report.",EOG Resources has set targets to achieve net zero Scope 1 and Scope 2 GHG emissions by 2040 and to reduce GHG intensity rate to 13.5 for U.S. operations by 2025. The report does not provide information on the company's performance against these targets.
SOURCES,"[84, 85, 389]","[91, 490, 491, 107, 106, 391, 87, 84, 83, 489, 478, 86, 389, 390, 392, 380, 54, 58]","[14, 15, 17]","[490, 107, 491, 91, 85, 87, 492, 106, 84, 82, 86, 489, 78, 58, 390, 380, 83, 88, 391]","[14, 15, 17, 59, 78, 82, 85, 86, 87, 91, 99, 106, 107, 380, 485, 489, 490, 491, 492]","[490, 491, 107]","[490, 91, 87, 106, 492, 107, 84, 83, 389, 59, 478, 86]","[490, 87, 58, 86]","[492, 490, 491, 87, 107, 85, 390, 391, 489, 78, 380, 517, 86]","[460, 25, 159, 490, 461, 34, 459, 492, 88, 165]","[88, 91]"
PAGE,"[60, 15]","[71, 73, 11, 12, 15, 16, 18, 59, 60]","[3, 4]","[73, 12, 15, 16, 18, 59, 60]","[3, 4, 72, 73, 12, 15, 16, 18, 59]","[73, 18]","[71, 73, 12, 15, 16, 18, 60]","[16, 73, 12, 15]","[73, 77, 15, 16, 18, 59, 60]","[5, 69, 7, 73, 16, 26, 27]",[16]
ANALYSIS,"The disclosure provides some information on the board's oversight of climate-related risks and opportunities. It mentions that senior management discusses climate change and environmental matters with the board throughout the year, and the board retains primary responsibility for risk oversight, including climate-related risks. The disclosure also states that the board considers climate-related issues when reviewing and guiding strategy, major plans of action, risk management policies, annual budgets, and business plans. However, the disclosure lacks specific details on the processes and frequency by which the board and/or board committees are informed about climate-related issues and how the board monitors and oversees progress against goals and targets for addressing climate-related issues. Overall, the disclosure partially meets the requirements, but more specific details are needed to provide a comprehensive view of the board's oversight of climate-related risks and opportunities.","The disclosure provided by the company is insufficient to meet the requirements for this critical element. While the report mentions the management's role in assessing and managing climate-related risks, it does not provide specific information on the organizational structure, processes, and monitoring mechanisms. The report does not mention whether the management positions or committees report to the board or a committee of the board. The report also lacks information on how management is informed about climate-related issues. The report mentions that senior management discusses climate change and environment-related matters with the board throughout the year, but it does not provide any specific details. Overall, the disclosure is not detailed enough to meet the requirements for this critical element.","The sustainability report provides a comprehensive description of climate-related risks and opportunities over the short, medium, and long term. The report describes the relevant time horizons, specific climate-related issues, and the process used to determine material financial impacts. The report also considers risks and opportunities by sector and/or geography. However, the report lacks specific details on how risks and opportunities could have a material financial impact on the organization. Additionally, the report does not provide a clear association of risks with a horizon. Overall, the report provides a good level of disclosure quality, but there is room for improvement in providing more specific details on the financial impact of risks and opportunities and their association with a horizon.","The sustainability report provides some information on how climate-related risks and opportunities impact the organization's businesses strategy, economic and financial performance, and financial planning. The report discusses the impact of climate-related risks and opportunities on the organization's businesses, strategy, and financial planning, including the resilience of the company's strategy under different climate-related scenarios. The report also describes the impact of climate-related issues on the organization's financial performance and financial position. However, the report lacks specific details on how climate-related issues serve as an input to the organization's financial planning process, the time period used, and how these risks and opportunities are prioritized. The report also does not describe the organization's plans for transitioning to a low-carbon economy, which could include GHG emissions targets and specific activities intended to reduce GHG emissions in their operations and value chain or to otherwise support the transition.","The sustainability report provides a comprehensive disclosure on the resilience of the organization's strategy to climate-related risks and opportunities. The report discusses the potential impact of climate-related issues on financial performance and position, and the climate-related scenarios considered. The report also describes the processes for identifying, assessing, and managing climate-related risks, including the integration of climate-related risks into overall risk management. However, the report lacks specific details on how the organization's strategies might change to address potential risks and opportunities. Overall, the report meets most of the requirements for high-quality disclosure pertaining to the critical element, but some areas could be more detailed.","The disclosure provides a comprehensive description of the organization's processes for identifying and assessing climate-related risks. The report describes the risk management processes for identifying and assessing climate-related risks and how organizations determine the relative significance of climate-related risks in relation to other risks. The report also discloses the processes for assessing the potential size and scope of identified climate-related risks and definitions of risk terminology used or references to existing risk classification frameworks used. However, the report does not provide a clear description of whether the organization considers existing and emerging regulatory requirements related to climate change as well as other relevant factors considered. Overall, the disclosure meets most of the requirements, but there is room for improvement.","The disclosure provides a comprehensive overview of the organization's processes for managing climate-related risks. The report describes the processes for identifying and assessing climate-related risks, including how materiality determinations are made within the organization. The report also describes the processes for prioritizing climate-related risks, including how the organization makes decisions to mitigate, transfer, accept, or control those risks. The report provides details on the resilience of the company's strategy under different climate-related scenarios, including a 2°C or lower scenario. However, the report lacks specific details on how the organization integrates climate-related risks into overall risk management. Overall, the disclosure meets most of the requirements and is of high quality.","The disclosure provides a comprehensive overview of the organization's processes for identifying, assessing, and managing climate-related risks. The report describes how climate-related risks are integrated into the organization's overall risk management and how the organization evaluates the resilience of its strategy under different climate-related scenarios. The report also includes metrics and targets used to assess climate-related risks and opportunities. However, the disclosure lacks specific details on how the organization manages climate-related risks and how it engages with stakeholders on climate-related matters. Overall, the disclosure meets most of the requirements, but there is room for improvement in terms of providing more specific details.","The sustainability report provides a comprehensive description of the metrics used to assess climate-related risks and opportunities in line with its strategy and risk management process. The report includes key metrics used to measure and manage climate-related risks and opportunities, consistent with the cross-industry. The report also includes metrics on climate-related risks associated with water, energy, land use, and waste management where relevant and applicable. The report provides a description of the methodologies used to calculate or estimate climate-related metrics. However, the report does not provide information on whether and how related performance metrics are incorporated into remuneration policies. The report provides forward-looking metrics for the cross-industry, consistent with their business or strategic planning time horizons. Overall, the report meets most of the requirements and is well-detailed.","The sustainability report provides some information on Scope 1 and Scope 2 GHG emissions, but it does not provide information on Scope 3 GHG emissions. The report does not provide a description of the methodologies used to calculate or estimate the metrics. The report does not provide GHG efficiency ratios. The report provides historical data for trend analysis. The report provides information on related risks, but it does not differentiate the risks based on the scope. Overall, the report partially meets the requirements for high-quality disclosure pertaining to the critical element of disclosing Scope 1, Scope 2, and, if appropriate, Scope 3 GHG emissions and the related risks.","The sustainability report provides a comprehensive description of the targets used by the organization to manage climate-related risks and opportunities and performance against targets. The report describes the organization's key climate-related targets, including GHG emissions, water usage, and energy usage, and provides details on whether the targets are absolute or intensity-based, time frames over which the target applies, base year from which progress is measured, and key performance indicators used to assess progress against targets. The report also includes associated interim targets in aggregate or by business line, where available. However, the report does not provide a description of the methodologies used to calculate targets and measures, which is a key requirement for high-quality disclosure."
SCORE,70,20,80,70,85,85,90,85,90,60,90
