,"Company name: John Deere & Company
Company sector: Manufacturing
Company location: Moline, Illinois
Pages: 43","Company name: John Deere & Company
Company sector: Manufacturing
Company location: Moline, Illinois
Pages: 43","Company name: John Deere & Company
Company sector: Manufacturing
Company location: Moline, Illinois
Pages: 43","Company name: John Deere & Company
Company sector: Manufacturing
Company location: Moline, Illinois
Pages: 43","Company name: John Deere & Company
Company sector: Manufacturing
Company location: Moline, Illinois
Pages: 43","Company name: John Deere & Company
Company sector: Manufacturing
Company location: Moline, Illinois
Pages: 43","Company name: John Deere & Company
Company sector: Manufacturing
Company location: Moline, Illinois
Pages: 43","Company name: John Deere & Company
Company sector: Manufacturing
Company location: Moline, Illinois
Pages: 43","Company name: John Deere & Company
Company sector: Manufacturing
Company location: Moline, Illinois
Pages: 43","Company name: John Deere & Company
Company sector: Manufacturing
Company location: Moline, Illinois
Pages: 43","Company name: John Deere & Company
Company sector: Manufacturing
Company location: Moline, Illinois
Pages: 43"
,tcfd_1,tcfd_2,tcfd_3,tcfd_4,tcfd_5,tcfd_6,tcfd_7,tcfd_8,tcfd_9,tcfd_10,tcfd_11
ANSWER,"The board of directors oversees climate-related risks and opportunities, and updates are provided to the board in alignment with Enterprise Risk Management processes. The Corporate Governance Committee of the board reviews ESG topics on a quarterly basis. The Task Force on Climate-related Financial Disclosures  Report provides detail about the board's and the company's governance of climate change. However, the report lacks specific information on the board's actions and strategies to address climate risks and opportunities.","The Climate Team, a cross-functional team, is responsible for addressing the various identified risks and opportunities for John Deere's business relative to climate change. The full board of directors has oversight of the risks and opportunities associated with climate change and updates are provided to the board in alignment with Enterprise Risk Management processes.","John Deere & Company's sustainability report does not provide a clear identification of the most relevant climate-related risks and opportunities over the short, medium, and long term. The report only mentions the Climate Team's monitoring of developments, quantifying risks and opportunities, and developing action plans. However, it is unclear what these risks and opportunities are and whether they are associated with a horizon. The report also lacks concrete data and instead provides vague statements and cheap talks.","The company acknowledges climate-related risks and opportunities and has a cross-functional Climate Team to monitor and develop action plans. The board of directors has oversight of climate change risks and opportunities. However, the report lacks specific information on how climate-related risks and opportunities impact the organization's business strategy, economic and financial performance, and financial planning.","The report does not provide sufficient information to determine the resilience of John Deere's strategy to different climate-related scenarios or physical risks. While the report mentions the Climate Team's monitoring of climate risks and the validation of science-based targets, it lacks concrete details on the company's strategy and actions to address climate risks and physical impacts.","John Deere & Company engages in pre-audit assessment activities to ensure they are prepared to meet the requirements of future potential regulation. The Climate Team, a cross-functional team responsible for addressing the various identified risks and opportunities for the business relative to climate change, monitored developments, quantified risk and opportunities, developed action plans, and engaged throughout the organization to help ensure alignment and assess performance toward goals and targets. The full board of directors has oversight of the risks and opportunities associated with climate change and updates are provided to the board in alignment with Enterprise Risk Management processes.","John Deere has a Climate Team responsible for monitoring climate-related risks and opportunities, developing action plans, and engaging throughout the organization to ensure alignment and assess performance toward goals and targets. The full board of directors has oversight of the risks and opportunities associated with climate change. The company has validated science-based targets for reducing greenhouse gas emissions and has a team to reduce Scope 3 Category 11 GHG emissions by 30% by 2030.","John Deere integrates climate-related risks into its overall risk management through its Leap Ambitions, which guide its sustainability reporting and align with its internal Enterprise Risk Management process. The Climate Team, a cross-functional team responsible for addressing climate-related risks and opportunities, monitored developments, quantified risk and opportunities, developed action plans, and engaged throughout the organization to ensure alignment and assess performance toward goals and targets. The full board of directors has oversight of the risks and opportunities associated with climate change and updates are provided to the board in alignment with Enterprise Risk Management processes.","The report does not provide specific metrics used by John Deere & Company to assess climate-related risks and opportunities. However, the Climate Team is responsible for monitoring developments, quantifying risk and opportunities, developing action plans, and engaging throughout the organization to help ensure alignment and assess performance toward goals and targets. The report does not provide information on how these metrics help ensure that the performance is in line with its strategy and risk management process.","John Deere & Company discloses its Scope 1, Scope 2, and Scope 3 greenhouse gas emissions. The related risks are not explicitly stated in the report.","John Deere & Company has validated science-based targets for Scope 1, 2, and 3 greenhouse gas emissions with the Science Based Targets initiative. The report also highlights the innovation and partnership efforts undertaken to achieve the Scope 3 downstream greenhouse gas emissions reduction goal by 2030. However, there is no information on how the organization is performing against these targets."
SOURCES,"[371, 373, 374]","[373, 381]","[29, 30, 31, 33, 34, 35, 36, 53, 144, 314, 369, 373, 374, 376, 377, 381, 382, 437, 439]","[373, 381]","[31, 381]","[29, 34, 381, 373]","[381, 373, 31, 383, 39, 245]","[29, 31, 373, 377, 381]",[381],"[31, 163, 460, 383, 376, 252, 144, 238, 33, 438, 245, 164, 251, 439, 165]",[31]
PAGE,[35],[35],"[34, 35, 5, 7, 39, 15, 29]",[35],"[35, 5]","[35, 5]","[24, 35, 5]","[35, 5]",[35],"[35, 5, 39, 40, 15, 16, 23, 24]",[5]
ANALYSIS,"The disclosure provides some information on the board's oversight of climate-related risks and opportunities. It mentions that the full board of directors has oversight of the risks and opportunities associated with climate change and updates are provided to the board in alignment with Enterprise Risk Management processes. However, the disclosure lacks specific details on how the board and/or board committees are informed about climate-related issues, whether they consider climate-related issues when reviewing and guiding strategy, major plans of action, risk management policies, annual budgets, and business plans, and how the board monitors and oversees progress against goals and targets for addressing climate-related issues. The disclosure also mentions the Corporate Governance Committee of the board reviews ESG topics on a quarterly basis, but it is unclear whether climate-related issues are included in these reviews.","The sustainability report provides limited information on management's role in assessing and managing climate-related risks and opportunities. While the report mentions a Climate Team responsible for addressing climate-related risks and opportunities, it does not provide details on the associated organizational structure, processes by which management is informed about climate-related issues, or how management monitors climate-related issues. The report does mention that the full board of directors has oversight of the risks and opportunities associated with climate change, but it does not provide information on whether the organization has assigned climate-related responsibilities to management-level positions or committees. Overall, the report lacks specificity and detail on management's role in assessing and managing climate-related risks and opportunities.","The sustainability report provides some information on climate-related risks and opportunities, but it does not meet the TCFD guidelines in full. The report does not provide a clear description of the relevant short-, medium-, and long-term time horizons, nor does it describe the specific climate-related issues that could have a material financial impact on the organization in each time horizon. The report does mention a Climate Team responsible for addressing identified risks and opportunities, but it does not provide a clear description of the process used to determine which risks and opportunities could have a material financial impact on the organization. The report does not provide a description of risks and opportunities by sector and/or geography. Overall, the report lacks specificity and detail, resulting in a low score.","The given disclosure does not provide sufficient information to meet the requirements for this critical element. While the report mentions the company's Climate Team and its monitoring of climate-related risks and opportunities, it does not provide any specific details on how climate-related issues impact the organization's businesses, strategy, and financial planning. The report also fails to describe how climate-related issues serve as an input to the financial planning process, the time period used, and how these risks and opportunities are prioritized. Additionally, the report does not describe the impact of climate-related issues on the organization's financial performance and financial position. Overall, the disclosure lacks the necessary details to provide a holistic picture of the interdependencies among the factors that affect the company's ability to create value over time.","The given sustainability report does not provide sufficient information to evaluate the resilience of the organization's strategy when considering different climate-related scenarios, including a 2°C target or lower scenario. While the report mentions the Climate Team's efforts to monitor and quantify risks and opportunities related to climate change, it does not provide any specific details on how the organization's strategies might change to address potential risks and opportunities. Additionally, the report does not discuss the potential impact of climate-related issues on financial performance and position. The report does mention the validation of science-based targets for greenhouse gas emissions and the reduction of emissions, but it does not provide any information on the climate-related scenarios and associated time horizons considered. Therefore, the report does not meet the TCFD guidelines for high-quality disclosure pertaining to the TCFD recommendation point.","The sustainability report provides limited information on the processes used by the organization to identify and assess climate-related risks. While the report mentions the Climate Team's activities, it does not provide details on the risk management processes used to identify and assess climate-related risks. The report does not describe how the organization determines the relative significance of climate-related risks in relation to other risks. The report does not disclose the processes for assessing the potential size and scope of identified climate-related risks or definitions of risk terminology used. The report mentions regulatory requirements related to climate change, but it does not provide details on how the organization considers these requirements. Overall, the report lacks specificity and detail on the organization's processes for identifying and assessing climate-related risks.","The sustainability report provides some information on how the organization manages climate-related risks. The report mentions the Climate Team, which is responsible for addressing identified risks and opportunities for the business relative to climate change. The report also highlights the board's oversight of the risks and opportunities associated with climate change. However, the report lacks specific details on how the organization makes decisions to mitigate, transfer, accept, or control climate-related risks. The report also does not provide information on how materiality determinations are made within the organization. Overall, the disclosure is insufficient to meet the TCFD guidelines for high-quality disclosure pertaining to the TCFD recommendation point.","The sustainability report provides some information on how the organization integrates climate-related risks into its overall risk management. The report mentions the Climate Team, which is responsible for addressing identified risks and opportunities related to climate change, and the board of directors, which has oversight of the risks and opportunities associated with climate change. The report also states that the Leap Ambitions guide the organization's approach to sustainability reporting and are aligned with the internal Enterprise Risk Management process. However, the report lacks specific details on how the organization identifies, assesses, and manages climate-related risks and how these processes are integrated into the overall risk management. Therefore, the report only partially satisfies the given requirements.","The sustainability report does not provide sufficient information on the metrics used to assess climate-related risks and opportunities. The report mentions the Climate Team's activities, but it does not provide any specific metrics or methodologies used to measure and manage climate-related risks and opportunities. The report also mentions the company's Leap Ambitions, but it does not provide any specific metrics or methodologies used to measure and manage climate-related risks and opportunities. The report does not provide any historical or forward-looking metrics for the cross-industry. Overall, the report lacks the necessary components for high-quality disclosure pertaining to the critical element of metrics used to assess climate-related risks and opportunities.","The sustainability report provides some information on the organization's Scope 1, Scope 2, and Scope 3 greenhouse gas emissions. The report mentions that the organization has validated science-based targets for its Scope 1, 2, and 3 greenhouse gas emissions and has incorporated qualitative discussion of the innovation and partnership efforts it is undertaking to achieve its Scope 3 downstream greenhouse gas emissions reduction goal by 2030. However, the report lacks specific details on the organization's Scope 1 and Scope 2 GHG emissions, and the related risks. The report also does not provide GHG emissions and associated metrics for historical periods to allow for trend analysis. Overall, the report does not fully meet the TCFD guidelines for high-quality disclosure pertaining to the TCFD recommendation point.","The sustainability report provides some information on the targets used by the organization to manage climate-related risks and opportunities and performance against targets. The report mentions that the company has validated science-based targets for its Scope 1, 2, and 3 greenhouse gas emissions with the Science Based Targets initiative and has incorporated qualitative discussion of the innovation and partnership efforts to achieve its Scope 3 downstream greenhouse gas emissions reduction goal by 2030. However, the report lacks specific details on the targets, such as whether they are absolute or intensity-based, time frames over which the targets apply, base year from which progress is measured, and key performance indicators used to assess progress against targets. The report also does not provide a description of the methodologies used to calculate targets and measures. Therefore, the report partially meets the requirements for high-quality disclosure pertaining to the critical element."
SCORE,50,30,40,20,0,30,40,60,10,50,60
