,"Company name: Extra Space Storage
Company sector: Real Estate
Company location: Salt Lake City, Utah
Pages: 31","Company name: Extra Space Storage
Company sector: Real Estate
Company location: Salt Lake City, Utah
Pages: 31","Company name: Extra Space Storage
Company sector: Real Estate
Company location: Salt Lake City, Utah
Pages: 31","Company name: Extra Space Storage
Company sector: Real Estate
Company location: Salt Lake City, Utah
Pages: 31","Company name: Extra Space Storage
Company sector: Real Estate
Company location: Salt Lake City, Utah
Pages: 31","Company name: Extra Space Storage
Company sector: Real Estate
Company location: Salt Lake City, Utah
Pages: 31","Company name: Extra Space Storage
Company sector: Real Estate
Company location: Salt Lake City, Utah
Pages: 31","Company name: Extra Space Storage
Company sector: Real Estate
Company location: Salt Lake City, Utah
Pages: 31","Company name: Extra Space Storage
Company sector: Real Estate
Company location: Salt Lake City, Utah
Pages: 31","Company name: Extra Space Storage
Company sector: Real Estate
Company location: Salt Lake City, Utah
Pages: 31","Company name: Extra Space Storage
Company sector: Real Estate
Company location: Salt Lake City, Utah
Pages: 31"
,tcfd_1,tcfd_2,tcfd_3,tcfd_4,tcfd_5,tcfd_6,tcfd_7,tcfd_8,tcfd_9,tcfd_10,tcfd_11
ANSWER,"Extra Space Storage's board of directors, senior management team, and sustainability committee oversee climate-related risks and opportunities. They review, discuss, and assess climate-related risks and opportunities regularly. The company has set clear and measurable objectives, policies, and committees to pursue ESG improving projects, make investments in sustainability projects, and collect real-time data to adapt projects based on insights. However, the report lacks specific details on the board's direct responsibilities and actions pertaining to climate issues.","Extra Space Storage's sustainability committee, senior management team, and board of directors oversee the assessment and management of climate-related risks and opportunities. The company evaluates and mitigates risks associated with climate hazards in their key markets and incorporates resiliency measures into their acquisitions and development projects. They have set targets to reduce GHG emissions, energy, water, and waste, and have made significant progress to date. However, the report lacks specific data on the degree of systematic portfolio exposure and strategies for mitigating risks.","Extra Space Storage has identified physical risks associated with inland flood risk, coastal floods, sea-level rise, hurricanes, wildfires, earthquakes, high-speed wind storms, hailstorms, and wild fires. The company has set targets to reduce GHG emissions, energy, water, and waste. Extra Space Storage aims to minimize physical and financial climate change-related risk in its acquisitions by evaluating these risks in its underwriting and due diligence processes. The company has identified potential future reputational risk as stakeholders' concerns and feedback around sustainability may change.","Extra Space Storage has a resilience strategy that includes direct oversight of climate-related issues by its sustainability committee, senior management team, and board of directors. The company evaluates and mitigates risks associated with hurricanes, wildfires, and rising sea levels within its key markets. It has set targets to reduce GHG emissions, energy, water, and waste. However, the report lacks concrete data and relies on vague statements, and there is no evidence of the company's commitment to sustainability beyond cheap talks.","Extra Space Storage's sustainability report mentions that the organization's resilience strategy includes direct oversight of climate-related issues by its sustainability committee, senior management team, and board of directors. The report also states that the company has incorporated resiliency measures into its acquisitions and development projects, and proactively evaluates and mitigates risks associated with hurricanes, wildfires, and rising sea levels within its key markets. However, the report lacks concrete data on the organization's resilience strategy when considering different climate-related scenarios and physical risks.","Extra Space Storage evaluates and mitigates climate-related risks associated with hurricanes, wildfires, and rising sea levels within its key markets. The organization's resilience strategy includes direct oversight of climate-related issues by its sustainability committee, senior management team, and board of directors. The company evaluates physical and financial climate change-related risks in its acquisitions and dispositions. It has set targets to reduce GHG emissions, energy, water, and waste and evaluates its progress annually. The company has made significant progress in reducing its carbon impact through energy-saving initiatives such as installing solar panels and retrofitting properties with high-efficiency fixtures.","Extra Space Storage manages climate-related risks by incorporating resiliency measures into acquisitions and development projects, conducting property audits to mitigate climate-related risks, and setting utility consumption and emissions targets. They also evaluate and mitigate risks associated with natural disasters and climate change in their key markets, and have emergency response plans and kits for extreme weather scenarios. However, the report lacks concrete data on the effectiveness of these measures and the extent of the company's exposure to climate risks.","Extra Space Storage integrates climate-related risks into its overall risk management through direct oversight by the sustainability committee, senior management team, and board of directors. The company evaluates and mitigates risks associated with natural disasters and climate change in its key markets, and incorporates resiliency measures into its acquisitions and development projects. However, the report lacks concrete data on the effectiveness of these measures and the company's progress towards its targets.","Extra Space Storage does not provide clear metrics for assessing climate-related risks and opportunities. The report mentions evaluating and mitigating risks associated with hurricanes, wildfires, and rising sea levels, but does not provide specific metrics. The report also mentions setting targets to reduce GHG emissions, energy, water, and waste, but does not explain how these metrics help ensure performance is in line with strategy and risk management process.",Extra Space Storage discloses its Scope 1 and Scope 2 GHG emissions in its sustainability report. The report does not mention Scope 3 emissions. The related risks are not clearly identified in the report.,Extra Space Storage has set utility consumption and emissions targets and continues to monitor its progress. The report does not provide specific information on the targets or the company's performance against them.
SOURCES,"[58, 63, 55, 10, 53, 54, 66, 62, 70, 69, 7, 11, 65, 1, 52, 59, 18, 4, 15]","[58, 63, 62, 70, 69, 66, 10, 55, 11, 64, 59, 89, 60, 88, 15, 1, 9, 4]","[58, 59, 60, 62, 63, 66]","[58, 63, 69, 66, 62, 70, 59, 60, 65, 10, 11, 1, 23, 18, 4]","[58, 63, 66, 69]","[58, 63, 66, 69, 70, 55, 15, 18, 89, 65, 60, 11, 33]","[58, 63, 70, 69, 65, 62, 59, 11, 55, 10, 15, 18, 88, 61, 4]","[58, 63, 70]","[58, 62, 63, 65, 69, 74, 89]","[15, 62, 75, 77]","[18, 63]"
PAGE,"[2, 3, 4, 6, 7, 17, 19, 20]","[2, 4, 6, 17, 19, 20, 26]","[19, 20]","[2, 4, 7, 8, 19, 20]","[19, 20]","[4, 6, 7, 11, 17, 19, 20, 26]","[2, 4, 6, 7, 17, 19, 20, 26]","[19, 20]","[26, 19, 20, 22]","[19, 6, 23]","[19, 7]"
ANALYSIS,"The sustainability report provides some information on the board's oversight of climate-related risks and opportunities. The report mentions that the sustainability committee, senior management team, and board of directors regularly review, discuss, and assess climate-related risks and opportunities. However, the report does not provide specific details on the processes and frequency by which the board and/or board committees are informed about climate-related issues. The report also does not mention whether the board and/or board committees consider climate-related issues when reviewing and guiding strategy, major plans of action, risk management policies, annual budgets, and business plans. Additionally, the report does not provide information on how the board monitors and oversees progress against goals and targets for addressing climate-related issues. Overall, the disclosure is insufficient and lacks specific details.","The sustainability report provides some information on management's role in assessing and managing climate-related risks and opportunities. It mentions that the sustainability committee, senior management team, and board of directors oversee climate-related issues and assess risks and opportunities regularly. The report also describes some processes by which management is informed about climate-related issues and how management monitors climate-related issues. However, the report lacks specific details on the organizational structure and responsibilities of management-level positions or committees assigned to climate-related issues. Therefore, while the report partially meets some of the TCFD guidelines, it does not provide sufficient information to meet all of them.","The sustainability report provides some information on climate-related risks and opportunities, but it falls short of meeting the TCFD guidelines for high-quality disclosure. The report does not provide a clear description of the relevant short-, medium-, and long-term time horizons, nor does it describe the process used to determine which risks and opportunities could have a material financial impact on the organization. While the report does identify some specific climate-related issues potentially arising in each time horizon, it does not provide a comprehensive sector or geography-wise description of risks and opportunities. Overall, the report lacks specificity and detail, making it difficult to assess the organization's preparedness for climate-related risks and opportunities.","The sustainability report provides some information on how climate-related risks and opportunities impact the organization's businesses strategy, economic and financial performance, and financial planning. The report discusses the impact of climate-related issues on the organization's operations, acquisitions, and dispositions. It also mentions the evaluation of climate-related risks in underwriting and due diligence processes. However, the report lacks specific details on how climate-related issues serve as an input to the financial planning process, the time period used, and how these risks and opportunities are prioritized. The report also does not describe the impact of climate-related issues on the organization's financial performance and financial position. Overall, the report partially meets the TCFD guidelines and lacks specific details, resulting in a score of 60.","The sustainability report provides some information on the organization's resilience strategy to climate-related risks and opportunities. The report mentions that the organization evaluates and mitigates risks associated with hurricanes, wildfires, and rising sea levels within its key markets. However, the report lacks specific details on how the organization's strategy might change to address potential risks and opportunities, the potential impact of climate-related issues on financial performance and position, and the climate-related scenarios and associated time horizon considered. The report also does not provide information on the degree of systematic portfolio exposure and strategies for mitigating risks. Overall, the disclosure is insufficient in meeting the TCFD guidelines.","The sustainability report provides some information on the organization's processes for identifying and assessing climate-related risks. The report mentions that the organization evaluates and mitigates risks associated with hurricanes, wildfires, and rising sea levels within its key markets. However, the report lacks specific details on how the organization determines the relative significance of climate-related risks in relation to other risks. The report also does not disclose whether the organization considers existing and emerging regulatory requirements related to climate change. The report does not provide information on the processes for assessing the potential size and scope of identified climate-related risks and definitions of risk terminology used or references to existing risk classification frameworks used. Overall, the disclosure is insufficient to meet the TCFD guidelines.","The sustainability report provides a detailed description of the organization's processes for managing climate-related risks. The report describes the organization's processes for managing climate-related risks, including how they make decisions to mitigate, transfer, accept, or control those risks. The report also describes the organization's processes for prioritizing climate-related risks, including how materiality determinations are made within their organizations. The report provides examples of physical risks identified and how they are mitigated. The report also describes the organization's processes for evaluating and re-evaluating their processes for managing climate-related risks. However, the report lacks specific details on how materiality determinations are made within the organization. Overall, the report provides a comprehensive description of the organization's processes for managing climate-related risks, and therefore, the report scores 90 out of 100.","The sustainability report provides some information on how the organization integrates processes for identifying, assessing, and managing climate-related risks into its overall risk management. The report mentions that the sustainability committee, senior management team, and board of directors regularly review, discuss, and assess climate-related risks and opportunities. The report also states that the organization evaluates and mitigates risks associated with hurricanes, wildfires, and rising sea levels within its key markets. However, the report lacks specific details on how the organization identifies and assesses climate-related risks and how it integrates these processes into its overall risk management. Therefore, while the report provides some information, it does not fully meet the TCFD guidelines. The score for this disclosure is 60.","The sustainability report provides some information on the metrics used to assess climate-related risks and opportunities, but it lacks detail and specificity. The report mentions that the organization evaluates and mitigates risks associated with hurricanes, wildfires, and rising sea levels, but it does not provide specific metrics or targets. The report also mentions that the organization has set targets to reduce GHG emissions, energy, water, and waste, but it does not provide historical data or forward-looking metrics. The report does not mention whether climate-related performance metrics are incorporated into remuneration policies. Overall, the disclosure is insufficient to meet the TCFD guidelines outlined for this TCFD recommendation point.","The sustainability report provides some information on GHG emissions, but it does not meet the TCFD guidelines for high-quality disclosure. The report discloses GHG emissions for Scope 1 and Scope 2, but it does not provide information on Scope 3 emissions. The report does not provide a description of the methodologies used to calculate or estimate the metrics. The report does not provide GHG efficiency ratios. The report provides GHG emissions for historical periods, but it does not provide related risks. The report does not provide GHG emissions independent of a materiality assessment. The report provides some information on energy-saving initiatives, but it does not provide information on the related risks. The report does not provide industry-specific GHG efficiency ratios.","The sustainability report provides limited information on the targets used by the organization to manage climate-related risks and opportunities and performance against targets. While the report mentions some targets related to GHG emissions, energy usage, and water usage, it does not provide specific details on the time frames, base year, or key performance indicators used to assess progress against targets. The report also lacks information on the methodologies used to calculate targets and measures. Overall, the disclosure is insufficient to meet the TCFD guidelines outlined for this TCFD recommendation point."
SCORE,40,60,50,60,40,40,90,60,40,40,30
