,"Company name: Brookdale Senior Living Inc.
Company sector: Senior Living Communities
Company location: United States
Pages: 19","Company name: Brookdale Senior Living Inc.
Company sector: Senior Living Communities
Company location: United States
Pages: 19","Company name: Brookdale Senior Living Inc.
Company sector: Senior Living Communities
Company location: United States
Pages: 19","Company name: Brookdale Senior Living Inc.
Company sector: Senior Living Communities
Company location: United States
Pages: 19","Company name: Brookdale Senior Living Inc.
Company sector: Senior Living Communities
Company location: United States
Pages: 19","Company name: Brookdale Senior Living Inc.
Company sector: Senior Living Communities
Company location: United States
Pages: 19","Company name: Brookdale Senior Living Inc.
Company sector: Senior Living Communities
Company location: United States
Pages: 19","Company name: Brookdale Senior Living Inc.
Company sector: Senior Living Communities
Company location: United States
Pages: 19","Company name: Brookdale Senior Living Inc.
Company sector: Senior Living Communities
Company location: United States
Pages: 19","Company name: Brookdale Senior Living Inc.
Company sector: Senior Living Communities
Company location: United States
Pages: 19","Company name: Brookdale Senior Living Inc.
Company sector: Senior Living Communities
Company location: United States
Pages: 19"
,tcfd_1,tcfd_2,tcfd_3,tcfd_4,tcfd_5,tcfd_6,tcfd_7,tcfd_8,tcfd_9,tcfd_10,tcfd_11
ANSWER,"The company has created a Sustainability Leadership Council, which reports to the Nominating and Corporate Governance Committee of the Board of Directors. The Council is responsible for providing sustainability governance and overseeing climate-related risks and opportunities. However, the report lacks specific details on the board's direct responsibilities and actions pertaining to climate issues.","Brookdale Senior Living Inc. has created a Director of Sustainability and an Energy & Utility Manager to drive sustainability efforts, including reducing energy consumption, water use, and waste. The Sustainability Leadership Council, chaired by an Executive Vice President, has been created to provide sustainability governance. The company has prioritized three environmental areas - energy, water, waste - and built a foundation for reliable improvement. The company is committed to reducing energy consumption per square foot 15% by 2019.","Brookdale Senior Living Inc. has identified energy, water, and waste as the most significant environmental areas to improve. The company aims to reduce energy consumption per square foot by 15% by 2019. However, the report lacks specific information on climate-related risks and opportunities associated with a horizon.","The report mentions the company's commitment to reducing its environmental impact and improving its sustainability performance. However, there is no clear indication of how climate-related risks and opportunities impact the organization's business strategy, economic and financial performance, and financial planning. The report lacks specific, quantifiable data to support its claims.","The report does not provide any information on how resilient Brookdale Senior Living Inc.'s strategy is when considering different climate-related scenarios, including a 2°C target or lower scenario. The report only mentions that the company has prioritized energy, water, and waste reduction as its most significant environmental impacts and has set goals to reduce energy consumption per square foot by 15% by 2019. However, it is unclear how the company plans to achieve these goals and whether they are aligned with a 2°C target or lower scenario. The report also does not provide any information on how resilient the company's strategy is when considering climate physical risks.","The report does not provide specific information on the processes Brookdale Senior Living Inc. uses to identify and assess climate-related risks. However, the company claims to have assessed, integrated, and improved all its measurement capabilities, comprehensively understood its true baseline performance, carefully determined which environmental areas were most significant, and set prioritized improvement goals.",Brookdale Senior Living Inc. has set a goal to reduce energy consumption per square foot by 15% by 2019. They have hired an Energy & Utility Manager and a Director of Sustainability to drive sustainability efforts. They have also created a Sustainability Leadership Council to provide sustainability governance. They plan to engage stakeholders more closely and drive continuous improvement in alignment with major productivity and quality initiatives.,"The report does not provide specific information on how the processes for identifying, assessing, and managing climate-related risks are integrated into the organization's overall risk management.","The report does not provide specific metrics used by Brookdale Senior Living Inc. to assess climate-related risks and opportunities. However, the company has prioritized three environmental areas - energy, water, and waste - for improvement and has set reduction goals for each. The report does not provide a clear explanation of how these metrics help ensure that the performance is in line with its strategy and risk management process.","The report does not disclose the company's Scope 1, Scope 2, and Scope 3 greenhouse gas emissions. There is no specific information on related risks to GHG emissions.","The report does not provide any specific targets used by Brookdale Senior Living Inc. to understand/quantify/benchmark climate-related risks and opportunities. However, the company has prioritized three environmental areas - energy, water, and waste - and has set a goal to reduce energy consumption per square foot by 15% by 2019. The report does not provide any information on the company's performance against these targets."
SOURCES,"[8, 38]","[99, 125, 97, 139, 26, 30, 25, 14, 28, 6, 64, 38, 23, 29, 27, 105, 98, 39, 127, 7]","[2, 14, 26, 28, 30, 37, 44, 97, 98, 105, 125, 139]","[2, 6, 14, 23, 24, 25, 26, 28, 29, 30, 31, 41, 53, 64, 97, 98, 99, 105, 125, 127, 139]","[97, 31, 30, 125, 105, 26, 139, 14, 103, 64, 28, 127, 29, 105, 98, 99, 95, 37, 107, 9]",[97],"[97, 99, 105, 125, 139, 38, 29, 37]","[97, 26, 125, 139, 95, 30, 64, 98, 14, 6, 29, 39, 99, 28, 44, 94, 24, 127]","[29, 98, 103]","[2, 105, 97, 139, 125, 30, 6, 26, 99, 100, 98, 28, 36, 37, 14, 103, 29, 31, 113, 9]","[30, 105, 9]"
PAGE,"[2, 5]","[1, 2, 3, 4, 5, 9, 13, 14, 16, 17]","[1, 2, 4, 5, 6, 13, 14, 16, 17]","[1, 2, 3, 4, 6, 7, 9, 13, 14, 16, 17]","[2, 4, 5, 9, 12, 13, 14, 16, 17]",[13],"[4, 5, 13, 14, 16, 17]","[1, 2, 3, 4, 5, 6, 9, 12, 13, 16, 17]","[4, 13, 14]","[1, 2, 4, 5, 13, 14, 16, 17]","[2, 4, 14]"
ANALYSIS,"The report mentions the creation of a Sustainability Leadership Council that reports to the Nominating and Corporate Governance Committee of the Board of Directors. However, the report does not provide any information on the processes and frequency by which the board and/or board committees are informed about climate-related issues. The report also does not mention whether the board and/or board committees consider climate-related issues when reviewing and guiding strategy, major plans of action, risk management policies, annual budgets, and business plans as well as setting the organization’s performance objectives, monitoring implementation and performance, and overseeing major capital expenditures, acquisitions, and divestitures. The report does not provide any information on how the board monitors and oversees progress against goals and targets for addressing climate-related issues. Therefore, the report does not meet the TCFD guidelines and scores 0.","The given sustainability report does not provide any information on the role of management in assessing and managing climate-related risks and opportunities. The report does not mention whether the organization has assigned climate-related responsibilities to management-level positions or committees, nor does it describe the associated organizational structure. The report also does not provide any information on the processes by which management is informed about climate-related issues or how management monitors climate-related issues. Therefore, the report does not meet any of the TCFD guidelines outlined for high-quality disclosure pertaining to the TCFD recommendation point.","The given disclosure does not provide sufficient information to meet the requirements for high-quality disclosure pertaining to the critical element of identifying climate-related risks and opportunities over the short, medium, and long term. The disclosure does not provide a clear description of the relevant time horizons, specific climate-related issues, or the process used to determine which risks and opportunities could have a material financial impact on the organization. The disclosure also does not provide a description of risks and opportunities by sector and/or geography. Overall, the disclosure lacks the necessary details to meet the requirements for high-quality disclosure.","The given disclosure does not provide any information on how climate-related risks and opportunities impact the organization's businesses strategy, economic and financial performance, and financial planning. The report only provides a general overview of the company's sustainability roadmap and its efforts to reduce environmental impact. The report does not discuss the impact of climate-related issues on the company's financial performance or position. The report does not describe how climate-related issues serve as an input to the company's financial planning process, the time period used, and how these risks and opportunities are prioritized. The report does not describe the impact of climate-related issues on the company's products and services, supply chain and/or value chain, adaptation and mitigation activities, investment in research and development, operations, acquisitions or divestments, and access to capital.","The given sustainability report does not provide any information on how resilient the organization's strategy is when considering different climate-related scenarios, including a 2°C target or lower scenario. The report does not discuss how the organization's strategies might change to address potential risks and opportunities, the potential impact of climate-related issues on financial performance, or the climate-related scenarios and associated time horizon considered. The report only provides information on the organization's sustainability goals and initiatives, including reducing energy consumption, water use, and waste. Therefore, the report does not meet any of the requirements for high-quality disclosure pertaining to the critical element of how resilient the organization's strategy is when considering different climate-related scenarios, including a 2°C target or lower scenario, and how resilient the organization's strategy is when considering climate physical risks.","The given disclosure does not provide sufficient information to rate the organization's processes for identifying and assessing climate-related risks. The disclosure does not describe the organization's risk management processes for identifying and assessing climate-related risks, nor does it provide information on how the organization determines the relative significance of climate-related risks in relation to other risks. The disclosure also does not mention whether the organization considers existing and emerging regulatory requirements related to climate change. The disclosure does not provide any information on the processes for assessing the potential size and scope of identified climate-related risks or definitions of risk terminology used or references to existing risk classification frameworks used.","The given disclosure does not provide sufficient information to evaluate the organization's processes for managing climate-related risks. The disclosure only mentions the organization's efforts to reduce environmental impact, including energy consumption, water use, and waste. There is no mention of how the organization makes decisions to mitigate, transfer, accept, or control climate-related risks, nor is there any information on how materiality determinations are made within the organization. The disclosure does not meet the requirements for high-quality disclosure pertaining to the critical element of how the organization manages climate-related risks.","The given report's disclosure does not provide sufficient information to rate the quality of disclosure on the TCFD recommendation point. The TCFD guidelines demand that organizations describe how their processes for identifying, assessing, and managing climate-related risks are integrated into their overall risk management. However, the report's disclosure does not provide any specific information on how the organization integrates climate-related risks into its overall risk management. The report's disclosure only provides general information on the organization's sustainability journey, stakeholder engagement, and sustainability-related initiatives. Therefore, it is not possible to rate the quality of disclosure on the TCFD recommendation point based on the given report's disclosure.","The sustainability report does not provide any information on the metrics used by the organization to assess climate-related risks and opportunities. The report only mentions the areas of energy, water, and waste as the most significant environmental impacts and provides some information on the initiatives taken to reduce them. However, the report does not provide any historical or forward-looking metrics to measure and manage climate-related risks and opportunities. The report also does not describe whether and how related performance metrics are incorporated into remuneration policies. Overall, the report does not meet any of the requirements outlined for this critical element.","The sustainability report does not provide any information on the organization's Scope 1, Scope 2, and Scope 3 greenhouse gas  emissions. The report does not meet any of the TCFD guidelines outlined for high-quality disclosure pertaining to the TCFD recommendation point. The report does not provide any GHG emissions data, related risks, or industry-specific GHG efficiency ratios. The report does not provide any historical data for trend analysis or a description of the methodologies used to calculate or estimate the metrics. The report does not follow the GHG Protocol methodology for calculating GHG emissions. The report does not consider disclosing Scope 3 GHG emissions. Therefore, the report scores 0 out of 100.","The sustainability report lacks specific details on the targets used by the organization to manage climate-related risks and opportunities and performance against targets. The report does not provide any information on the key climate-related targets such as those related to GHG emissions, water usage, energy usage, etc. The report does not describe whether the target is absolute or intensity based, time frames over which the target applies, base year from which progress is measured, and key performance indicators used to assess progress against targets. The report does not disclose associated interim targets in aggregate or by business line, where available. The methodologies used to calculate targets and measures are not described. Overall, the report does not meet the TCFD guidelines."
SCORE,0,0,10,0,0,0,0,0,0,0,0
