,"Company name: Fomento Económico Mexicano
Company sector: None
Company location: Mexico
Pages: 19","Company name: Fomento Económico Mexicano
Company sector: None
Company location: Mexico
Pages: 19","Company name: Fomento Económico Mexicano
Company sector: None
Company location: Mexico
Pages: 19","Company name: Fomento Económico Mexicano
Company sector: None
Company location: Mexico
Pages: 19","Company name: Fomento Económico Mexicano
Company sector: None
Company location: Mexico
Pages: 19","Company name: Fomento Económico Mexicano
Company sector: None
Company location: Mexico
Pages: 19","Company name: Fomento Económico Mexicano
Company sector: None
Company location: Mexico
Pages: 19","Company name: Fomento Económico Mexicano
Company sector: None
Company location: Mexico
Pages: 19","Company name: Fomento Económico Mexicano
Company sector: None
Company location: Mexico
Pages: 19","Company name: Fomento Económico Mexicano
Company sector: None
Company location: Mexico
Pages: 19","Company name: Fomento Económico Mexicano
Company sector: None
Company location: Mexico
Pages: 19"
,tcfd_1,tcfd_2,tcfd_3,tcfd_4,tcfd_5,tcfd_6,tcfd_7,tcfd_8,tcfd_9,tcfd_10,tcfd_11
ANSWER,"The board of directors, through its Audit Committee, oversees procedures for identifying environmental risks. The company has a Strategic Sustainability Framework to minimize environmental impact. However, the report lacks specific information on how the board oversees climate-related risks and opportunities.","The management team and business units conduct strategic planning reviews at least four times a year, discussing present business risks and opportunities, including social and environmental issues. Business units establish measures to mitigate and manage risks, which are validated in the annual risk identification process. The Board of Directors, through its Audit Committee, oversees procedures for identifying contingencies, lawsuits, and business risks, including environmental risks. FEMSA has a Strategic Sustainability Framework to minimize the environmental impact of its operations. However, the report lacks specific details on the role of management in assessing and managing climate-related risks and opportunities.""","The sustainability report of Fomento Económico Mexicano identifies climate-related risks such as changes in natural resources availability, excess precipitation or drought, increase in average temperature, and change in meteorological phenomena behavior. The consequences include reduction or impact on production capacity and increase in operating costs. Opportunities are not mentioned. The report does not clearly associate risks with a horizon.","The sustainability report of Fomento Económico Mexicano mentions climate-related risks and opportunities such as changes in natural resources availability, excess precipitation or drought, increase in temperature, and change in meteorological phenomena. The report also highlights the reduction or impact on production capacity and increase in operating costs as consequences. However, the report lacks concrete data and quantification of these risks and opportunities, making it difficult to assess their impact on the organization's business strategy, economic and financial performance, and financial planning.""","The report does not provide sufficient information to determine the resilience of the organization's strategy to different climate-related scenarios or physical risks. The report only lists potential climate-related risks and consequences, but does not provide any concrete measures or plans to address them. Additionally, the report lacks specific data or targets to assess the effectiveness of the organization's sustainability efforts.""","Fomento Económico Mexicano's sustainability report does not provide specific information on the processes used to identify and assess climate-related risks. However, the report mentions that Business Units are responsible for identifying and tracking internal and external business risks, including social and environmental risks, and that measures to mitigate and manage risks are established and validated in the annual risk identification process.""","FEMSA manages climate-related risks through its Strategic Sustainability Framework, which includes the guideline pillar Our Planet, to minimize the environmental impact of its operations. Business Units establish measures to mitigate and manage risks, which are validated in the annual risk identification process. However, the report lacks concrete actions and strategies implemented to manage these risks.","The report does not provide sufficient information on how the processes for identifying, assessing, and managing climate-related risks are integrated into the organization's overall risk management. The report only mentions that Business Units establish measures to mitigate and manage risks, which are validated in the annual risk identification process. ""","The report does not provide specific metrics used to assess climate-related risks and opportunities. The report only lists some climate-related risks and their potential consequences. The report does not explain how these risks are managed or how they align with the company's strategy and risk management process.""","Yes, Fomento Económico Mexicano discloses its Scope 1 and Scope 2 GHG emissions. However, there is no information on Scope 3 emissions. The related risks include changes in consumer preferences and public concern about health issues, reduction or impact on production capacity, and increase in operating costs.""","The report does not provide specific targets to understand/quantify/benchmark climate-related risks and opportunities. The report only identifies general risks and consequences of climate change. Therefore, it is not possible to evaluate the organization's performance against these targets."""
SOURCES,[6],"[102, 32, 102, 30, 102, 31, 201, 3, 102, 15, 102, 16, 102, 47, 102, 48, 103, 2, 102, 42, 102, 11, 102, 35]","['201-3', '102-15', '16', '39', '30', '6', '106']","[201, 3, 102, 15, 16, 102, 32, 6, 17, 102, 30, 31, 19, 30, 40, 102, 38, 105, 106, 5, 39, 37, 18, 29, 7]","[201, 3, 102, 32, 102, 33, 102, 15, 102, 48, 102, 47, 102, 19, 102, 20, 103, 1, 102, 22, 102, 44, 102, 46, 102, 10, 102, 11, 102, 29, 305, 3, 305, 4, 102, 30, 102, 31, 401, 1]","[102, 30, 102, 33]","[6, 30, 102]","[102, 30, 102, 30]","[201, 3, 102, 32, 102, 33, 102, 15, 102, 29, 102, 31, 102, 16, 102, 30, 103, 2, 201, 1, 201, 2, 305, 3, 305, 4, 102, 47, 102, 48, 205, 1, 102, 12, 102, 11]","[1, 2, 3, 305, 4, 305, 5, 305, 1, 102, 15]","[201, 3, 102, 29, 102, 32, 102, 33, 102, 47, 102, 48, 102, 15, 102, 16, 102, 17, 102, 30, 102, 31, 102, 42, 102, 44, 102, 28, 103, 2, 201, 1, 305, 3, 305, 4]"
PAGE,[2],"[1, 3, 4, 5, 6, 7, 16]",[],"[1, 2, 3, 4, 5, 6, 16, 17]","[1, 2, 3, 4, 5, 7, 16]","[16, 5]","[16, 2, 5]","[16, 5]","[1, 2, 3, 4, 5, 7, 16]","[16, 1, 2, 3]","[1, 2, 3, 4, 5, 6, 7, 16]"
ANALYSIS,"The sustainability report provides limited information on the board's oversight of climate-related risks and opportunities. While the report mentions the Audit Committee's responsibility for overseeing environmental risks, it does not provide any details on the processes and frequency by which the board is informed about climate-related issues. The report also does not discuss whether the board considers climate-related issues when reviewing and guiding strategy, risk management policies, and business plans. Additionally, there is no information on how the board monitors and oversees progress against goals and targets for addressing climate-related issues. Overall, the disclosure is insufficient in meeting the TCFD guidelines.","The sustainability report provides limited information on management's role in assessing and managing climate-related risks and opportunities. While the report mentions that the management team conducts strategic planning reviews and tracks risks, it does not provide specific details on the organizational structure, processes for informing management about climate-related issues, or how management monitors climate-related issues. Additionally, the report does not mention whether climate-related responsibilities are assigned to management-level positions or committees. Overall, the disclosure is insufficient in meeting the TCFD guidelines outlined for this TCFD recommendation point.","The sustainability report provides a limited description of climate-related risks and opportunities. The report mentions some risks such as changes in the availability of natural resources, greater likelihood of excess precipitation or drought, increase in average temperature, and change in the behavior of meteorological phenomena. However, the report does not provide a clear description of the specific climate-related issues potentially arising in each time horizon  that could have a material financial impact on the organization. The report also does not provide a clear description of the process used to determine which risks and opportunities could have a material financial impact on the organization. Therefore, the report does not meet most of the TCFD guidelines. The score for this disclosure is 20.","The sustainability report lacks sufficient disclosure on how climate-related risks and opportunities impact the organization's businesses strategy, economic and financial performance, and financial planning. The report only provides a list of climate-related risks and opportunities without any specific details on how they affect the organization's businesses, strategy, and financial planning. The report does not describe how climate-related issues serve as an input to their financial planning process, the time period used, and how these risks and opportunities are prioritized. The report also does not describe the impact of climate-related issues on their financial performance and financial position. Overall, the report fails to meet most of the TCFD guidelines.","The sustainability report fails to meet the requirements for disclosing the resilience of the organization's strategy when considering different climate-related scenarios, including a 2°C target or lower scenario. The report does not provide any information on how the organization's strategies might change to address potential risks and opportunities. There is no discussion on the potential impact of climate-related issues on financial performance and financial position. The report does not mention any climate-related scenarios and associated time horizon considered. The report only provides a list of climate-related risks and opportunities without any specific details on how the organization plans to address them. Overall, the report lacks the necessary components for high-quality disclosure pertaining to the critical element.","The sustainability report provides limited information on the processes used by the organization to identify and assess climate-related risks. The report mentions some risks and consequences related to climate change, but it does not provide a comprehensive description of the organization's risk management processes for identifying and assessing climate-related risks. The report does not disclose how the organization determines the relative significance of climate-related risks in relation to other risks. The report does not provide information on whether the organization considers existing and emerging regulatory requirements related to climate change. The report does not disclose the processes for assessing the potential size and scope of identified climate-related risks or definitions of risk terminology used or references to existing risk classification frameworks used. Therefore, the report does not meet most of the TCFD guidelines.","The sustainability report provides some information on the organization's processes for managing climate-related risks. It mentions some risks and consequences, but it does not describe how the organization makes decisions to mitigate, transfer, accept, or control those risks. The report also lacks information on how materiality determinations are made within the organization. However, it does mention that Business Units establish measures to mitigate and manage risks, which are validated in the annual risk identification process. Overall, the disclosure is insufficient in meeting the TCFD guidelines for high-quality disclosure pertaining to the TCFD recommendation point.","The sustainability report provides some information on how the processes for identifying, assessing, and managing climate-related risks are integrated into the organization's overall risk management. The report mentions that Business Units establish measures to mitigate and manage risks, which are validated in the annual risk identification process. The report also states that the management team conducts a strategic planning review at least four times a year, discussing the present business risks and opportunities, and any social and environmental issues that may arise. However, the report lacks specific details on how climate-related risks are integrated into the overall risk management process. The report also does not provide any information on how the effectiveness of the risk management processes is evaluated. Therefore, the report partially meets the requirements for high-quality disclosure pertaining to the critical element.",The given disclosure does not provide sufficient information to meet the requirements for this critical element. The report does not provide any specific metrics used to assess climate-related risks and opportunities. The report only lists general risks and opportunities associated with climate change without providing any specific metrics. The report does not provide any information on how the metrics help ensure that the performance is in line with its strategy and risk management process. The report does not provide any information on whether and how related performance metrics are incorporated into remuneration policies. The report does not provide any information on internal carbon prices or climate-related opportunity metrics. The report does not provide any historical or forward-looking metrics for the cross-industry. The report does not provide any description of the methodologies used to calculate or estimate climate-related metrics.,"The disclosure provides some information on GHG emissions, but it does not meet all the TCFD guidelines. The report discloses Scope 1 and Scope 2 GHG emissions, but it does not provide Scope 3 GHG emissions and the related risks. The disclosure does not provide a description of the methodologies used to calculate or estimate the metrics. The report does not provide GHG efficiency ratios. The report provides GHG emissions for historical periods, but it does not provide associated metrics for trend analysis. The report does not calculate GHG emissions in line with the GHG Protocol methodology. Overall, the disclosure is insufficiently detailed and does not meet all the TCFD guidelines.","The sustainability report does not provide any information on the targets used by the organization to manage climate-related risks and opportunities and performance against targets. The report only mentions risks and opportunities due to climate change, but does not provide any specific targets or indicators to measure progress. The report does not describe whether the targets are absolute or intensity-based, time frames over which the target applies, base year from which progress is measured, or key performance indicators used to assess progress against targets. The report does not provide any description of the methodologies used to calculate targets and measures. Therefore, the report does not meet any of the requirements for high-quality disclosure pertaining to the critical element of targets used to understand/quantify/benchmark climate-related risks and opportunities."
SCORE,20,20,20,20,10,20,40,60,0,40,0
