,"Company name: Avaya Inc.
Company sector: Technology
Company location: Santa Clara, California
Pages: 65","Company name: Avaya Inc.
Company sector: Technology
Company location: Santa Clara, California
Pages: 65","Company name: Avaya Inc.
Company sector: Technology
Company location: Santa Clara, California
Pages: 65","Company name: Avaya Inc.
Company sector: Technology
Company location: Santa Clara, California
Pages: 65","Company name: Avaya Inc.
Company sector: Technology
Company location: Santa Clara, California
Pages: 65","Company name: Avaya Inc.
Company sector: Technology
Company location: Santa Clara, California
Pages: 65","Company name: Avaya Inc.
Company sector: Technology
Company location: Santa Clara, California
Pages: 65","Company name: Avaya Inc.
Company sector: Technology
Company location: Santa Clara, California
Pages: 65","Company name: Avaya Inc.
Company sector: Technology
Company location: Santa Clara, California
Pages: 65","Company name: Avaya Inc.
Company sector: Technology
Company location: Santa Clara, California
Pages: 65","Company name: Avaya Inc.
Company sector: Technology
Company location: Santa Clara, California
Pages: 65"
,tcfd_1,tcfd_2,tcfd_3,tcfd_4,tcfd_5,tcfd_6,tcfd_7,tcfd_8,tcfd_9,tcfd_10,tcfd_11
ANSWER,"The report does not provide specific information on how the company's board oversees climate-related risks and opportunities. However, the report mentions that Avaya's Corporate Responsibility initiatives are led by the SVP and General Counsel responsible for Worldwide Law, which includes our legal, governance, compliance and security teams. This role reports to the CEO and is a member of our Avaya Executive Council. The corporate responsibility strategy is discussed with the SVP on a quarterly basis and initiatives are implemented through internal discussion boards.","Avaya's 2016 CDP report shows that the company reduced its Scope 1 and Scope 2 carbon emissions by 19% between 2014 and 2015, exceeding its annual 3% absolute reduction target and its 15% cumulative target by 2020. The report mentions the consideration and tracking of direct and indirect emissions against the goal. However, the report lacks specific information on the role of management in assessing and managing climate-related risks and opportunities.","Avaya Inc. has identified climate change as a relevant risk and opportunity. The company has exceeded its annual 3% absolute reduction target for Scope 1 and Scope 2 carbon emissions. However, the report lacks specificity on the most relevant climate-related risks and opportunities over the short, medium, and long term, and whether risks are associated with a horizon. The report also lacks concrete data on the company's environmental impact and sustainability efforts.","Avaya Inc. reduced its Scope 1 and Scope 2 carbon emissions by 19% between 2014 and 2015, exceeding its annual 3% absolute reduction target and its 15% cumulative target by 2020. However, the report lacks concrete data on how climate-related risks and opportunities impact the organization's business strategy, economic and financial performance, and financial planning.","Avaya's sustainability report does not provide sufficient information to evaluate the resilience of the organization's strategy in different climate-related scenarios or physical risks. While the report mentions carbon reduction targets and a broader analysis of its carbon footprint, it lacks specific details on how the company plans to address climate risks and adapt to a 2°C target or lower scenario. The report also lacks concrete data on the company's risk management strategies and the effectiveness of its disaster recovery efforts.","Avaya Inc. uses activity detection and trend analysis to identify and assess climate-related risks, as stated in their sustainability report . However, the report lacks specific details on the processes and their effectiveness, making it difficult to evaluate their reliability.","Avaya manages climate-related risks by reducing its carbon emissions, tracking its emissions against its reduction targets, expanding its carbon footprint analysis to include supply chain activities, implementing sustainable building management practices, and designing energy-efficient products. However, the report lacks specific details on the strategies and actions taken to manage these risks.","The report does not provide sufficient information on how the processes for identifying, assessing, and managing climate-related risks are integrated into the organization's overall risk management. There is no mention of specific actions taken or concrete data provided to support the integration of climate-related risks into the overall risk management process.","Avaya Inc. tracks direct  and indirect  emissions against its annual 3% absolute reduction target and 15% cumulative target by 2020. The company uses metrics such as energy consumption, energy intensity, reduction of energy consumption, and reductions in energy requirements of products or services to assess climate-related risks and opportunities. However, the report lacks specific details on how these metrics help ensure that the performance is in line with its strategy and risk management process.","Yes, Avaya Inc. discloses its Scope 1, Scope 2, and Scope 3 greenhouse gas emissions. The company reports direct and indirect greenhouse gas emissions, including other indirect emissions from business travel via airplane. The risks associated with these emissions are not specified in the report.","Avaya Inc. reduced its Scope 1 and Scope 2 carbon emissions by 19% between 2014 and 2015, exceeding its annual 3% absolute reduction target and its 15% cumulative target by 2020. However, the report lacks information on the targets used to understand/quantify/benchmark climate-related risks and opportunities."
SOURCES,"[22, 29, 119]","[63, 61]","[29, 35, 63]",[63],"[63, 65, 29, 26, 68, 1, 30, 85, 35, 61, 181, 182, 11, 187, 60]",[119],"[57, 62, 63, 67, 70, 77, 103, 108, 119, 125, 129, 181]",[63],"[63, 30, 26, 61, 35, 29, 1, 189, 181, 188]","[64, 63, 68, 187, 66, 81]","[61, 63, 65]"
PAGE,"[9, 37, 7]","[21, 22]","[9, 11, 22]",[22],"[1, 3, 8, 9, 11, 21, 22, 23, 57, 58, 28]",[37],"[33, 35, 37, 39, 41, 20, 22, 23, 24, 57, 26]",[22],"[1, 8, 9, 11, 21, 22, 57, 59]","[58, 27, 22, 23]","[21, 22]"
ANALYSIS,"The sustainability report does not provide sufficient information on how the company's board oversees climate-related risks and opportunities. The report does not discuss the processes and frequency by which the board and/or board committees are informed about climate-related issues. There is no mention of whether the board and/or board committees consider climate-related issues when reviewing and guiding strategy, major plans of action, risk management policies, annual budgets, and business plans. The report also does not provide information on how the board monitors and oversees progress against goals and targets for addressing climate-related issues. As a result, the report fails to meet the requirements for high-quality disclosure pertaining to the critical element of how the company's board oversees climate-related risks and opportunities.","The given disclosure does not provide any information on the role of management in assessing and managing climate-related risks and opportunities. The report does not mention whether the organization has assigned climate-related responsibilities to management-level positions or committees, the associated organizational structure, processes by which management is informed about climate-related issues, or how management monitors climate-related issues. The report only provides information on the reduction of carbon emissions and the implementation of environmental stewardship practices. Therefore, the report does not meet any of the requirements for high-quality disclosure pertaining to the critical element of management's role in assessing and managing climate-related risks and opportunities.","The sustainability report provides limited information on the most relevant climate-related risks and opportunities that the organization has identified over the short, medium, and long term. The report does not provide a clear description of the specific climate-related issues potentially arising in each time horizon that could have a material financial impact on the organization. The report does not provide a description of the process used to determine which risks and opportunities could have a material financial impact on the organization. The report does not consider providing a description of their risks and opportunities by sector and/or geography, as appropriate. Overall, the report lacks the necessary components for high-quality disclosure pertaining to the critical element.","The given disclosure lacks sufficient information to meet the requirements for high-quality disclosure pertaining to the critical element of how climate-related risks and opportunities impact the organization's business strategy, economic and financial performance, and financial planning. The disclosure does not provide a holistic picture of the interdependencies among the factors that affect the organization's ability to create value over time. The report does not describe the impact of climate-related issues on the organization's financial performance and financial position. The report does not describe how climate-related issues serve as an input to the organization's financial planning process, the time period used, and how these risks and opportunities are prioritized. The report does not describe the organization's plans for transitioning to a low-carbon economy.","The sustainability report of Avaya provides limited information on the resilience of the organization's strategy to climate-related risks and opportunities. The report does not discuss how the organization's strategy might change to address potential risks and opportunities, the potential impact of climate-related issues on financial performance and financial position, and the climate-related scenarios and associated time horizon considered. The report only mentions the reduction of carbon emissions and the expansion of the carbon footprint analysis to include comprehensive Scope 3 impacts. While the report provides some information on the company's environmental stewardship practices, it does not provide a comprehensive analysis of the resilience of the organization's strategy to climate-related risks and opportunities.","The sustainability report provided limited information on the processes used by Avaya to identify and assess climate-related risks. The report only briefly mentioned that climate change was considered in its CDP report and that it was upheld in the Avaya risk management process. However, the report did not provide any details on how the organization determines the relative significance of climate-related risks in relation to other risks, nor did it disclose the processes for assessing the potential size and scope of identified climate-related risks or definitions of risk terminology used. The report did not mention whether the organization considers existing and emerging regulatory requirements related to climate change. Overall, the report lacks sufficient detail to meet the TCFD guidelines.","The disclosure provided by Avaya's sustainability report is insufficient to meet the requirements for managing climate-related risks. The report does not provide any information on how the organization makes decisions to mitigate, transfer, accept, or control climate-related risks. Additionally, there is no information on how materiality determinations are made within the organization. The report does provide some information on the reduction of carbon emissions and the expansion of the carbon footprint boundary, but this information is not sufficient to meet the requirements for managing climate-related risks. Overall, the report lacks the necessary detail to demonstrate that the organization has a robust process for managing climate-related risks.","The given sustainability report does not provide sufficient information on how the processes for identifying, assessing, and managing climate-related risks are integrated into the organization's overall risk management. The report only mentions the reduction of carbon emissions and the consideration of direct and indirect emissions. However, it does not provide any details on how these processes are integrated into the overall risk management of the organization. Therefore, the report fails to meet the TCFD guidelines for high-quality disclosure pertaining to the TCFD recommendation point. The score for this disclosure is 0.","The given disclosure provides some information on the metrics used by Avaya to assess climate-related risks and opportunities. It mentions the reduction of carbon emissions and provides some metrics related to energy consumption and waste management. However, the disclosure lacks details on the key metrics used to measure and manage climate-related risks and opportunities, as well as metrics consistent with the cross-industry. It also does not provide information on whether and how related performance metrics are incorporated into remuneration policies. Additionally, there is no mention of internal carbon prices or climate-related opportunity metrics. The disclosure does not provide forward-looking metrics for the cross-industry, consistent with their business or strategic planning time horizons. Overall, the disclosure is insufficient in meeting the TCFD guidelines.","The sustainability report partially meets the requirements for disclosing Scope 1, Scope 2, and Scope 3 GHG emissions. The report provides GHG emissions for all three scopes and related risks. However, it is unclear whether the emissions are calculated in line with the GHG Protocol methodology, and the report does not provide historical data for trend analysis. The report does not provide generally accepted industry-specific GHG efficiency ratios. The report partially meets the requirements for disclosing Scope 3 GHG emissions, as it only discloses emissions from business travel via airplane. The report does not provide a description of the methodologies used to calculate or estimate the metrics.","The sustainability report provides some information on the targets used by Avaya to manage climate-related risks and opportunities and performance against targets. The report mentions that Avaya reduced its Scope 1 and Scope 2 carbon emissions by 19% between 2014 and 2015, exceeding its annual 3% absolute reduction target and its 15% cumulative target by 2020. However, the report lacks details on the key climate-related targets, time frames, base year, and key performance indicators used to assess progress against targets. The report also does not provide a description of the methodologies used to calculate targets and measures. Therefore, the report partially meets the requirements for high-quality disclosure pertaining to the critical element."
SCORE,0,0,20,20,20,20,20,0,40,70,60
