,"Company name: Harley-Davidson, Inc.
Company sector: Motorcycle Manufacturing
Company location: Milwaukee, Wisconsin, USA
Pages: 15","Company name: Harley-Davidson, Inc.
Company sector: Motorcycle Manufacturing
Company location: Milwaukee, Wisconsin, USA
Pages: 15","Company name: Harley-Davidson, Inc.
Company sector: Motorcycle Manufacturing
Company location: Milwaukee, Wisconsin, USA
Pages: 15","Company name: Harley-Davidson, Inc.
Company sector: Motorcycle Manufacturing
Company location: Milwaukee, Wisconsin, USA
Pages: 15","Company name: Harley-Davidson, Inc.
Company sector: Motorcycle Manufacturing
Company location: Milwaukee, Wisconsin, USA
Pages: 15","Company name: Harley-Davidson, Inc.
Company sector: Motorcycle Manufacturing
Company location: Milwaukee, Wisconsin, USA
Pages: 15","Company name: Harley-Davidson, Inc.
Company sector: Motorcycle Manufacturing
Company location: Milwaukee, Wisconsin, USA
Pages: 15","Company name: Harley-Davidson, Inc.
Company sector: Motorcycle Manufacturing
Company location: Milwaukee, Wisconsin, USA
Pages: 15","Company name: Harley-Davidson, Inc.
Company sector: Motorcycle Manufacturing
Company location: Milwaukee, Wisconsin, USA
Pages: 15","Company name: Harley-Davidson, Inc.
Company sector: Motorcycle Manufacturing
Company location: Milwaukee, Wisconsin, USA
Pages: 15","Company name: Harley-Davidson, Inc.
Company sector: Motorcycle Manufacturing
Company location: Milwaukee, Wisconsin, USA
Pages: 15"
,tcfd_1,tcfd_2,tcfd_3,tcfd_4,tcfd_5,tcfd_6,tcfd_7,tcfd_8,tcfd_9,tcfd_10,tcfd_11
ANSWER,The sustainability report does not provide any specific information on how the company's board oversees climate-related risks and opportunities. There is no mention of the board's direct involvement or actions in this regard.,"Harley-Davidson's sustainability report does not provide a clear description of the role of management in assessing and managing climate-related risks and opportunities. The report only mentions that the company is focused on reducing its environmental impact and has set a goal to grow its business without growing its environmental impact. However, the report lacks specific details on how the company plans to achieve this goal and the role of management in this process.","Harley-Davidson aims to grow its business without growing its environmental impact. The company's environmental sustainability efforts focus on reducing its environmental impact across the entire value chain. The company plans to build long-range plans for reducing the environmental impact of its products and operations to achieve its 2027 goal. However, the report lacks specific details on climate-related risks and opportunities, and the identified risks are not clearly associated with a horizon.","Harley-Davidson aims to grow its business without growing its environmental impact, and has set a 2027 goal to achieve this. The company seeks to reduce energy consumption and associated emissions, cut waste to landfill in half, and plant 50 million trees. However, the report lacks concrete data on the company's climate-related risks and opportunities and how they impact its business strategy, economic and financial performance, and financial planning.","The report does not provide sufficient information to determine the resilience of Harley-Davidson's strategy to different climate-related scenarios or physical risks. While the company has set a goal to grow its business without growing its environmental impact, it lacks specific details on how it plans to achieve this goal. Additionally, the report does not provide any information on the potential risks the company faces from climate change or how it plans to address them.","The report does not provide specific information on the processes used by Harley-Davidson to identify and assess climate-related risks. The report only highlights the company's efforts to reduce its environmental impact across the entire value chain, including design decisions, material selections, supplier, manufacturing, and distribution activities, and end-of-life use for its products. However, the report lacks concrete data and specific actions to support these claims.","Harley-Davidson aims to reduce its environmental impact across the entire value chain, including design decisions, material selections, supplier, manufacturing, and distribution activities. The company seeks to reduce energy consumption and associated emissions, and it evaluates Scope 1 and 2 greenhouse gas emissions, energy consumption, waste generation and recycling, water consumption, and environmental compliance. Harley-Davidson also engages in social responsibility efforts to create positive impacts in the communities where it operates and expand the reach and impact of customers, dealers, and the company on social issues and causes focused on health, education, and the environment.","The report does not provide a clear indication of how the processes for identifying, assessing, and managing climate-related risks are integrated into the organization's overall risk management. The report only highlights the company's objective to grow its business without growing its environmental impact, but it lacks specific details on how this objective is being achieved.","Harley-Davidson does not provide specific metrics used to assess climate-related risks and opportunities in their sustainability report. However, they have set a goal to grow their business without growing their environmental impact and are evaluating ways to reduce impacts through fuel economy improvements and materials in their products.",Harley-Davidson reports Scope 1 and Scope 2 GHG emissions for its four US manufacturing facilities and the Product Development Center. Scope 3 emissions are not evaluated. Risks associated with GHG emissions are not disclosed in the report.,"Harley-Davidson aims to grow its business without growing its environmental impact. The company reports on Scope 1 & 2 greenhouse gas emissions, energy consumption, waste generation and recycling, water consumption and environmental compliance. The majority of GHG emissions are related to energy use. The company seeks to reduce energy consumption and associated emissions. Harley-Davidson has a 10-year goal to grow its business without growing its environmental impact. The company is evaluating ways to reduce impacts through fuel economy improvements and materials in its products. The Renew the Ride program aims to plant 50 million trees."
SOURCES,"[2, 27]","[2, 6, 15, 18, 30]","[2, 27, 33, 35]","[2, 23, 13, 18, 30]","[2, 6, 8, 13, 18, 19, 22, 23, 28]",[23],"[2, 8, 13, 20, 23, 24, 28, 29, 30, 33, 35, 36, 37]",[8],"[2, 24, 30, 36]","[20, 21, 22]","[2, 12, 23, 27, 29, 30, 33, 36]"
PAGE,"[9, 2]","[2, 3, 6, 7, 11]","[9, 2, 12]","[2, 6, 7, 8, 11]","[2, 3, 4, 6, 7, 8, 10]",[8],"[2, 4, 6, 8, 10, 11, 12, 13]",[4],"[8, 2, 11, 13]",[8],"[2, 5, 8, 9, 11, 12, 13]"
ANALYSIS,"The sustainability report does not provide any information on how the company's board oversees climate-related risks and opportunities. There is no discussion of the processes and frequency by which the board and/or board committees are informed about climate-related issues, whether the board and/or board committees consider climate-related issues when reviewing and guiding strategy, major plans of action, risk management policies, annual budgets, and business plans, or how the board monitors and oversees progress against goals and targets for addressing climate-related issues. As a result, the report fails to meet any of the requirements for high-quality disclosure pertaining to the critical element of how the company's board oversees climate-related risks and opportunities.","The sustainability report does not provide any information on the role of management in assessing and managing climate-related risks and opportunities. The report does not mention whether the organization has assigned climate-related responsibilities to management-level positions or committees, the associated organizational structure, processes by which management is informed about climate-related issues, or how management monitors climate-related issues. The report focuses on environmental sustainability, social responsibility, and the year ahead, but does not provide any information on the management's role in assessing and managing climate-related risks and opportunities. Therefore, the report does not meet any of the requirements for high-quality disclosure pertaining to the critical element of the role of management in assessing and managing climate-related risks and opportunities.","The sustainability report does not provide sufficient information to meet the requirements for this critical element. The report does not describe the relevant short-, medium-, and long-term time horizons, nor does it provide a description of the specific climate-related issues potentially arising in each time horizon that could have a material financial impact on the organization. The report also does not describe the process used to determine which risks and opportunities could have a material financial impact on the organization. The report only provides general information on the organization's environmental sustainability efforts and its goal to grow its business without growing its environmental impact. The report does not provide any information on climate-related risks and opportunities by sector and/or geography.","The sustainability report lacks sufficient disclosure on how climate-related risks and opportunities impact the organization's businesses strategy, economic and financial performance, and financial planning. The report does not provide any information on how climate-related issues have affected their businesses, strategy, and financial planning. The report does not discuss the impact of climate-related issues on their financial performance and financial position. The report does not describe how climate-related issues serve as an input to their financial planning process, the time period used, and how these risks and opportunities are prioritized. The report does not describe the impact of climate-related issues on their operations, acquisitions or divestments, and access to capital. The report does not describe their plans for transitioning to a low-carbon economy, which could include GHG emissions targets and specific activities intended to reduce GHG emissions in their operations and value chain or to otherwise support the transition.","The sustainability report does not provide sufficient information to evaluate the resilience of the organization's strategy to climate-related risks and opportunities. The report does not discuss how the organization's strategies might change to address potential risks and opportunities, the potential impact of climate-related issues on financial performance and financial position, or the climate-related scenarios and associated time horizon considered. The report only mentions the organization's goal to grow its business without growing its environmental impact and its focus on reducing environmental impact across the entire value chain. The report does not provide any information on how the organization's strategies would be resilient to climate physical risks. Therefore, the report does not meet the TCFD guidelines for the TCFD recommendation point.","The sustainability report does not provide any information on the processes used by Harley-Davidson to identify and assess climate-related risks. The report does not describe the risk management processes for identifying and assessing climate-related risks, nor does it provide any information on how the organization determines the relative significance of climate-related risks in relation to other risks. The report does not disclose whether the organization considers existing and emerging regulatory requirements related to climate change or other relevant factors. The report also does not disclose the processes for assessing the potential size and scope of identified climate-related risks or definitions of risk terminology used or references to existing risk classification frameworks used. Therefore, the report does not meet any of the requirements for high-quality disclosure pertaining to the critical element of identifying and assessing climate-related risks.","The sustainability report does not provide sufficient information on how the organization manages climate-related risks. The report does not describe the processes for managing climate-related risks, including how they make decisions to mitigate, transfer, accept, or control those risks. Additionally, the report does not describe the processes for prioritizing climate-related risks, including how materiality determinations are made within their organizations. The report only provides information on the organization's environmental sustainability efforts, including reducing energy consumption and associated emissions, and reducing environmental impact across the entire value chain. Therefore, the report does not meet the requirements for high-quality disclosure pertaining to the critical element of how the organization manages climate-related risks.","The sustainability report does not provide sufficient information on how the processes for identifying, assessing, and managing climate-related risks are integrated into the organization's overall risk management. The report only mentions the company's environmental sustainability efforts, including reducing environmental impact across the value chain, reducing energy consumption, and waste generation. However, it does not provide any specific details on how the company identifies, assesses, and manages climate-related risks. Therefore, the report does not meet the TCFD guidelines for high-quality disclosure pertaining to the TCFD recommendation point.","The sustainability report provides some information on the metrics used to assess climate-related risks and opportunities. The report mentions the greenhouse gases  emissions, energy consumption, waste generation and recycling, water consumption, and environmental compliance. However, the report does not provide any specific details on the metrics used to measure and manage climate-related risks and opportunities. The report does not mention whether and how related performance metrics are incorporated into remuneration policies. The report does not provide internal carbon prices or climate-related opportunity metrics such as revenue from products and services designed for a low-carbon economy. The report does not provide forward-looking metrics for the cross-industry, consistent with their business or strategic planning time horizons. The report does not provide a description of the methodologies used to calculate or estimate climate-related metrics.","The report provides information on Scope 1 and Scope 2 GHG emissions, but it does not disclose Scope 3 emissions. The emissions factors used are in line with the GHG Protocol methodology, and historical data is provided for trend analysis. However, the report does not provide a description of the methodologies used to calculate or estimate the metrics. The report does not provide generally accepted industry-specific GHG efficiency ratios. The report does not provide information on the related risks associated with GHG emissions. Overall, the report partially meets the requirements for high-quality disclosure pertaining to the critical element.","The sustainability report lacks specific information on the targets used by the organization to manage climate-related risks and opportunities and performance against targets. The report does not provide any quantitative or qualitative information on the targets related to GHG emissions, water usage, energy usage, etc. The report does not describe whether the targets are absolute or intensity-based, time frames over which the target applies, base year from which progress is measured, and key performance indicators used to assess progress against targets. The report does not disclose associated interim targets in aggregate or by business line, where available. The methodologies used to calculate targets and measures are not described. Therefore, the report does not meet the TCFD guidelines."
SCORE,0,0,0,0,0,0,10,0,30,60,0
