,"Company name: Hersha Hotels and Resorts
Company sector: Real Estate Sector
Company location: Bi-Coastal US portfolio
Pages: 39","Company name: Hersha Hotels and Resorts
Company sector: Real Estate Sector
Company location: Bi-Coastal US portfolio
Pages: 39","Company name: Hersha Hotels and Resorts
Company sector: Real Estate Sector
Company location: Bi-Coastal US portfolio
Pages: 39","Company name: Hersha Hotels and Resorts
Company sector: Real Estate Sector
Company location: Bi-Coastal US portfolio
Pages: 39","Company name: Hersha Hotels and Resorts
Company sector: Real Estate Sector
Company location: Bi-Coastal US portfolio
Pages: 39","Company name: Hersha Hotels and Resorts
Company sector: Real Estate Sector
Company location: Bi-Coastal US portfolio
Pages: 39","Company name: Hersha Hotels and Resorts
Company sector: Real Estate Sector
Company location: Bi-Coastal US portfolio
Pages: 39","Company name: Hersha Hotels and Resorts
Company sector: Real Estate Sector
Company location: Bi-Coastal US portfolio
Pages: 39","Company name: Hersha Hotels and Resorts
Company sector: Real Estate Sector
Company location: Bi-Coastal US portfolio
Pages: 39","Company name: Hersha Hotels and Resorts
Company sector: Real Estate Sector
Company location: Bi-Coastal US portfolio
Pages: 39","Company name: Hersha Hotels and Resorts
Company sector: Real Estate Sector
Company location: Bi-Coastal US portfolio
Pages: 39"
,tcfd_1,tcfd_2,tcfd_3,tcfd_4,tcfd_5,tcfd_6,tcfd_7,tcfd_8,tcfd_9,tcfd_10,tcfd_11
ANSWER,"Hersha Hotels and Resorts has a dedicated Risk & ESG Subcommittee that oversees climate-related risks and opportunities. The subcommittee reviews updates and provides recommendations on risk management strategies to the full board. The board oversees climate preparedness and resiliency efforts, including the identification of mitigation strategies and the ongoing monitoring and assessment of progress. The company discloses metrics and targets used to assess and manage relevant climate-related risks and opportunities.","Hersha Hotels and Resorts' management is responsible for assessing and managing climate-related risks and opportunities. The company's resiliency strategy includes the ongoing consideration of potential climate risks and opportunities, the identification of mitigation strategies, and the ongoing monitoring and assessment of progress. The Risk & ESG Subcommittee reviews updates on changes in risk exposure, potential impact, and management strategy, and provides recommendations on risk management strategies to the full Board. However, the report lacks specific details on metrics and targets used to assess and manage relevant climate-related risks and opportunities.","Hersha Hotels and Resorts has identified physical and transition risks associated with climate change, including extreme weather events, stakeholder and shareholder concern around sustainability, and increasing prevalence of climate-related policy and regulation. The company also sees increased stakeholder emphasis on sustainability as an opportunity for the development and progression of their sustainable hospitality efforts, including reductions in operating expenses due to improvements in resource efficiency and added resiliency measures, minimization of business interruption during climate shocks, improved reputation, and potential competitive advantages from stakeholder preferences towards sustainability. The report does not clearly associate risks with a horizon.","Hersha Hotels and Resorts acknowledges climate-related risks and opportunities and integrates them into their business, strategy, and financial planning. They have identified physical and transition risks and are working to mitigate them. They also explore climate-related opportunities, including resource efficiency and added resiliency measures. However, the report lacks concrete data and may contain greenwashing.","Hersha Hotels and Resorts' sustainability report mentions that the company's resiliency strategy takes into consideration different climate-related scenarios, including a 2 degree C or lower scenario. The report also states that the company is working to mitigate inherent sustainability and climate risks that may impact its business and the built environment at large. However, the report lacks specific details on the company's strategy for managing climate physical risks and the metrics and targets used to assess and manage relevant climate-related risks and opportunities.","Hersha Hotels and Resorts identifies and assesses climate-related risks through its resiliency strategy, which includes ongoing consideration of potential risks and opportunities, identification of mitigation strategies, and monitoring of progress. The company discloses metrics and targets used to assess and manage relevant climate-related risks and opportunities, as well as the actual and potential impacts of climate-related risks and opportunities on its business, strategy, and financial planning. Hersha also discloses its process for identifying and assessing climate-related risks, including physical and transition risks.","Hersha Hotels and Resorts manages climate-related risks by integrating them into their overall risk management process, identifying mitigation strategies, and monitoring progress. They have identified physical and transition risks and explore climate-related opportunities. They employ portfolio-wide resiliency measures and have a dedicated board-level Risk & ESG Subcommittee. They have set Science-Based Targets in line with a 1.5°C future and committed to reaching net-zero greenhouse gas emissions by 2050.","Hersha Hotels and Resorts integrates climate-related risks and opportunities into their business, strategy, and financial planning. Their resiliency strategy includes the ongoing consideration of potential climate risks and opportunities, the identification of mitigation strategies, and the ongoing monitoring and assessment of their progress. However, the report lacks specific metrics and targets used to assess and manage relevant climate-related risks and opportunities.","Hersha Hotels and Resorts discloses metrics and targets used to assess and manage relevant climate-related risks and opportunities. The metrics used to assess climate-related risks and opportunities are aligned with third-party standards, including the Greenhouse Gas Protocol, SASB, and TCFD. The company integrates climate-related risks and opportunities into its business, strategy, and financial planning, and its resiliency strategy includes the ongoing consideration of potential climate risks and opportunities, the identification of mitigation strategies, and the ongoing monitoring and assessment of progress. However, the report lacks specific details on how the metrics help ensure that the performance is in line with its strategy and risk management process.","Hersha Hotels and Resorts discloses its Scope 1 and Scope 2 greenhouse gas emissions, but not Scope 3. The emissions are primarily from natural gas, electricity, steam, and chilled water consumption. The company has set targets to achieve net-zero Scope 1 and 2 GHG emissions by 2050, with an interim reduction target set for 2030. The report identifies physical and transition risks associated with climate change, but does not provide specific risks related to GHG emissions.","Hersha Hotels and Resorts has set targets to reach net-zero greenhouse gas emissions by 2050, which are aligned with the Science Based Targets initiative. However, the report does not provide specific targets or metrics used to assess and manage climate-related risks and opportunities, nor does it disclose the organization's governance around climate-related risks and opportunities. The report does mention the identification and assessment of climate-related risks and opportunities, but does not provide concrete details on the process or targets used to manage them."
SOURCES,"[123, 126, 128, 129, 130, 136, 148, 149, 151]","[128, 129, 148, 149, 150, 151, 152]","[129, 151, 149, 128, 136, 135, 150, 148, 130, 30, 146, 152, 42, 125, 123, 4, 5]","[128, 129, 130, 135, 136, 146, 148, 149, 151, 152]","[128, 129]","[128, 129, 146, 149, 150, 151, 152]","[128, 129, 130, 133, 135, 136, 146, 148, 149, 150, 151, 152]","[128, 149, 150]","[149, 151, 148, 129, 150, 152, 55, 22, 13, 54]","[59, 152, 60, 151, 148, 149, 5, 150, 126, 139, 22, 46, 62, 13, 1, 55, 129, 45]","[42, 129, 8]"
PAGE,"[32, 33, 34, 35, 38]","[33, 34, 38]","[32, 33, 34, 35, 2, 37, 38, 8, 12]","[33, 34, 35, 37, 38]","[33, 34]","[33, 34, 37, 38]","[33, 34, 35, 37, 38]","[33, 38]","[34, 4, 38, 7, 15]","[33, 2, 1, 36, 4, 38, 7, 34, 13, 15, 16]","[34, 3, 12]"
ANALYSIS,"The sustainability report provides a detailed description of the board's oversight of climate-related risks and opportunities. The report includes information on the processes and frequency by which the board and/or board committees are informed about climate-related issues, whether the board and/or board committees consider climate-related issues when reviewing and guiding strategy, and how the board monitors and oversees progress against goals and targets for addressing climate-related issues. The report also discloses the metrics and targets used to assess and manage relevant climate-related risks and opportunities. Overall, the report meets the requirements for high-quality disclosure pertaining to the board's oversight of climate-related risks and opportunities.","The sustainability report provides some information on management's role in assessing and managing climate-related risks and opportunities. It mentions that climate preparedness and resiliency efforts are supported by all aspects of the business, including the board, executives, and senior management. The report also describes the processes by which management is informed about climate-related issues and how management monitors climate-related issues. However, the report lacks specific details on whether the organization has assigned climate-related responsibilities to management-level positions or committees and whether such management positions or committees report to the board or a committee of the board. Additionally, the report does not disclose the associated organizational structure and the metrics and targets used to assess and manage relevant climate-related risks and opportunities. Overall, the report partially meets the requirements for high-quality disclosure pertaining to the critical element.","The sustainability report provides a description of climate-related risks and opportunities over the short, medium, and long term, and identifies physical and transition risks. The report also describes the process used to determine which risks and opportunities could have a material financial impact on the organization. However, the report lacks specific details on the climate-related issues that could have a material financial impact on the organization in each time horizon. The report also does not provide a description of risks and opportunities by sector and/or geography, as appropriate. Overall, the report provides a general overview of climate-related risks and opportunities, but lacks specific details to fully satisfy the requirements for high-quality disclosure.","The sustainability report provides some information on the impact of climate-related risks and opportunities on the organization's business, strategy, and financial planning. The report identifies physical and transition risks and opportunities and describes the organization's resiliency strategy, which includes the ongoing consideration of potential climate risks and opportunities. However, the report lacks specific details on how climate-related issues serve as an input to the financial planning process, the time period used, and how these risks and opportunities are prioritized. The report also does not describe the impact of climate-related issues on the organization's financial performance and financial position. Overall, the report provides some information on the impact of climate-related risks and opportunities, but it lacks specific details and a holistic picture of the interdependencies among the factors that affect the organization's ability to create value over time.","The sustainability report provides a comprehensive disclosure on the organization's resilience strategy to climate-related risks and opportunities. The report describes how the organization identifies, assesses, and manages climate-related risks, including physical and transition risks. The report also discusses the potential impact of climate-related issues on financial performance and the climate-related scenarios considered. However, the report lacks specific details on the metrics and targets used to assess and manage relevant climate-related risks and opportunities. Overall, the report meets most of the requirements for high-quality disclosure pertaining to the critical element of the organization's resilience strategy when considering different climate-related scenarios, including a 2°C target or lower scenario, and climate physical risks.","The sustainability report provides a comprehensive description of the organization's processes for identifying and assessing climate-related risks. The report describes the integration of climate-related risks into overall risk management, the consideration of regulatory requirements related to climate change, and the identification of mitigation strategies. The report also discloses the potential size and scope of identified climate-related risks and opportunities, as well as definitions of risk terminology used. However, the report lacks specific details on the metrics and targets used to assess and manage relevant climate-related risks and opportunities. Overall, the report provides a good level of disclosure quality on the TCFD recommendation point.","The sustainability report provides a comprehensive description of the organization's processes for managing climate-related risks. The report describes the processes for managing climate-related risks, including how they make decisions to mitigate, transfer, accept, or control those risks. The report also describes the processes for prioritizing climate-related risks, including how materiality determinations are made within their organizations. The report discloses the metrics and targets used to assess and manage relevant climate-related risks and opportunities. The report identifies climate-related risks and opportunities the organization has identified over the short, medium, and long term. The report discloses the actual and potential impacts of climate-related risks and opportunities on the organization's business, strategy, and financial planning. However, the report could have provided more specific details on the process for identifying and assessing climate-related risks.","The sustainability report provides a comprehensive description of how climate-related risks are integrated into the organization's overall risk management. The report describes the process for identifying, assessing, and managing climate-related risks, and how these processes are integrated into the organization's overall risk management. The report also discloses the metrics and targets used to assess and manage relevant climate-related risks and opportunities. However, the report lacks specific details on the actual and potential impacts of climate-related risks and opportunities on the organization's business, strategy, and financial planning. Overall, the report provides a good level of disclosure on the integration of climate-related risks into the organization's overall risk management, but there is room for improvement in terms of providing more specific details on the impacts of climate-related risks and opportunities.","The sustainability report provides some information on the metrics used to assess climate-related risks and opportunities. The report describes the process for managing climate-related risks and opportunities and identifies the climate-related risks and opportunities the organization has identified over the short, medium, and long term. The report also discloses the metrics and targets used to assess and manage relevant climate-related risks and opportunities. However, the report lacks specific details on the metrics used to measure and manage climate-related risks and opportunities, including metrics consistent with the cross-industry. The report does not provide metrics on climate-related risks associated with water, energy, land use, and waste management where relevant and applicable. The report also does not provide forward-looking metrics for the cross-industry, consistent with their business or strategic planning time horizons.","The sustainability report provides some information on Scope 1 and Scope 2 GHG emissions, but it does not disclose Scope 3 emissions. The report mentions that the organization is committed to measuring and reducing Scope 3 emissions, but it does not provide any details on the related risks. The report does not provide GHG efficiency ratios or historical emissions data. The methodology used to calculate emissions is mentioned, but it is not described in detail. The report provides some information on the management of climate-related risks, but it does not disclose the metrics and targets used to assess and manage these risks. Overall, the report partially meets some of the requirements for high-quality disclosure pertaining to the critical element of GHG emissions disclosure.","The sustainability report provides some information on the targets used by the organization to manage climate-related risks and opportunities and performance against targets. The report discloses the metrics used to assess climate-related risks and opportunities, including Scope 1 and Scope 2 greenhouse gas  emissions, and the targets used to manage climate-related risks and performance against targets. However, the report lacks specific details on the time frames over which the targets apply, the base year from which progress is measured, and the key performance indicators used to assess progress against targets. The report also does not provide a description of the methodologies used to calculate targets and measures. Overall, the disclosure quality is moderate."
SCORE,100,70,70,60,85,85,90,85,70,60,60
