,"Company name: Hewlett Packard Enterprise
Company sector: Information Technology
Company location: United States
Pages: 80","Company name: Hewlett Packard Enterprise
Company sector: Information Technology
Company location: United States
Pages: 80","Company name: Hewlett Packard Enterprise
Company sector: Information Technology
Company location: United States
Pages: 80","Company name: Hewlett Packard Enterprise
Company sector: Information Technology
Company location: United States
Pages: 80","Company name: Hewlett Packard Enterprise
Company sector: Information Technology
Company location: United States
Pages: 80","Company name: Hewlett Packard Enterprise
Company sector: Information Technology
Company location: United States
Pages: 80","Company name: Hewlett Packard Enterprise
Company sector: Information Technology
Company location: United States
Pages: 80","Company name: Hewlett Packard Enterprise
Company sector: Information Technology
Company location: United States
Pages: 80","Company name: Hewlett Packard Enterprise
Company sector: Information Technology
Company location: United States
Pages: 80","Company name: Hewlett Packard Enterprise
Company sector: Information Technology
Company location: United States
Pages: 80","Company name: Hewlett Packard Enterprise
Company sector: Information Technology
Company location: United States
Pages: 80"
,tcfd_1,tcfd_2,tcfd_3,tcfd_4,tcfd_5,tcfd_6,tcfd_7,tcfd_8,tcfd_9,tcfd_10,tcfd_11
ANSWER,"The Board of Directors and Nominating, Governance, and Social Responsibility Committee oversee ESG issues, including climate risk, and evaluate progress towards ESG targets. The NGSR Committee reinforces its role in overseeing the company's ESG strategy, policies, practices, and public disclosures. The company undertook climate scenario analyses in 2020, and its TCFD disclosures can be found in its TCFD index. However, the report lacks concrete information on the board's specific actions and policies regarding climate-related risks and opportunities.",HPE recognizes the importance of climate resiliency and the clear and present danger to the continuity of its operations and success of its business. The company developed a climate-related risk resilience assessment and undertook climate scenario analyses to enhance its understanding and management of climate-related risks and opportunities. HPE embeds climate risk in its resiliency planning program and recognizes the physical risks of climate change will continue to impact its company. Climate metrics are linked directly to the compensation of its executive committee.,"Hewlett Packard Enterprise identified climate-related risks and opportunities in their sustainability report. Risks include physical risks of climate change, compromised supply chains, and infrastructure. Opportunities include developing technology solutions to facilitate a low-carbon transition. The report did not clearly associate risks with a horizon.","HPE recognizes the physical risks of climate change will continue to impact the company. The company believes that developing technology solutions to facilitate a low-carbon transition could yield significant market opportunities. HPE is committed to becoming a net-zero enterprise by 2040. Climate metrics are linked directly to the compensation of the executive committee. However, the report lacks concrete data to support the company's claims.","HPE has developed a climate-related risk resilience assessment, assessing 19 sites in the U.S. and Asia Pacific and Japan, using climate risk indices to assess risk probability and produce an overall climate risk score. HPE has also undertaken climate scenario analyses and has science-based targets consistent with a 1.5°C pathway. However, the report lacks concrete information on the resilience of HPE's strategy in different climate-related scenarios and physical risks.","Hewlett Packard Enterprise uses a climate-related risk resilience assessment to identify and assess climate-related risks. The assessment uses climate risk indices such as Heat, Storm Surge, Water, Flood, and Power electricity to assess risk probability and produce an overall climate risk score. More information can be found in source 300.","Hewlett Packard Enterprise manages climate-related risks by developing a climate-related risk resilience assessment, applying climate risk indices to assess risk probability and produce an overall climate risk score, embedding climate risk in their resiliency planning program, and monitoring and managing their limited natural capital-related risks through various initiatives.","HPE developed a climate-related risk resilience assessment, assessing 19 sites in the U.S. and Asia Pacific and Japan, using climate risk indices to assess risk probability and produce an overall climate risk score. Climate risk is embedded in HPE's resiliency planning program, and HPE undertook climate scenario analyses in 2020. HPE manages and assesses risk through its Enterprise Risk Management program, overseen by the Chief Financial Officer and supported by the HPE Executive Risk Council. HPE aligns its disclosures with recommendations from the Task Force on Climate-related Financial Disclosures .","Hewlett Packard Enterprise assesses climate-related risks and opportunities using a climate-related risk resilience assessment that assesses 19 sites in the U.S. and Asia Pacific and Japan. The framework applies climate risk indices such as Heat, Storm Surge, Water, Flood, and Power electricity to assess risk probability and produce an overall climate risk score. The metrics help ensure that the performance is in line with its strategy and risk management process.","Hewlett Packard Enterprise discloses its Scope 1, Scope 2, and Scope 3 GHG emissions. The company aims to reduce absolute Scope 1 and 2 GHG emissions by 70% and Scope 3 GHG emissions by 42% by 2030 from a 2020 base year. The related risks are not specified in the report.",Hewlett Packard Enterprise aims to achieve net-zero greenhouse gas emissions across the value chain by 2040. The company has set science-based targets to reduce absolute Scope 1 and 2 GHG emissions by 70% by 2030 from a 2020 base year and reduce absolute Scope 3 GHG emissions by 42% by 2030 from a 2020 base year. Progress on the Scope 3 target will be reported starting from FY2022. No information was provided on how the company is performing against these targets.
SOURCES,"[293, 90, 281, 89, 285, 296, 280, 83, 300, 289, 9, 286, 16, 299, 82]","[90, 91, 83, 89, 9]","[90, 91, 89, 92, 301, 16, 9, 296, 270, 79]","[90, 91, 89, 9, 301, 258]","[300, 90, 91, 301, 79, 52, 89, 271, 83, 48, 168, 258, 85]",[300],"[300, 90, 91, 89, 93, 83, 271, 295, 301]","[300, 91, 90, 89, 295]",[300],"[24, 80, 35, 158, 29]","[24, 79]"
PAGE,"[3, 4, 17, 51, 19, 53, 54, 52]","[3, 17, 19]","[3, 4, 48, 16, 19, 54]","[3, 46, 19, 54]","[10, 46, 16, 48, 17, 19, 54, 31]",[54],"[48, 17, 19, 54]","[19, 54]",[54],"[16, 8, 29, 7]","[16, 7]"
ANALYSIS,"The sustainability report provides some information on the board's oversight of climate-related risks and opportunities. It mentions that the board and committees are briefed on ESG topics, including climate risks, and that ESG topics are regularly discussed at board and committee meetings. However, the report does not provide specific details on the processes and frequency by which the board and/or board committees are informed about climate-related issues, nor does it discuss whether the board and/or board committees consider climate-related issues when reviewing and guiding strategy, risk management policies, and business plans. The report also does not provide information on how the board monitors and oversees progress against goals and targets for addressing climate-related issues. Overall, the disclosure is insufficient to meet the TCFD guidelines.","The given sustainability report provides limited information on the role of management in assessing and managing climate-related risks and opportunities. While the report mentions that HPE undertook climate scenario analyses and developed a climate-related risk resilience assessment, it does not provide specific details on the organizational structure, processes, or positions responsible for managing climate-related issues. The report also lacks information on how management monitors climate-related issues. Although the report mentions that HPE supports the advancement of corporate reporting on climate as a material risk and aligns its disclosures with recommendations from the Task Force on Climate-related Financial Disclosures , it does not provide sufficient information to meet the requirements outlined for this critical element.","The sustainability report provides some information on climate-related risks and opportunities, but it falls short of meeting the TCFD guidelines. The report does not provide a clear description of the relevant short-, medium-, and long-term time horizons, nor does it describe the specific climate-related issues that could have a material financial impact on the organization. The report does mention a climate-related risk resilience assessment, but it does not provide enough detail on the process used to determine which risks and opportunities could have a material financial impact on the organization. Overall, the report lacks specificity and detail, making it difficult to assess the organization's climate-related risks and opportunities.","The sustainability report provides some information on how climate-related risks and opportunities impact the organization's business strategy, economic and financial performance, and financial planning. The report mentions that HPE undertook climate scenario analyses and developed a climate-related risk resilience assessment. It also discusses the impact of climate-related issues on the company's operations and financial performance. However, the report lacks specific details on how climate-related issues serve as an input to their financial planning process, the time period used, and how these risks and opportunities are prioritized. Additionally, the report does not describe the impact of climate-related scenarios on the organization's strategy and financial planning. Overall, the report provides some information but lacks specific details, resulting in a score of 60.","The sustainability report provides some information on the organization's resilience to climate-related risks and opportunities, but it lacks specific details on how the organization's strategy would change to address potential risks and opportunities. The report mentions that the organization developed a climate-related risk resilience assessment and undertook climate scenario analyses, but it does not provide information on the potential impact of climate-related issues on financial performance and financial position. The report also lacks information on the climate-related scenarios and associated time horizon considered. Overall, the report provides some information on the organization's resilience to climate-related risks and opportunities, but it lacks specific details on how the organization's strategy would change to address potential risks and opportunities.","The sustainability report provides some information on the organization's processes for identifying and assessing climate-related risks. The report mentions that the organization developed a climate-related risk resilience assessment and applied climate risk indices to assess risk probability. The report also states that the organization considers existing and emerging regulatory requirements related to climate change. However, the report lacks details on how the organization determines the relative significance of climate-related risks in relation to other risks. The report does not disclose the processes for assessing the potential size and scope of identified climate-related risks or definitions of risk terminology used or references to existing risk classification frameworks used. Therefore, the report partially meets the TCFD guidelines for high-quality disclosure pertaining to the TCFD recommendation point.","The sustainability report provides some information on how the organization manages climate-related risks. The report describes the development of a climate-related risk resilience assessment, which assessed 19 sites in the U.S. and Asia Pacific and Japan, using the number of critical processes identified in the business continuity depository and site power consumption as drivers for site selection. The report also mentions that HPE undertook climate scenario analyses in 2020 to enhance their understanding and management of climate-related risks and opportunities. However, the report lacks details on how the organization makes decisions to mitigate, transfer, accept, or control those risks and how materiality determinations are made within their organization. Therefore, the report partially meets the requirements, and the score is 60.","The sustainability report provides some information on how climate-related risks are integrated into the organization's overall risk management. The report mentions that the company developed a climate-related risk resilience assessment and applied a climate risk index to assess risk probability. The report also states that the company undertook climate scenario analyses to enhance its understanding and management of climate-related risks and opportunities. However, the report lacks specific details on how the processes for identifying, assessing, and managing climate-related risks are integrated into the organization's overall risk management. The report could benefit from providing more information on the integration of climate-related risks into the company's overall risk management framework.","The sustainability report provides some information on the metrics used to assess climate-related risks and opportunities, but it lacks specificity and detail. The report mentions a climate-related risk resilience assessment that uses climate risk indices to assess risk probability and produce an overall climate risk score. However, it does not provide any information on the specific metrics used to measure and manage climate-related risks and opportunities. The report also mentions that HPE undertook climate scenario analyses and supports the advancement of corporate reporting on climate as a material risk. However, it does not provide any information on the specific metrics used in these analyses. Overall, the report lacks the necessary detail and specificity to fully satisfy the TCFD guidelines.","The sustainability report provides some information on the organization's greenhouse gas  emissions and related risks. The report discloses the organization's targets for reducing absolute Scope 1 and 2 GHG emissions by 70% by 2030 and Scope 3 GHG emissions by 42% by 2030 from a 2020 base year. However, the report does not provide GHG emissions independent of a materiality assessment, nor does it provide GHG emissions and associated metrics for historical periods to allow for trend analysis. The report does not provide a description of the methodologies used to calculate or estimate the metrics. The report mentions aligning disclosures with recommendations from the Task Force on Climate-related Financial Disclosures  and contracting an external assurance provider to perform an independent review of selected key performance indicators.","The sustainability report provides some information on the targets used by the organization to manage climate-related risks and opportunities and performance against targets. The report mentions that the organization has science-based targets that are consistent with a 1.5°C pathway and approved by the Science Based Target initiative . However, the report lacks specific details on the targets such as whether they are absolute or intensity-based, time frames over which the target applies, base year from which progress is measured, and key performance indicators used to assess progress against targets. The report also does not provide a description of the methodologies used to calculate targets and measures. Overall, the disclosure is insufficient to meet the TCFD guidelines."
SCORE,40,40,30,60,60,60,60,70,40,60,40
