,"Company name: Eastman Chemical Company
Company sector: Chemicals
Company location: Kingsport, TN 37662-5280 U.S.A.
Pages: 136","Company name: Eastman Chemical Company
Company sector: Chemicals
Company location: Kingsport, TN 37662-5280 U.S.A.
Pages: 136","Company name: Eastman Chemical Company
Company sector: Chemicals
Company location: Kingsport, TN 37662-5280 U.S.A.
Pages: 136","Company name: Eastman Chemical Company
Company sector: Chemicals
Company location: Kingsport, TN 37662-5280 U.S.A.
Pages: 136","Company name: Eastman Chemical Company
Company sector: Chemicals
Company location: Kingsport, TN 37662-5280 U.S.A.
Pages: 136","Company name: Eastman Chemical Company
Company sector: Chemicals
Company location: Kingsport, TN 37662-5280 U.S.A.
Pages: 136","Company name: Eastman Chemical Company
Company sector: Chemicals
Company location: Kingsport, TN 37662-5280 U.S.A.
Pages: 136","Company name: Eastman Chemical Company
Company sector: Chemicals
Company location: Kingsport, TN 37662-5280 U.S.A.
Pages: 136","Company name: Eastman Chemical Company
Company sector: Chemicals
Company location: Kingsport, TN 37662-5280 U.S.A.
Pages: 136","Company name: Eastman Chemical Company
Company sector: Chemicals
Company location: Kingsport, TN 37662-5280 U.S.A.
Pages: 136","Company name: Eastman Chemical Company
Company sector: Chemicals
Company location: Kingsport, TN 37662-5280 U.S.A.
Pages: 136"
,tcfd_1,tcfd_2,tcfd_3,tcfd_4,tcfd_5,tcfd_6,tcfd_7,tcfd_8,tcfd_9,tcfd_10,tcfd_11
ANSWER,"Eastman Chemical Company's Environmental, Safety and Sustainability Committee of the Board of Directors oversees climate-related risks and opportunities. The committee reviews these issues with management and makes recommendations regarding the company's policies and practices concerning sustainability matters. The company also uses the TCFD framework recommendations to assess climate-related risks and opportunities. However, the report lacks specific details on the board's actions and policies to address climate change.","Eastman Chemical Company has a cross-functional issue management process that integrates climate-related risks and opportunities with strategic business decision-making. The Chief Sustainability Officer presents climate-related risks and opportunities to the ESS Committee. The company defines short-, medium-, and long-term time horizons for monitoring climate-related risks and opportunities. Metrics and targets are used to assess and manage climate-related risks and opportunities. The Board of Directors' Environmental, Safety and Sustainability Committee oversees climate-related risks and opportunities.","Eastman Chemical Company has identified physical and transition risks and opportunities related to climate change, including increased frequency of extreme weather events, access to new markets through climate-related products and solutions, and returns on investment in energy efficiency projects. The report does not clearly associate these risks with a horizon. The company claims to integrate climate-related risks and opportunities with strategic business decision-making through regular engagements with corporate and business leaders. However, the report lacks concrete data to support these claims.","Eastman Chemical Company identifies and assesses climate-related risks and opportunities, which impact its products and services, supply chain, investment in R&D, and capital expenditures. The company integrates climate-related risks and opportunities with strategic business decision-making through regular engagements with corporate and business leaders. Eastman's Environmental, Safety and Sustainability Committee of the Board of Directors oversees climate-related risks and opportunities. The company uses metrics and targets to assess and manage relevant climate-related risks and opportunities.","Eastman Chemical Company conducted a robust climate scenario analysis in 2022, which considered four publicly-available climate scenarios. The company identified areas of its strategy that may have more concentrated impact areas, including new and emerging markets, low carbon technologies aligned with decarbonization transition, and employee health and well-being. However, the report lacks concrete data on the resilience of the company's strategy in different climate-related scenarios and physical risks.","Eastman Chemical Company identifies and assesses climate-related risks and opportunities through a cross-functional issue management process, which is overseen by the Environmental, Safety and Sustainability Committee of the Board of Directors. The company defines short-, medium-, and long-term time horizons and uses several climate-related metrics to track progress and performance. However, the report lacks specific details on the processes used to identify and assess climate-related risks.","Eastman Chemical Company manages climate-related risks through a cross-functional issue management process, where the Climate & Carbon Working Group and designated issue stewards track, prioritize and present the most substantive climate issues to Eastman’s business units. The company defines short-, medium- and long-term time horizons and considers physical and/or transition risks. Eastman's governance around climate-related risks includes the ESS Committee of the Board of Directors and management's role is led by the Chief Sustainability Officer. The company has identified climate-related risks and opportunities that impact its products and services, supply chain, investment in R&D, and financial planning. Metrics and targets used to assess and manage relevant climate-related risks and opportunities are not disclosed in the report.","Eastman Chemical Company integrates climate-related risks and opportunities into its overall risk management through its cross-functional issue management process, which is overseen by the Issue Management Council. The company defines short, medium, and long-term time horizons for monitoring climate-related risks and opportunities. Eastman's Chief Sustainability Officer presents climate-related risks and opportunities to the ESS Committee, and the company's Climate & Carbon Working Group tracks, prioritizes, and presents these issues to corporate and business leaders. The TCFD framework is used to assess climate-related risks and opportunities, and the company has received review-level assurance from PwC over its Scope 1 and Scope 2 greenhouse gas emissions for 2021.","Eastman Chemical Company uses several climate-related metrics, including Scope 1, Scope 2, and Scope 3 emissions, and an internal carbon price for financial analysis. The metrics help ensure that the company's performance is in line with its strategy and risk management process. Eastman identifies, assesses, and manages climate-related risks through a cross-functional issue management process and presents climate-related risks and opportunities to the ESS Committee. The company has identified short-, medium-, and long-term climate-related risks and opportunities, including policy and legal transition risks, acute physical risks, and returns on investment in energy efficiency projects and molecular recycling technologies.","Yes, Eastman Chemical Company discloses its Scope 1, Scope 2, and Scope 3 greenhouse gas  emissions. The disclosed figures are: Scope 1 - 6,206,603 , Scope 2  - 736,120 , Scope 2  - 746,240 , and Scope 3  - 10,659,550 . The related risks are not explicitly stated in the report.","Eastman Chemical Company has committed to reducing absolute greenhouse gas emissions Scope 1 and Scope 2 by one-third by 2030 and aspires to be carbon neutral by 2050 from a baseline year of 2017. The company uses several climate-related metrics to track progress and performance, including Scope 1, Scope 2, and Scope 3 emissions, and an internal carbon price for financial analysis of strategic business and investment decisions. Eastman has received review-level assurance from PwC over its Scope 1 and Scope 2 greenhouse gas emissions for the year that ended December 31, 2021."
SOURCES,"[644, 129, 647]","[646, 657, 656, 645, 649, 650, 127]","[646, 649, 655, 657, 660, 121, 130, 148]","[127, 648, 646, 650, 657, 124, 655, 651, 656, 660, 601]","[25, 130, 127, 648, 655, 651, 656, 587, 78, 660, 122, 62, 652]","[127, 646, 657, 655, 656]","[127, 646, 657, 655, 656, 648, 587, 122, 121, 650, 649, 660, 644, 124, 610, 129, 130, 72]","[657, 127, 655, 646, 656, 648, 660, 645, 658, 121, 649, 650, 124, 647]","[127, 130, 660, 122, 128, 648, 655, 646, 657, 656, 78, 644, 124, 647, 666, 117, 52, 118, 126, 649]","[59, 662, 506, 496, 499, 548, 503, 661, 665, 666, 523, 648, 655, 572, 122, 660, 644]","[663, 661, 122, 666]"
PAGE,"[126, 23]","[128, 23, 126, 127]","[128, 129, 21, 24, 25, 126, 127]","[128, 129, 23, 122, 126, 127]","[128, 129, 6, 13, 15, 21, 23, 24, 120, 127]","[128, 126, 23]","[128, 129, 14, 21, 23, 120, 24, 122, 126, 127]","[128, 129, 21, 23, 126, 127]","[128, 129, 130, 12, 15, 20, 21, 23, 24, 126, 127]","[128, 129, 98, 99, 130, 102, 13, 110, 117, 21, 126, 127]","[129, 130, 21]"
ANALYSIS,"The sustainability report provides some information on the board's oversight of climate-related risks and opportunities. It mentions that the Environmental, Safety and Sustainability Committee of the Board of Directors is responsible for climate-related risks and opportunities. However, the report does not provide any information on how the board is informed about climate-related issues, whether the board considers climate-related issues when reviewing and guiding strategy, and how the board monitors and oversees progress against goals and targets for addressing climate-related issues. The report does not meet the requirements for high-quality disclosure pertaining to the critical element of how the company's board oversees climate-related risks and opportunities.","The sustainability report provides some information on management's role in assessing and managing climate-related risks and opportunities. It mentions that Eastman has assigned climate-related responsibilities to management-level positions and committees, and that these positions and committees report to the board or a committee of the board. The report also describes the organizational structure and processes by which management is informed about climate-related issues. However, the report lacks specific details on how management monitors climate-related issues. Overall, the report partially meets the TCFD guidelines for high-quality disclosure pertaining to the TCFD recommendation point.","The sustainability report provides a comprehensive description of the relevant short-, medium-, and long-term time horizons, taking into consideration the useful life of the organization's assets or infrastructure. The report also describes the specific climate-related issues potentially arising in each time horizon that could have a material financial impact on the organization. However, the report lacks a clear description of the process used to determine which risks and opportunities could have a material financial impact on the organization. The report could also benefit from providing a description of their risks and opportunities by sector and/or geography, as appropriate. Overall, the report provides a good level of disclosure quality, but there is room for improvement.","The sustainability report provides some information on the impact of climate-related risks and opportunities on Eastman's businesses, strategy, and financial planning. The report describes the climate-related risks and opportunities identified by the company over the short, medium, and long term, and how these risks are managed through the company's cross-functional issue management process. The report also describes how climate-related issues serve as an input to the company's financial planning process, the time period used, and how these risks and opportunities are prioritized. However, the report lacks specific details on the impact of climate-related issues on the company's financial performance and financial position. The report also does not describe the company's plans for transitioning to a low-carbon economy, which could include GHG emissions targets and specific activities intended to reduce GHG emissions in their operations and value chain or to otherwise support the transition.","The sustainability report provides a comprehensive disclosure on the resilience of Eastman's strategy to climate-related risks and opportunities. The report describes the potential impact of climate-related issues on financial performance and position, identifies climate-related risks and opportunities, and discusses the processes for identifying, assessing, and managing climate-related risks. The report also includes a robust climate scenario analysis that considers different climate-related scenarios, including a 2°C or lower scenario. However, the report could have provided more details on how Eastman's strategy might change to address potential risks and opportunities. Overall, the report meets most of the requirements for high-quality disclosure pertaining to the critical element.","The sustainability report provides some information on the processes used by Eastman to identify and assess climate-related risks. The report describes the company's risk management processes for identifying and assessing climate-related risks and how they determine the relative significance of these risks. The report also mentions that Eastman considers existing and emerging regulatory requirements related to climate change. However, the report lacks specific details on the processes for assessing the potential size and scope of identified climate-related risks and definitions of risk terminology used or references to existing risk classification frameworks used. Overall, the report provides some information on the processes used by Eastman to identify and assess climate-related risks, but it could be more detailed and specific.","The sustainability report provides some information on how the organization manages climate-related risks. The report describes the processes for identifying, assessing, and managing climate-related risks and opportunities, including how materiality determinations are made within the organization. The report also mentions the impact of actual and potential climate-related risks and opportunities on the company's business, strategy, and financial planning, and strategy resilience in line with different climate scenarios. However, the report lacks specific details on how the organization makes decisions to mitigate, transfer, accept, or control those risks. Additionally, the report does not provide enough information on the metrics and targets used to assess and manage relevant climate-related risks and opportunities. Overall, the report partially meets the requirements for high-quality disclosure pertaining to the critical element of how the organization manages climate-related risks.","The sustainability report provides some information on how Eastman integrates processes for identifying, assessing, and managing climate-related risks into its overall risk management. The report describes the processes for identifying and assessing climate-related risks and opportunities, the governance around climate-related risks and opportunities, and the metrics and targets used to assess and manage relevant climate-related risks and opportunities. However, the report lacks specific details on how Eastman manages climate-related risks and opportunities and how these risks and opportunities impact its businesses, strategy, and financial planning. Overall, the disclosure quality is moderate, and the report could benefit from more specific information to meet the requirements fully.","The sustainability report provides some information on the metrics used to assess climate-related risks and opportunities. Eastman discloses the metrics used to track progress and performance, including Scope 1, 2, and 3 emissions, and an internal carbon price. The report also describes the processes for identifying, assessing, and managing climate-related risks and opportunities, including the consideration of physical and transition risks. However, the report lacks specific details on the metrics used to ensure performance is in line with its strategy and risk management process. The report does not provide information on whether and how related performance metrics are incorporated into remuneration policies. The report could also benefit from providing forward-looking metrics for the cross-industry, consistent with their business or strategic planning time horizons.","The sustainability report provides a detailed disclosure of Scope 1, Scope 2, and Scope 3 GHG emissions, and the related risks. The report provides GHG emissions for historical periods, and the methodologies used to calculate or estimate the metrics are described. However, the report does not provide GHG efficiency ratios, which are generally accepted industry-specific ratios. The report also does not disclose Scope 3 GHG emissions independent of a materiality assessment, which is a requirement for high-quality disclosure. The report does not explicitly state that GHG emissions were calculated in line with the GHG Protocol methodology, but it does reference the GHG Protocol. Overall, the report provides a good level of disclosure, but there is room for improvement in meeting all the TCFD guidelines.","The sustainability report provides some information on the targets used by Eastman to manage climate-related risks and opportunities and performance against targets. The report discloses that Eastman is committed to reducing absolute greenhouse gas emissions Scope 1 and Scope 2 by one-third by 2030 and aspires to be carbon neutral by 2050 from a baseline year of 2017. However, the report lacks details on the time frames over which the target applies, base year from which progress is measured, and key performance indicators used to assess progress against targets. The report also does not provide a description of the methodologies used to calculate targets and measures. Overall, the disclosure is insufficient to meet the TCFD guidelines."
SCORE,40,70,80,70,90,70,70,70,70,80,50
