,"Company name: Baker Hughes
Company sector: Energy Technology
Company location: ['17021 Aldine Westfield Road, Houston, Texas 77073', 'Floor, 245 Hammersmith Road, London W6 8PW', '120 countries']
Pages: 114","Company name: Baker Hughes
Company sector: Energy Technology
Company location: ['17021 Aldine Westfield Road, Houston, Texas 77073', 'Floor, 245 Hammersmith Road, London W6 8PW', '120 countries']
Pages: 114","Company name: Baker Hughes
Company sector: Energy Technology
Company location: ['17021 Aldine Westfield Road, Houston, Texas 77073', 'Floor, 245 Hammersmith Road, London W6 8PW', '120 countries']
Pages: 114","Company name: Baker Hughes
Company sector: Energy Technology
Company location: ['17021 Aldine Westfield Road, Houston, Texas 77073', 'Floor, 245 Hammersmith Road, London W6 8PW', '120 countries']
Pages: 114","Company name: Baker Hughes
Company sector: Energy Technology
Company location: ['17021 Aldine Westfield Road, Houston, Texas 77073', 'Floor, 245 Hammersmith Road, London W6 8PW', '120 countries']
Pages: 114","Company name: Baker Hughes
Company sector: Energy Technology
Company location: ['17021 Aldine Westfield Road, Houston, Texas 77073', 'Floor, 245 Hammersmith Road, London W6 8PW', '120 countries']
Pages: 114","Company name: Baker Hughes
Company sector: Energy Technology
Company location: ['17021 Aldine Westfield Road, Houston, Texas 77073', 'Floor, 245 Hammersmith Road, London W6 8PW', '120 countries']
Pages: 114","Company name: Baker Hughes
Company sector: Energy Technology
Company location: ['17021 Aldine Westfield Road, Houston, Texas 77073', 'Floor, 245 Hammersmith Road, London W6 8PW', '120 countries']
Pages: 114","Company name: Baker Hughes
Company sector: Energy Technology
Company location: ['17021 Aldine Westfield Road, Houston, Texas 77073', 'Floor, 245 Hammersmith Road, London W6 8PW', '120 countries']
Pages: 114","Company name: Baker Hughes
Company sector: Energy Technology
Company location: ['17021 Aldine Westfield Road, Houston, Texas 77073', 'Floor, 245 Hammersmith Road, London W6 8PW', '120 countries']
Pages: 114","Company name: Baker Hughes
Company sector: Energy Technology
Company location: ['17021 Aldine Westfield Road, Houston, Texas 77073', 'Floor, 245 Hammersmith Road, London W6 8PW', '120 countries']
Pages: 114"
,tcfd_1,tcfd_2,tcfd_3,tcfd_4,tcfd_5,tcfd_6,tcfd_7,tcfd_8,tcfd_9,tcfd_10,tcfd_11
ANSWER,"The Board Governance and Corporate Responsibility Committee oversees the Company's environmental matters, including monitoring its sustainability strategy and initiatives and management of environmental, health and safety compliance and related risks, including risks related to climate change. The committee receives regular reports from management on the Company's environmental, health and safety, corporate responsibility, and sustainability activities and risks, including risks related to climate change, among others. The Board believes that the Company's strong ethical leadership, grounded in the values expressed.","Management's role in assessing and managing climate-related risks and opportunities is described in the Protecting the environment, Governance of environment, and Enterprise and risk management and sustainability sections of the report. The company identifies and assesses climate-related risks and opportunities over short, medium, and long-term time horizons and incorporates these insights into its strategic planning to build business resilience. The report also discloses metrics and targets used to assess climate-related risks and opportunities in line with its strategy and risk management process.","Baker Hughes conducts climate change risk and opportunity assessments over short, medium, and long-term horizons. The company recognizes climate change as a financial risk and opportunity, and supports the transition to a lower carbon economy. The organization's physical risk assessment models severe weather events using Jupiter predictive climate data analytics and IPCC temperature scenarios. However, the report lacks specific, quantifiable data on the identified risks and opportunities.","Baker Hughes recognizes climate change as a financial risk and opportunity that could impact the business over short, medium, and long-term time horizons. The company has conducted quantitative climate change scenario analysis and opportunity hotspot mapping to understand the climate issues that could impact the business in the future under different scenarios. The insights are incorporated into the long-range and medium-range strategic planning to build business resilience. The company also divides its risk assessment into two major categories:  risks related to the transition to a lower-carbon economy and  risks related to the physical impacts of climate change.","Baker Hughes recognizes climate change as a financial risk and opportunity and has conducted quantitative climate change scenario analysis to understand the climate issues that could impact the business in the future under different scenarios. The company is incorporating these insights into its long-range and medium-range strategic planning to build business resilience. However, the report lacks concrete data on the targets used to manage climate-related risks and opportunities and performance against targets.","Baker Hughes identifies and assesses climate-related risks through quantitative climate change scenario analysis, physical risk assessment models, and annual risk reviews. The organization divides its risk assessment into two major categories:  risks related to the transition to a lower-carbon economy and  risks related to the physical impacts of climate change. The report provides specific references to pages 41, 47-48, 48-49, 49, 55-56, 66, and 79 for further information.","Baker Hughes manages climate-related risks by incorporating insights from quantitative climate change scenario analysis and opportunity hotspot mapping into its long-range and medium-range strategic planning to build business resilience. The company also has physical risk assessment models that use Jupiter predictive climate data analytics and IPCC temperature scenarios. The Board receives regular reports from management on the Company’s environmental, health and safety, corporate responsibility, and sustainability activities and risks, including risks related to climate change, among others.","Baker Hughes integrates climate-related risks into its overall risk management by expanding its ERM process to identify environmental, social, and governance risks, reviewing top risks during Board of Directors meetings, and including supply chain and climate change in its 2022 risk categories. The company also conducts climate change risk and opportunity assessments over short, medium, and long-term time horizons and incorporates the results into its strategic business planning.","Baker Hughes discloses metrics used to assess climate-related risks and opportunities in line with its strategy and risk management process. The organization identifies and assesses climate-related risks and opportunities, and management receives regular reports on the Company's environmental, health and safety, corporate responsibility, and sustainability activities and risks, including risks related to climate change. The company recognizes climate change as a financial risk and opportunity and conducts climate change risk and opportunity assessments to build business resilience.","Baker Hughes discloses its Scope 1, Scope 2, and Scope 3 GHG emissions in its 2021 Corporate Responsibility Report. The report identifies the risks associated with each scope of emissions. The risks differ depending on the scope and are not specified in detail. The report also describes the targets used by the organization to manage climate-related risks and opportunities and performance against targets.","Baker Hughes has set emissions reduction targets and discloses Scope 1, 2, and 3 GHG emissions. The company also uses climate change scenario analysis to inform its long- and medium-range strategic planning. However, the report lacks specific information on the targets used to manage climate-related risks and opportunities and performance against these targets."
SOURCES,"[389, 595, 591, 269, 590, 277, 537, 388]","[591, 596, 593, 595, 592, 597, 543, 269, 594, 262, 400, 75, 598, 210, 379, 273]","[271, 593, 592, 595, 270, 269, 591, 594, 400, 389, 543, 210, 272]","[270, 593, 592, 271, 596, 269, 543, 594, 210, 591, 75, 262, 389, 273, 400, 597, 263, 67]","[593, 592, 270, 596, 271, 273, 75, 210, 269, 262, 263, 73, 543, 591, 597]","[270, 262, 271, 592, 595, 596]","[269, 271, 272, 379, 592, 593, 594, 595, 596, 591, 598]","[400, 595, 596, 591, 593, 598]","[596, 593, 597, 595, 592, 591, 73, 389, 262, 75, 67, 400, 598, 271, 270, 210, 269, 282, 379]","[41, 42, 43, 223, 644, 598, 610, 619, 672, 680, 213, 647, 596]","[43, 41, 42, 47, 598]"
PAGE,"[64, 46, 48, 83, 93, 94]","[65, 38, 46, 47, 17, 84, 62, 93, 94]","[64, 65, 38, 46, 47, 84, 93, 94]","[64, 65, 38, 46, 47, 15, 17, 84, 93, 94]","[38, 46, 47, 17, 84, 93, 94]","[94, 93, 46]","[46, 47, 94, 93, 62]","[65, 93, 94]","[64, 65, 38, 46, 15, 48, 17, 62, 93, 94]","[98, 102, 39, 104, 41, 11, 12, 94, 95]","[11, 12, 94]"
ANALYSIS,"The sustainability report provides some information on the board's oversight of climate-related risks and opportunities. The report mentions that the Board receives regular reports on sustainability activities and risks, including climate change. However, the report does not provide details on how the board considers climate-related issues when reviewing and guiding strategy, risk management policies, and business plans. The report also lacks information on how the board monitors and oversees progress against goals and targets for addressing climate-related issues. Overall, the disclosure is insufficient in meeting the TCFD guidelines for high-quality disclosure pertaining to the TCFD recommendation point.","The sustainability report provides some information on management's role in assessing and managing climate-related risks and opportunities. It mentions that the governance and corporate responsibility committee receives regular reports from management on the company's environmental, health and safety, corporate responsibility, and sustainability activities and risks, including risks related to climate change. The report also describes the organization's processes for identifying and assessing climate-related risks and opportunities. However, it does not provide information on whether the organization has assigned climate-related responsibilities to management-level positions or committees, the associated organizational structure, processes by which management is informed about climate-related issues, and how management monitors climate-related issues. Therefore, the report partially meets the TCFD guidelines. The score for this disclosure is 60.","The sustainability report provides a comprehensive description of the climate-related risks and opportunities that Baker Hughes has identified over the short, medium, and long term. The report includes a description of the relevant time horizons, specific climate-related issues, and the process used to determine which risks and opportunities could have a material financial impact on the organization. The report also considers providing a description of risks and opportunities by sector and/or geography. However, the report lacks specific details on the process used to manage climate-related risks and opportunities and the targets used by the organization to manage climate-related risks and opportunities. Overall, the report provides a good level of disclosure quality on the TCFD recommendation point.","The sustainability report provides a comprehensive discussion of the impact of climate-related risks and opportunities on the organization's businesses, strategy, and financial planning. The report describes how climate-related issues have affected the organization's businesses, strategy, and financial planning in various areas, including products and services, supply chain, adaptation and mitigation activities, investment in research and development, operations, acquisitions or divestments, and access to capital. The report also describes how climate-related issues serve as an input to the organization's financial planning process, the time period used, and how these risks and opportunities are prioritized. The report provides a holistic picture of the interdependencies among the factors that affect the organization's ability to create value over time. However, the report could provide more specific details on the impact of climate-related issues on the organization's financial performance and financial position.","The sustainability report provides a comprehensive disclosure on the resilience of the organization's strategy to climate-related risks and opportunities. The report describes how the organization's strategies may change to address potential risks and opportunities, the potential impact of climate-related issues on financial performance and position, and the climate-related scenarios considered. The report also discusses the processes for identifying, assessing, and managing climate-related risks and opportunities, including the integration of these processes into the organization's overall risk management. However, the report lacks specific details on the time horizon considered for different climate-related scenarios and the potential impact of physical climate-related risks on the organization's strategy. Overall, the report meets most of the requirements and scores 85 out of 100.","The sustainability report provides a comprehensive description of the organization's processes for identifying and assessing climate-related risks. The report describes the risk management processes for identifying and assessing climate-related risks, including how organizations determine the relative significance of climate-related risks in relation to other risks. The report also discloses the processes for assessing the potential size and scope of identified climate-related risks and definitions of risk terminology used or references to existing risk classification frameworks used. However, the report lacks specific details on whether the organization considers existing and emerging regulatory requirements related to climate change as well as other relevant factors considered. Overall, the report provides a satisfactory level of disclosure on the TCFD recommendation point.","The sustainability report provides a comprehensive description of the organization's processes for managing climate-related risks. The report describes how the organization identifies, assesses, and manages climate-related risks, including how materiality determinations are made within the organization. The report also describes the impact of climate-related risks and opportunities on the organization's businesses, strategy, and financial planning. However, the report lacks specific details on the metrics and targets used by the organization to manage climate-related risks and opportunities and performance against targets. Overall, the report meets most of the requirements for high-quality disclosure pertaining to the critical element of how the organization manages climate-related risks.","The sustainability report provides a comprehensive disclosure on how the organization integrates processes for identifying, assessing, and managing climate-related risks into its overall risk management. The report describes the organization's processes for identifying and assessing climate-related risks, managing climate-related risks, and the impact of climate-related risks and opportunities on the organization's businesses, strategy, and financial planning. The report also discloses the metrics and targets used by the organization to assess climate-related risks and opportunities in line with its strategy and risk management process. However, the report lacks specific details on the organization's processes for managing climate-related risks and opportunities and management's role in assessing and managing climate-related risks and opportunities.","The sustainability report provides some information on the metrics used to assess climate-related risks and opportunities. The report includes metrics on emissions reduction goals, physical risk management, and sustainable supply chains. However, the report lacks details on the specific metrics used to measure and manage climate-related risks and opportunities, and how they help ensure that the performance is in line with its strategy and risk management process. The report does not provide metrics on climate-related risks associated with water, energy, land use, and waste management. The report does not describe whether and how related performance metrics are incorporated into remuneration policies. The report does not provide internal carbon prices or climate-related opportunity metrics. The report does not provide forward-looking metrics for the cross-industry, consistent with their business or strategic planning time horizons.","The sustainability report provides a comprehensive disclosure of the organization's Scope 1, Scope 2, and Scope 3 GHG emissions, as well as the related risks. The report also mentions the use of the GHG Protocol methodology to calculate emissions and provides historical data for trend analysis. However, the report lacks specific details on the methodologies used to calculate or estimate the metrics, and it is unclear whether the organization provided generally accepted industry-specific GHG efficiency ratios. Overall, the report meets most of the TCFD guidelines, but there is room for improvement in terms of providing more specific details on the methodologies used to calculate emissions.","The sustainability report provides a comprehensive disclosure on the targets used by the organization to manage climate-related risks and opportunities and performance against targets. The report describes the key climate-related targets, including GHG emissions, water usage, and energy usage, and provides details on whether the targets are absolute or intensity-based, time frames, base year, and key performance indicators. The report also discloses Scope 1, Scope 2, and Scope 3 GHG emissions and the related risks. However, the report could have provided more details on the methodologies used to calculate targets and measures. Overall, the report meets most of the requirements for high-quality disclosure pertaining to the critical element."
SCORE,40,60,85,90,85,85,85,85,40,85,90
