,"Company name: KEMET Corporation
Company sector: Electronic Manufacturing Services & Original Design Manufacturing
Company location: Headquartered in Fort Lauderdale, Florida, with manufacturing facilities and employees in countries throughout the Americas, Asia, and Europe
Pages: 34","Company name: KEMET Corporation
Company sector: Electronic Manufacturing Services & Original Design Manufacturing
Company location: Headquartered in Fort Lauderdale, Florida, with manufacturing facilities and employees in countries throughout the Americas, Asia, and Europe
Pages: 34","Company name: KEMET Corporation
Company sector: Electronic Manufacturing Services & Original Design Manufacturing
Company location: Headquartered in Fort Lauderdale, Florida, with manufacturing facilities and employees in countries throughout the Americas, Asia, and Europe
Pages: 34","Company name: KEMET Corporation
Company sector: Electronic Manufacturing Services & Original Design Manufacturing
Company location: Headquartered in Fort Lauderdale, Florida, with manufacturing facilities and employees in countries throughout the Americas, Asia, and Europe
Pages: 34","Company name: KEMET Corporation
Company sector: Electronic Manufacturing Services & Original Design Manufacturing
Company location: Headquartered in Fort Lauderdale, Florida, with manufacturing facilities and employees in countries throughout the Americas, Asia, and Europe
Pages: 34","Company name: KEMET Corporation
Company sector: Electronic Manufacturing Services & Original Design Manufacturing
Company location: Headquartered in Fort Lauderdale, Florida, with manufacturing facilities and employees in countries throughout the Americas, Asia, and Europe
Pages: 34","Company name: KEMET Corporation
Company sector: Electronic Manufacturing Services & Original Design Manufacturing
Company location: Headquartered in Fort Lauderdale, Florida, with manufacturing facilities and employees in countries throughout the Americas, Asia, and Europe
Pages: 34","Company name: KEMET Corporation
Company sector: Electronic Manufacturing Services & Original Design Manufacturing
Company location: Headquartered in Fort Lauderdale, Florida, with manufacturing facilities and employees in countries throughout the Americas, Asia, and Europe
Pages: 34","Company name: KEMET Corporation
Company sector: Electronic Manufacturing Services & Original Design Manufacturing
Company location: Headquartered in Fort Lauderdale, Florida, with manufacturing facilities and employees in countries throughout the Americas, Asia, and Europe
Pages: 34","Company name: KEMET Corporation
Company sector: Electronic Manufacturing Services & Original Design Manufacturing
Company location: Headquartered in Fort Lauderdale, Florida, with manufacturing facilities and employees in countries throughout the Americas, Asia, and Europe
Pages: 34","Company name: KEMET Corporation
Company sector: Electronic Manufacturing Services & Original Design Manufacturing
Company location: Headquartered in Fort Lauderdale, Florida, with manufacturing facilities and employees in countries throughout the Americas, Asia, and Europe
Pages: 34"
,tcfd_1,tcfd_2,tcfd_3,tcfd_4,tcfd_5,tcfd_6,tcfd_7,tcfd_8,tcfd_9,tcfd_10,tcfd_11
ANSWER,"The Sustainability Council, led by KEMET's Senior Vice President - Quality, Global Supply Chain, and Chief Compliance Officer, provides direction and focus in support of KEMET's FEHS Policy and all sustainability-related issues. The council guides risk management policies as they pertain to sustainability and communicates progress on performance. YAGEO Group plans to assess qualitative climate-related scenario analysis within the next two years as they continue to develop their climate goals and strategy. However, the report lacks concrete information on the board's direct responsibilities and actions pertaining to climate issues.","KEMET's management conducts climate-related scenario analysis to design future business strategy and assesses qualitative climate-related scenario analysis within the next two years. Risk monitoring is integrated at multiple levels, including departmental, facility-based, and management reviews. The Leadership Team and senior management review risk management activities annually to strategize, prioritize, and develop action plans for risk mitigation. Business continuity planning measures our ability to conduct day-to-day operations and is key to addressing risk identification and risk mitigation.","The report mentions climate-related scenario analysis, risk monitoring, and business continuity planning, but does not provide clear identification of specific climate-related risks and opportunities over the short, medium, and long term. The report lacks concrete data and specific targets, making it difficult to assess the company's commitment to sustainability.","The report mentions that the company is conducting climate-related scenario analysis to design its future business strategy. The company also has business continuity plans in place to address risk identification and mitigation, including those related to natural disasters and pandemics. However, the report lacks concrete data on the impact of climate-related risks and opportunities on the company's financial performance and planning.","The report mentions YAGEO Group's plan to assess qualitative climate-related scenario analysis within the next two years. However, there is no concrete information on KEMET's strategy resilience to different climate-related scenarios, including a 2°C target or lower scenario. The report only mentions the company's business continuity planning, which includes emergency plans for force majeure, epidemics/pandemics, and guidelines for the protection of people, facilities, and the environment.","KEMET Corporation integrates risk monitoring at multiple levels, including departmental, facility-based, and management reviews. The compliance department and Sustainability Council members coordinate review of emerging and identified risk concerns, such as COVID-19 restrictions, energy shortages, and supply chain restrictions. KEMET also utilizes publicly available websites and third-party information to evaluate the probability of force majeure events occurring in the region, potential risk to the facilities, and the likelihood of impact to the facilities.","KEMET Corporation integrates risk monitoring at multiple levels, including departmental, facility-based, and management reviews. The Leadership Team and senior management review risk management activities annually to strategize, prioritize, and develop action plans for risk mitigation. Additionally, they utilize the compliance department and Sustainability Council members to coordinate review of emerging and identified risk concerns. KEMET also prepared responses to numerous external third-party and customer-driven business continuity and risk management assessments.","KEMET integrates risk monitoring at multiple levels, including departmental, facility-based, and management reviews. The Leadership Team and senior management review risk management activities annually to strategize, prioritize, and develop action plans for risk mitigation. Additionally, the compliance department and Sustainability Council members coordinate review of emerging and identified risk concerns. However, the report lacks specific details on how climate-related risks are integrated into the overall risk management.","KEMET Corporation utilizes the SASB Standard specific to its primary industry to assess climate-related risks and opportunities. The company plans to assess qualitative climate-related scenario analysis within the next two years to develop its climate goals and strategy. However, the report lacks specific metrics that the organization uses to assess climate-related risks and opportunities and how they help ensure performance is in line with its strategy and risk management process.","Yes, KEMET Corporation discloses its Scope 1 and Scope 2 GHG emissions in metric tons CO2e. However, there is no information on Scope 3 emissions. The related risks are not specified in the report.","The report mentions that YAGEO Group plans to have a clearly outlined roadmap by 2024 and to assess qualitative climate-related scenario analysis within the next two years. However, there is no mention of specific targets used to understand/quantify/benchmark climate-related risks and opportunities, nor is there any information on how the organization is performing against these targets."
SOURCES,"[54, 55, 56]","[58, 75, 73, 76, 55, 74, 187, 185, 77, 71, 79, 62, 64, 72, 43]","[58, 76, 75, 74, 79, 69, 63, 77, 185, 64, 5, 71, 90, 31, 187, 73, 104, 78, 127]","[58, 74, 69, 79, 76, 73, 5, 63, 64, 90, 54, 78, 55, 75, 30, 71, 3, 185]","[58, 74, 69]","[75, 78, 76, 63, 55]","[75, 76, 73, 74, 62, 63, 77]","[73, 74, 75, 76]",[58],"[88, 179, 30, 178, 8, 177]",[58]
PAGE,[6],"[32, 3, 6, 7, 8]","[32, 1, 2, 6, 7, 8, 10, 14, 18]","[32, 1, 2, 6, 7, 8, 10]","[8, 6]","[8, 6, 7]","[8, 7]",[8],[6],"[1, 10, 2, 30]",[6]
ANALYSIS,"The disclosure provided by the company does not adequately address the TCFD recommendation point of how the board oversees climate-related risks and opportunities. While the report mentions the existence of a Sustainability Council and CSR Committee, it does not provide sufficient details on the processes and frequency by which the board and/or board committees are informed about climate-related issues. Additionally, there is no discussion of whether the board and/or board committees consider climate-related issues when reviewing and guiding strategy, major plans of action, risk management policies, annual budgets, and business plans. The report does mention how the board monitors and oversees progress against goals and targets for addressing climate-related issues, but this is not enough to meet the TCFD guidelines.","The disclosure provides some information on management's role in assessing and managing climate-related risks and opportunities. It mentions that YAGEO Group plans to assess qualitative climate-related scenario analysis within the next two years and that KEMET's Leadership Team and senior management review risk management activities annually. However, the disclosure lacks specific details on the organizational structure, processes by which management is informed about climate-related issues, and how management monitors climate-related issues. Additionally, the disclosure does not mention whether the management positions or committees report to the board or a committee of the board. Overall, the disclosure partially meets the TCFD guidelines for high-quality disclosure pertaining to the TCFD recommendation point.","The sustainability report provides limited information on the most relevant climate-related risks and opportunities that the organization has identified over the short, medium, and long term. While the report mentions risk monitoring and business continuity planning, it does not provide a clear description of the specific climate-related issues potentially arising in each time horizon that could have a material financial impact on the organization. The report also lacks a description of the process used to determine which risks and opportunities could have a material financial impact on the organization. Overall, the disclosure is insufficient in meeting the TCFD guidelines for high-quality disclosure pertaining to the TCFD recommendation point.","The disclosure provided by the company is insufficient to meet the requirements for high-quality disclosure pertaining to the critical element of how climate-related risks and opportunities impact the organization's business strategy, economic and financial performance, and financial planning. The company has not provided any specific details on how climate-related issues have affected their businesses, strategy, and financial planning. The disclosure lacks information on the impact of climate-related issues on their financial performance and financial position. The company has not described how climate-related issues serve as an input to their financial planning process, the time period used, and how these risks and opportunities are prioritized. The disclosure also lacks information on the company's plans for transitioning to a low-carbon economy, which could include GHG emissions targets and specific activities intended to reduce GHG emissions in their operations and value chain or to otherwise support the transition.","The sustainability report provides limited information on the resilience of the organization's strategy to climate-related risks and opportunities. The report mentions that YAGEO Group plans to assess qualitative climate-related scenario analysis within the next two years, but it does not provide any details on how the organization's strategies might change to address potential risks and opportunities. The report also lacks information on the potential impact of climate-related issues on financial performance and the climate-related scenarios considered. However, the report does mention the organization's business continuity planning, which includes emergency plans for force majeure, epidemics/pandemics, and guidelines for the protection of people, facilities, and the environment. Overall, the report provides limited information on the resilience of the organization's strategy to climate-related risks and opportunities.","The disclosure provides some information on the organization's processes for identifying and assessing climate-related risks. The report mentions that risk monitoring is integrated at multiple levels, including departmental, facility-based, and management reviews. The report also mentions that the organization utilizes the compliance department and Sustainability Council members to coordinate review of emerging and identified risk concerns. However, the report lacks specific details on how the organization determines the relative significance of climate-related risks in relation to other risks. The report also does not disclose whether the organization considers existing and emerging regulatory requirements related to climate change. Additionally, the report does not disclose the processes for assessing the potential size and scope of identified climate-related risks and definitions of risk terminology used or references to existing risk classification frameworks used.","The disclosure provides some information on how the organization manages climate-related risks. It mentions that risk monitoring is integrated at multiple levels, including departmental, facility-based, and management reviews. The Leadership Team and senior management review risk management activities annually to strategize, prioritize, and develop action plans for risk mitigation. However, the disclosure lacks details on how the organization makes decisions to mitigate, transfer, accept, or control those risks. It also does not provide information on how materiality determinations are made within the organization. Overall, the disclosure partially meets the requirements for high-quality disclosure pertaining to the critical element of how the organization manages climate-related risks.","The disclosure provides some information on how the processes for identifying, assessing, and managing climate-related risks are integrated into the organization's overall risk management. The report mentions that risk monitoring is integrated at multiple levels, including departmental, facility-based, and management reviews. The Leadership Team and senior management review risk management activities annually to strategize, prioritize, and develop action plans for risk mitigation. Additionally, the company utilizes the compliance department and Sustainability Council members to coordinate review of emerging and identified risk concerns. However, the disclosure lacks specific details on how the company integrates climate-related risks into its overall risk management. The report does not provide any information on how the company identifies and assesses climate-related risks.","The sustainability report provides limited information on the metrics used to assess climate-related risks and opportunities. While the report mentions risk monitoring at multiple levels, it does not provide any specific metrics or methodologies used to measure and manage climate-related risks and opportunities. The report does not include metrics on climate-related risks associated with water, energy, land use, and waste management. There is no mention of whether and how related performance metrics are incorporated into remuneration policies. The report does not provide internal carbon prices or climate-related opportunity metrics. While the report includes some historical metrics, it does not provide forward-looking metrics for the cross-industry. Overall, the report lacks the necessary components for high-quality disclosure pertaining to the critical element.","The disclosure provided by the organization is insufficient to meet the requirements for high-quality disclosure pertaining to the critical element. While the report mentions Scope 1 and 2 GHG emissions, it does not provide any information on Scope 3 emissions. The report does not provide any information on the related risks and how they differ depending on the scope. The report does not provide any information on the methodologies used to calculate or estimate the metrics. The report does not provide any historical data to allow for trend analysis. While the report mentions GHG Protocol methodology, it does not provide any information on generally accepted industry-specific GHG efficiency ratios. Overall, the disclosure is incomplete and lacks the necessary details to meet the requirements for high-quality disclosure.","The sustainability report provides limited information on the targets used by the organization to manage climate-related risks and opportunities and performance against targets. The report mentions that YAGEO Group plans to have a clearly outlined roadmap by 2024 and assess qualitative climate-related scenario analysis within the next two years. However, the report does not provide any specific targets related to GHG emissions, water usage, energy usage, etc. The report also does not provide information on whether the targets are absolute or intensity-based, time frames over which the target applies, base year from which progress is measured, and key performance indicators used to assess progress against targets. The report does not meet most of the TCFD guidelines."
SCORE,30,60,30,20,30,50,60,60,20,30,20
