,"Company name: The Home Depot, Inc.
Company sector: Retail
Company location: Atlanta, GA
Pages: 53","Company name: The Home Depot, Inc.
Company sector: Retail
Company location: Atlanta, GA
Pages: 53","Company name: The Home Depot, Inc.
Company sector: Retail
Company location: Atlanta, GA
Pages: 53","Company name: The Home Depot, Inc.
Company sector: Retail
Company location: Atlanta, GA
Pages: 53","Company name: The Home Depot, Inc.
Company sector: Retail
Company location: Atlanta, GA
Pages: 53","Company name: The Home Depot, Inc.
Company sector: Retail
Company location: Atlanta, GA
Pages: 53","Company name: The Home Depot, Inc.
Company sector: Retail
Company location: Atlanta, GA
Pages: 53","Company name: The Home Depot, Inc.
Company sector: Retail
Company location: Atlanta, GA
Pages: 53","Company name: The Home Depot, Inc.
Company sector: Retail
Company location: Atlanta, GA
Pages: 53","Company name: The Home Depot, Inc.
Company sector: Retail
Company location: Atlanta, GA
Pages: 53","Company name: The Home Depot, Inc.
Company sector: Retail
Company location: Atlanta, GA
Pages: 53"
,tcfd_1,tcfd_2,tcfd_3,tcfd_4,tcfd_5,tcfd_6,tcfd_7,tcfd_8,tcfd_9,tcfd_10,tcfd_11
ANSWER,"The Home Depot's board oversees climate-related risks and opportunities through the Nominating & Corporate Governance Committee, which reviews and makes recommendations to the Board regarding policies concerning corporate and social issues of importance to the company. The Board also receives a report from the Vice President of Environmental Innovation on sustainability issues and initiatives. The Chairman of the Sustainability Council presents the company's sustainability strategy and activity to the Board of Directors on an annual basis.","The Board of Directors of The Home Depot is responsible for reviewing risk management processes for sustainability topics, including climate-related risks and opportunities. The board reviews sustainability impacts, risks, and opportunities annually. The Vice President of Environmental Innovation reports to the Directors on sustainability issues and initiatives. The Sustainability Council, composed of representatives from different areas of the business, focuses on climate change risk, carbon footprint, and other key sustainability aspects. The Chairman of the Sustainability Council presents the sustainability strategy and activity to the Board of Directors annually.","The Home Depot has identified climate change as a risk and opportunity in the short, medium, and long term. However, the report lacks specificity on the identified risks and opportunities. The report also lacks clear association of risks with a horizon. The report contains cheap talks and vague, unverifiable statements.","The Home Depot's sustainability report acknowledges climate-related risks and opportunities, but the report lacks specific details on how these impact the company's business strategy, economic and financial performance, and financial planning. The report contains cheap talks and vague statements that are not grounded in quantifiable data.","The Home Depot's sustainability report does not provide sufficient information to determine the resilience of the organization's strategy when considering different climate-related scenarios, including a 2°C target or lower scenario. However, the report does mention that the company has exceeded its 2015 goals to reduce store energy use and greenhouse gas emissions from its supply chain distribution by over 30%. The report also mentions the company's Eco Options program to help customers sort through 'green' product claims.","The Home Depot does not provide a clear description of the processes used to identify and assess climate-related risks in its sustainability report. However, the report mentions that the Board reviews risk management processes for sustainability topics and the frequency of the board's review of sustainability impacts, risks, and opportunities. The Sustainability Council is composed of representatives from different areas of the business and focuses on climate change risk, carbon footprint, and other key sustainability aspects. The report also mentions that the Vice President of Environmental Innovation reports to the Directors on sustainability issues and initiatives.","The Home Depot manages climate-related risks through its Sustainability Council, which focuses on climate change risk, carbon footprint, and other key sustainability aspects. The council collaborates with stakeholders to set sustainability objectives. The Chairman of the Sustainability Council presents the sustainability strategy and activity to the Board of Directors annually. The company also reports on its greenhouse gas emissions, waste, and environmentally preferable products. However, the report lacks concrete actions and strategies implemented to manage these risks.","The Home Depot's sustainability report does not provide sufficient information on how the processes for identifying, assessing, and managing climate-related risks are integrated into the organization's overall risk management. Although the report mentions the board's role in reviewing risk management processes for sustainability topics and the frequency of the board's review of sustainability impacts, risks, and opportunities, it does not provide any concrete information on how climate-related risks are integrated into the overall risk management process.","The Home Depot's sustainability report does not provide specific metrics used to assess climate-related risks and opportunities. However, the report mentions the board's role in reviewing risk management processes for sustainability topics and the frequency of the board's review of sustainability impacts, risks, and opportunities. The report also highlights the company's commitment to sustainability and its efforts to reduce its environmental impact through various initiatives.","The Home Depot discloses its Scope 1 and Scope 2 GHG emissions, but not its Scope 3 emissions. The company reported 398,049 metric tons of Scope 1 emissions and 1,996,935 metric tons of Scope 2 emissions. The related risks are not specified in the report.","The report does not provide specific targets used by the organization to understand/quantify/benchmark climate-related risks and opportunities. However, the report highlights that the company received a score of 99 out of 100 from the CDP in 2015, indicating a high level of action on climate change mitigation, adaptation, and transparency. No information is provided on the company's current performance against these targets."
SOURCES,"[211, 235]","[238, 243, 237, 211]","[243, 238, 245, 22, 237, 226, 233, 247, 246, 150, 236, 79]","[243, 237, 238, 245, 247, 233, 226, 25, 222, 211, 228, 34]",[169],"[238, 243, 22, 233, 237, 246, 239, 248]","[238, 243, 245, 233, 237, 246, 24, 188, 109, 181, 213, 150, 226, 171, 34, 79]","[238, 243, 233, 237, 245]","[238, 243, 237, 233, 245, 226, 247, 236, 58]","[167, 245]","[169, 226]"
PAGE,"[49, 45]","[50, 45]","[34, 5, 49, 50, 20]","[5, 9, 45, 47, 49, 50]",[38],"[49, 50, 5]","[34, 5, 38, 40, 41, 9, 45, 49, 50, 20, 26]","[49, 50]","[16, 49, 50]","[50, 38]","[49, 38]"
ANALYSIS,"The sustainability report provides some information on the board's oversight of climate-related risks and opportunities. It mentions the frequency of the board's review of sustainability impacts, risks, and opportunities, and the board's role in the identification and management of sustainability impacts, risks, and opportunities. The report also mentions that the board receives a report from the Vice President of Environmental Innovation on sustainability issues and initiatives. However, the report lacks information on the processes and frequency by which the board and/or board committees are informed about climate-related issues, and whether the board and/or board committees consider climate-related issues when reviewing and guiding strategy, major plans of action, risk management policies, annual budgets, and business plans. The report also lacks information on how the board monitors and oversees progress against goals and targets for addressing climate-related issues. Therefore, the report partially meets the requirements, and the score is 60.","The disclosure provided in the sustainability report does not adequately address the TCFD recommendation point of management's role in assessing and managing climate-related risks and opportunities. While the report mentions the board's role in reviewing risk management processes for sustainability topics and the frequency of the board's review of sustainability impacts, risks, and opportunities, it does not provide specific information on whether the organization has assigned climate-related responsibilities to management-level positions or committees, the associated organizational structure, processes by which management is informed about climate-related issues, and how management monitors climate-related issues. The report provides some information on the governance structure of the organization, but it is not sufficient to meet the TCFD guidelines outlined for this TCFD recommendation point.","The sustainability report does not provide sufficient information on the most relevant climate-related risks and opportunities that the organization has identified over the short, medium, and long term. The report does not describe the specific climate-related issues potentially arising in each time horizon that could have a material financial impact on the organization. The report also does not provide a description of the process used to determine which risks and opportunities could have a material financial impact on the organization. The report does not meet any of the requirements for high-quality disclosure pertaining to the critical element. Therefore, the score for this disclosure is 0.","The given disclosure does not provide any information on how climate-related risks and opportunities impact the organization's businesses strategy, economic and financial performance, and financial planning. The report does not discuss how identified climate-related issues have affected their businesses, strategy, and financial planning. The report does not describe the impact of climate-related issues on their financial performance and financial position. The report does not describe how climate-related issues serve as an input to their financial planning process, the time period used, and how these risks and opportunities are prioritized. The report does not describe the impact of climate-related scenarios on the organization's strategy and financial planning. The report does not describe their plans for transitioning to a low-carbon economy, which could include GHG emissions targets and specific activities intended to reduce GHG emissions in their operations and value chain or to otherwise support the transition.","The sustainability report does not provide sufficient information to evaluate the resilience of the organization's strategy to climate-related risks and opportunities. The report does not discuss how the organization's strategy might change to address potential risks and opportunities, the potential impact of climate-related issues on financial performance and position, or the climate-related scenarios and associated time horizon considered. The report only briefly mentions the Sustainability Council's focus on climate change risk and carbon footprint. While the report provides some information on the organization's governance structure and stakeholder engagement, it does not meet the requirements for disclosing the resilience of the organization's strategy to climate-related risks and opportunities.","The sustainability report provides limited information on the processes used by the organization to identify and assess climate-related risks. While the report mentions the Sustainability Council's focus on climate change risk, carbon footprint, and other sustainability aspects, it does not provide any details on the risk management processes used to identify and assess climate-related risks. The report does not describe how the organization determines the relative significance of climate-related risks in relation to other risks, nor does it disclose whether it considers existing and emerging regulatory requirements related to climate change. The report does not provide any information on the processes used to assess the potential size and scope of identified climate-related risks or definitions of risk terminology used or references to existing risk classification frameworks used. As a result, the report's disclosure quality on the processes used to identify and assess climate-related risks is poor.","The disclosure provides some information on how the organization manages climate-related risks. The report mentions the board's role in reviewing risk management processes for sustainability topics and the frequency of the board's review of sustainability impacts, risks, and opportunities. The report also describes the organization's processes for prioritizing climate-related risks and how materiality determinations are made within the organization. However, the disclosure lacks specific details on how the organization makes decisions to mitigate, transfer, accept, or control climate-related risks. The report also does not provide information on the organization's processes for delegating authority for sustainability topics from the board to senior executives and other employees. Overall, the disclosure is insufficiently detailed and does not meet all the requirements for high-quality disclosure on managing climate-related risks.","The disclosure provides some information on how the processes for identifying, assessing, and managing climate-related risks are integrated into the organization's overall risk management. The report mentions the board's role in reviewing risk management processes for sustainability topics, the frequency of the board's review of sustainability impacts, risks, and opportunities, and the delegation of authority for sustainability topics from the board to senior executives and other employees. However, the disclosure lacks specific details on how the processes are integrated into the overall risk management. The report also mentions the Sustainability Council's focus on climate change risk, carbon footprint, and other key sustainability aspects. Overall, the disclosure is insufficiently detailed to fully satisfy the TCFD guidelines.","The given disclosure does not provide sufficient information to evaluate the organization's metrics used to assess climate-related risks and opportunities. The report only mentions a few indicators related to climate change risk and does not provide any details on how these metrics help ensure that the performance is in line with its strategy and risk management process. The report does not provide any information on metrics related to water, energy, land use, and waste management. The report does not provide any information on whether and how related performance metrics are incorporated into remuneration policies. The report does not provide any information on internal carbon prices or climate-related opportunity metrics. The report does not provide any forward-looking metrics for the cross-industry. The report does not provide any description of the methodologies used to calculate or estimate climate-related metrics.","The sustainability report provides some information on greenhouse gas  emissions, but it does not meet the requirements for high-quality disclosure. The report discloses Scope 1 and Scope 2 GHG emissions, but it does not provide Scope 3 GHG emissions and the related risks. The report does not provide GHG emissions for historical periods, nor does it describe the methodologies used to calculate or estimate the metrics. The report does not provide generally accepted industry-specific GHG efficiency ratios. The report does not meet the requirements for high-quality disclosure on the TCFD recommendation point.","The sustainability report does not provide sufficient information on the targets used by the organization to manage climate-related risks and opportunities and performance against targets. The report does not describe any key climate-related targets such as those related to GHG emissions, water usage, energy usage, etc. The report does not provide information on whether the target is absolute or intensity based, time frames over which the target applies, base year from which progress is measured, and key performance indicators used to assess progress against targets. The report does not disclose associated interim targets in aggregate or by business line, where available. The methodologies used to calculate targets and measures are not described. Therefore, the report does not meet the TCFD guidelines for high-quality disclosure pertaining to the TCFD recommendation point."
SCORE,60,20,0,0,20,20,60,50,10,30,0
