,"Company name: JPMorgan Chase & Co.
Company sector: Financial Services
Company location: United States of America
Pages: 78","Company name: JPMorgan Chase & Co.
Company sector: Financial Services
Company location: United States of America
Pages: 78","Company name: JPMorgan Chase & Co.
Company sector: Financial Services
Company location: United States of America
Pages: 78","Company name: JPMorgan Chase & Co.
Company sector: Financial Services
Company location: United States of America
Pages: 78","Company name: JPMorgan Chase & Co.
Company sector: Financial Services
Company location: United States of America
Pages: 78","Company name: JPMorgan Chase & Co.
Company sector: Financial Services
Company location: United States of America
Pages: 78","Company name: JPMorgan Chase & Co.
Company sector: Financial Services
Company location: United States of America
Pages: 78","Company name: JPMorgan Chase & Co.
Company sector: Financial Services
Company location: United States of America
Pages: 78","Company name: JPMorgan Chase & Co.
Company sector: Financial Services
Company location: United States of America
Pages: 78","Company name: JPMorgan Chase & Co.
Company sector: Financial Services
Company location: United States of America
Pages: 78","Company name: JPMorgan Chase & Co.
Company sector: Financial Services
Company location: United States of America
Pages: 78"
,tcfd_1,tcfd_2,tcfd_3,tcfd_4,tcfd_5,tcfd_6,tcfd_7,tcfd_8,tcfd_9,tcfd_10,tcfd_11
ANSWER,"The board oversees climate-related risks and opportunities through the Risk Committee, which assists in the oversight of management's responsibility to implement a global risk management framework reasonably designed to identify, assess and manage the Firm's risks, including ESG risks. The board also receives education on the Firm's climate risk management framework and participates in full board discussions regarding the Firm's approach to climate change. However, the report lacks concrete information on the board's direct actions and responsibilities regarding climate issues.","JPMorgan Chase recognizes the serious environmental and social challenges that could create risks for society and businesses. The firm has developed an internal risk classification system that evaluates how their businesses and the activities of their clients and customers could be impacted through transition or physical risks driven by climate change. The firm has a dedicated Climate Risk team that establishes their internal approach to managing climate risk, including developing relevant policies and standards as well as building their approach to climate risk data. The Climate Risk team collaborates with stakeholders across the firm to integrate climate considerations into line-of-business risk management frameworks. The firm plans to disclose additional detail on their efforts to integrate climate risk into their firm-wide risk management framework in a standalone climate report which they plan to publish later this year.","JPMorgan Chase & Co. has identified physical and transition risks as the most relevant climate-related risks. The impacts of these risks are assessed against strategic, market, operational, and credit and investment risk. The company plans to disclose additional detail on its efforts to integrate climate risk into its Firmwide risk management framework in a standalone climate report later this year .","JPMorgan Chase & Co. acknowledges the potential impacts of climate-related risks on its clients, customers, and firm across strategic, market, operational, and credit and investment risk. The firm has a dedicated Climate Risk team and plans to publish a standalone climate report later this year. However, the report lacks concrete data and specific actions to address climate risks, and some statements may be considered cheap talks.","JPMorgan Chase & Co. has developed an internal risk classification system that projects how various climate-risk drivers can translate into potential impacts for the company. The company has a dedicated Climate Risk team that collaborates with stakeholders across the firm to integrate climate considerations into line-of-business risk management frameworks. However, the report lacks concrete data on the resilience of the company's strategy in different climate-related scenarios.","JPMorgan Chase & Co. has developed an internal risk classification system that projects how various climate-risk drivers can translate into potential impacts for clients, customers, and the firm. The firm has a dedicated Climate Risk team that collaborates with stakeholders across the firm to integrate climate considerations into line-of-business risk management frameworks. The company plans to disclose additional detail on its efforts to integrate climate risk into its Firmwide risk management framework in a standalone climate report later this year.","JPMorgan Chase & Co. has developed an internal risk classification system that projects how climate-risk drivers can translate into potential impacts for clients, customers, and the firm. The firm has a dedicated Climate Risk team that establishes policies and standards and collaborates with stakeholders to integrate climate considerations into line-of-business risk management frameworks. They plan to disclose additional detail on their efforts to integrate climate risk into their Firmwide risk management framework in a standalone climate report later this year.",JPMorgan Chase & Co. has developed an internal risk classification system that integrates climate considerations into line-of-business risk management frameworks. The firm plans to disclose additional detail on its efforts to integrate climate risk into its Firmwide risk management framework in a standalone climate report which is planned to be published later this year. The Climate Risk team collaborates with stakeholders across the firm to assess how climate risk could materialize across the four major risk types the firm manages.,"JPMorgan Chase & Co. has developed an internal risk classification system that projects how various climate-risk drivers can translate into potential impacts for clients, customers, and the firm. The firm has a dedicated Climate Risk team that collaborates with stakeholders across the firm to integrate climate considerations into line-of-business risk management frameworks. The firm plans to disclose additional detail on its efforts to integrate climate risk into its firm-wide risk management framework in a standalone climate report which it plans to publish later this year.","JPMorgan Chase & Co. discloses its Scope 1, Scope 2, and Scope 3 greenhouse gas emissions. In 2020, the company committed to achieving carbon neutrality across its operations annually. The majority of its business travel-related emissions are Scope 3 emissions. The related risks are not specified in the report.""",JPMorgan Chase & Co. has not disclosed any specific targets to understand/quantify/benchmark climate-related risks and opportunities in their sustainability report. They have a dedicated Climate Risk team that collaborates with stakeholders across the Firm to integrate climate considerations into line-of-business risk management frameworks. They plan to disclose additional detail on their efforts to integrate climate risk into their Firmwide risk management framework in a standalone climate report which they plan to publish later this year.
SOURCES,"[449, 450, 460, 462, 497]","[495, 498, 500, 499]","[497, 499, 498, 469]","[498, 499, 500]","[498, 499, 500]","[497, 498, 499, 500, 501]","[498, 499, 500]","[498, 501, 500, 499]","[498, 499, 500]","[1, 2, 3, 2020, 3, 141, 142, 146, 305, 1, 305, 2, 305, 3]","[498, 499, 501]"
PAGE,"[51, 52, 55]",[55],"[52, 55]",[55],[55],[55],[55],[55],[55],"[1, 2, 18, 36]",[55]
ANALYSIS,"The disclosure provides some information on the board's oversight of climate-related risks and opportunities. It mentions the existence of a dedicated Climate Risk team and the development of relevant policies and standards. The board's oversight of ESG matters is also discussed, including the consideration of climate-related issues when reviewing and guiding strategy, risk management policies, and business plans. However, the disclosure lacks specific details on the processes and frequency by which the board and/or board committees are informed about climate-related issues. Additionally, there is no information on how the board monitors and oversees progress against goals and targets for addressing climate-related issues. Overall, the disclosure partially meets the requirements for high-quality disclosure pertaining to the board's oversight of climate-related risks and opportunities.","The disclosure provides some information on management's role in assessing and managing climate-related risks and opportunities. It mentions the existence of a dedicated Climate Risk team and an internal risk classification system. However, it lacks specific details on the organizational structure, processes by which management is informed about climate-related issues, and how management monitors climate-related issues. The disclosure also refers to a standalone climate report that will provide additional detail on the efforts to integrate climate risk into the Firmwide risk management framework. Overall, the disclosure partially meets the TCFD guidelines for high-quality disclosure pertaining to the TCFD recommendation point.","The sustainability report provides some information on the climate-related risks and opportunities that the organization has identified over the short, medium, and long term. The report mentions the specific climate-related issues potentially arising in each time horizon that could have a material financial impact on the organization. However, the report lacks a clear description of the relevant short-, medium-, and long-term time horizons, and the process used to determine which risks and opportunities could have a material financial impact on the organization. The report also does not provide a description of risks and opportunities by sector and/or geography. Overall, the disclosure is insufficient to meet the TCFD guidelines for high-quality disclosure pertaining to the TCFD recommendation point.","The sustainability report provides some information on how climate-related risks and opportunities impact the organization's businesses strategy, economic and financial performance, and financial planning. The report discusses how climate risk could materialize across the four major risk types the organization manages and how it evaluates the impact of climate change on its businesses, clients, and customers. The report also mentions the development of an internal risk classification system and a dedicated Climate Risk team. However, the report lacks specific details on the impact of climate-related issues on the organization's financial performance and financial position. Additionally, the report does not describe how climate-related issues serve as an input to the organization's financial planning process, the time period used, and how these risks and opportunities are prioritized. Overall, the report provides some information but lacks specific details to meet all the TCFD guidelines.","The sustainability report provides some information on the organization's approach to climate-related risks and opportunities, including physical and transition risks. The report mentions the development of an internal risk classification system that projects how various climate-risk drivers can translate into potential impacts for clients, customers, and the firm. The report also mentions the establishment of a dedicated Climate Risk team responsible for managing climate risk and integrating climate considerations into line-of-business risk management frameworks. However, the report lacks specific details on how the organization's strategy might change to address potential risks and opportunities, the potential impact of climate-related issues on financial performance and financial position, and the climate-related scenarios and associated time horizon considered. The report also mentions plans to disclose additional detail on efforts to integrate climate risk into the firm's risk management framework in a standalone climate report later this year.","The sustainability report provides some information on the organization's processes for identifying and assessing climate-related risks. The report mentions that the organization has developed an internal risk classification system and a dedicated Climate Risk team that collaborates with stakeholders across the Firm. However, the report lacks specific details on how the organization determines the relative significance of climate-related risks in relation to other risks and whether they consider existing and emerging regulatory requirements related to climate change. The report also does not disclose the processes for assessing the potential size and scope of identified climate-related risks and definitions of risk terminology used or references to existing risk classification frameworks used. Overall, the disclosure is insufficient to meet the TCFD guidelines.","The disclosure provides a comprehensive overview of the organization's approach to managing climate-related risks. The report describes the organization's processes for managing climate-related risks, including how they make decisions to mitigate, transfer, accept, or control those risks. The report also describes the organization's processes for prioritizing climate-related risks, including how materiality determinations are made within their organizations. The report mentions the development of an internal risk classification system that considers the horizon, business sector, and geography to better understand how these risks may emerge within the firm. However, the report lacks specific details on how the organization prioritizes climate-related risks and how materiality determinations are made within their organizations.","The disclosure provides some information on how the organization integrates climate-related risks into its overall risk management. The report mentions that the organization has developed an internal risk classification system and a dedicated Climate Risk team that collaborates with stakeholders across the Firm. However, the report lacks specific details on how the organization identifies, assesses, and manages climate-related risks. The report also mentions that the organization plans to disclose additional detail on its efforts to integrate climate risk into its Firmwide risk management framework in a standalone climate report later this year. Overall, the disclosure provides some information on the integration of climate-related risks into the organization's overall risk management, but lacks specific details and does not fully meet the TCFD guidelines.","The sustainability report provides some information on the metrics used to assess climate-related risks and opportunities. The report mentions that the organization has developed an internal risk classification system and a climate risk team to manage climate risk. However, the report lacks specific details on the metrics used to measure and manage climate-related risks and opportunities. The report does not provide metrics on climate-related risks associated with water, energy, land use, and waste management. The report also does not mention whether and how related performance metrics are incorporated into remuneration policies. While the report mentions that the organization plans to publish a standalone climate report later this year, it does not provide forward-looking metrics for the cross-industry or a description of the methodologies used to calculate or estimate climate-related metrics.","The sustainability report provides disclosure on Scope 1, Scope 2, and Scope 3 GHG emissions, and the related risks. The report also includes GHG emissions intensity and historical data for trend analysis. However, the report does not provide a description of the methodologies used to calculate or estimate the metrics. The report also lacks information on generally accepted industry-specific GHG efficiency ratios. Overall, the report meets most of the requirements for high-quality disclosure pertaining to the critical element, but there is room for improvement in terms of providing more detailed information on the methodologies used to calculate the metrics and industry-specific GHG efficiency ratios.","The sustainability report provides limited information on the targets used by the organization to manage climate-related risks and opportunities and performance against targets. While the report mentions the development of internal risk classification systems and assessment frameworks, it does not provide specific details on the key climate-related targets, whether they are absolute or intensity-based, time frames, base year, or key performance indicators used to assess progress against targets. The report also lacks information on the methodologies used to calculate targets and measures. While the report mentions plans to publish a standalone climate report later this year, the current disclosure is insufficient to meet the TCFD guidelines."
SCORE,70,60,50,60,70,50,85,60,50,80,20
