,"Company name: California Resources Corporation
Company sector: Oil and Gas Industry
Company location: United States
Pages: 80","Company name: California Resources Corporation
Company sector: Oil and Gas Industry
Company location: United States
Pages: 80","Company name: California Resources Corporation
Company sector: Oil and Gas Industry
Company location: United States
Pages: 80","Company name: California Resources Corporation
Company sector: Oil and Gas Industry
Company location: United States
Pages: 80","Company name: California Resources Corporation
Company sector: Oil and Gas Industry
Company location: United States
Pages: 80","Company name: California Resources Corporation
Company sector: Oil and Gas Industry
Company location: United States
Pages: 80","Company name: California Resources Corporation
Company sector: Oil and Gas Industry
Company location: United States
Pages: 80","Company name: California Resources Corporation
Company sector: Oil and Gas Industry
Company location: United States
Pages: 80","Company name: California Resources Corporation
Company sector: Oil and Gas Industry
Company location: United States
Pages: 80","Company name: California Resources Corporation
Company sector: Oil and Gas Industry
Company location: United States
Pages: 80","Company name: California Resources Corporation
Company sector: Oil and Gas Industry
Company location: United States
Pages: 80"
,tcfd_1,tcfd_2,tcfd_3,tcfd_4,tcfd_5,tcfd_6,tcfd_7,tcfd_8,tcfd_9,tcfd_10,tcfd_11
ANSWER,"CRC's Board of Directors has broad oversight responsibility for the company's risk management programs related to climate change. The Sustainability Committee manages specific environmental, social, and governance risks and opportunities, including climate-related risks. Climate initiatives in relation to CRC's ESG goals are reviewed with management on a quarterly basis by the Sustainability Committee.","The executive team presents climate-related risks and opportunities during reviews. The Board of Directors has broad oversight responsibility for risk management programs related to climate change. The Sustainability Committee is responsible for managing specific environmental, social, and governance risks and opportunities, including climate-related risks. The Chief Sustainability Officer, Vice President of HSE and Sustainability, Senior Director of Sustainability, and a multi-disciplinary Sustainability Team from Operations and Engineering, Corporate Development, HSE, and Production Technology manage climate-related opportunities. The company aligns with the TCFD framework to detail the company’s Board and managerial oversight of climate-related risks and opportunities.","CRC recognizes the effects of climate change and the need to address the global impact. The company identifies transition risks associated with climate change, including policy, legal, market, technology, financial, and reputational risks. Risks are evaluated covering the short term , medium term  and long-term . The company invests in pilot stages of both front-of-the-meter  and behind-the-meter  solar projects. However, the report lacks concrete data on the identified risks and opportunities.","CRC recognizes the effects of climate change and the need to address the global impact. The company has a vital role to continually seek new opportunities and actively contribute to mitigating the impacts of a changing climate. The Board of Directors has broad oversight responsibility for CRC's risk management programs related to climate change. The company aligns with the TCFD framework to detail the company's Board and managerial oversight of climate-related risks and opportunities. CRC regularly assesses transitional risks through its risk management system. The company invests in pilot stages of both front-of-the-meter and behind-the-meter solar projects. CRC monitors greenhouse gas emissions, methane emissions, freshwater usage, employee and management diversity, and community spend, as well as a variety of additional material ESG metrics in order to assess climate-related risks and opportunities in line with its strategy and risk management processes.","The report acknowledges the effects of climate change and the need to address the global impact. However, the report lacks specific details on how the company's strategy is resilient to different climate-related scenarios, including a 2°C target or lower scenario. The report mentions that climate-related risks are regularly assessed through CRC's risk management system, but it does not provide any concrete data or metrics to support the claim. The report also mentions that physical risks resulting from climate change are evaluated, but it does not provide any specific details on how the company's strategy is resilient to these risks.","The company identifies and assesses climate-related risks through quarterly reviews by the executive team, with the Sustainability Committee responsible for managing specific environmental, social, and governance risks, including climate-related risks. Risks are evaluated covering the short term , medium term , and long-term  using CRC's Risk Matrix, and periodically reassessed. The company aligns with the TCFD framework and other guidelines to detail the company's Board and managerial oversight of climate-related risks and opportunities.","CRC's Board of Directors has broad oversight responsibility for climate-related risk management programs. The Sustainability Committee manages specific environmental, social, and governance risks and opportunities, including climate-related risks. Climate initiatives in relation to CRC’s ESG goals are reviewed with management on a quarterly basis by the Sustainability Committee. The executive team presents climate-related risks and opportunities during these reviews. CRC aligns with the TCFD framework to detail the company’s Board and managerial oversight of climate-related risks and opportunities.","CRC's Board of Directors has broad oversight responsibility for the risk management programs related to climate change. The Sustainability Committee is responsible for managing specific environmental, social, and governance risks and opportunities, including climate-related risks. Climate initiatives in relation to CRC’s ESG goals are reviewed with management on a quarterly basis by the Sustainability Committee.","California Resources Corporation uses the Task Force on Climate-related Financial Disclosures’  framework to assess climate-related risks and opportunities. The metrics and targets are utilized to mitigate risk, integrate in life-of-field planning, and evaluate corporate performance. The Sustainability Committee is responsible for managing specific environmental, social, and governance risks and opportunities, including climate-related risks.","Yes, California Resources Corporation discloses its Scope 1 and Scope 2 GHG emissions. The company reported 2,780,000 metric tons CO2e for Scope 1 emissions and 192,000 metric tons CO2e for Scope 2 emissions. However, there is no information on Scope 3 emissions. The related risks are not specified in the report.",CRC uses the TCFD framework to understand/quantify/benchmark climate-related risks and opportunities. The report does not provide any specific targets or metrics to evaluate the company's performance against these risks and opportunities.
SOURCES,"[287, 53]","[288, 306, 307, 356, 287, 235, 269, 290, 293, 294, 295, 296, 262, 97, 246]","[288, 287, 293, 290, 266, 307, 356, 235, 289, 10, 262, 294, 269, 201]","[288, 287, 290, 293, 294, 296, 300, 356]","[288, 290, 287, 356, 293, 307, 306, 235, 294, 1, 292, 10, 296, 43, 300, 379, 44, 266, 201]","[266, 287, 290, 306]","[287, 288, 290, 293, 294, 296, 306, 307]",[287],"[288, 306, 235, 287, 307, 356, 269, 2, 290, 253, 293, 289]","[311, 335, 334, 68, 351, 306, 300, 315, 363, 287, 379, 353, 314, 19, 43, 14]","[306, 288, 287, 307, 235, 53, 54, 300, 296, 14]"
PAGE,"[9, 52]","[68, 42, 46, 15, 49, 52, 53, 56]","[68, 4, 36, 42, 49, 52, 53, 56]","[52, 53, 68]","[1, 68, 4, 36, 8, 42, 74, 49, 52, 53, 56]","[56, 49, 52]","[56, 52, 53]",[52],"[1, 68, 42, 47, 49, 52, 53, 56]","[64, 67, 4, 5, 70, 8, 74, 12, 52, 53, 56, 57, 58]","[4, 9, 42, 10, 52, 53, 56]"
ANALYSIS,"The sustainability report provides some information on the board's oversight of climate-related risks and opportunities. The report mentions that the Board of Directors has broad oversight responsibility for risk management programs related to climate change, and the Sustainability Committee is responsible for managing specific environmental, social, and governance risks and opportunities, including climate-related risks. The report also mentions that climate initiatives in relation to CRC's ESG goals are reviewed with management on a quarterly basis by the Sustainability Committee. However, the report lacks specific details on the processes and frequency by which the board and/or board committees are informed about climate-related issues, and whether the board and/or board committees consider climate-related issues when reviewing and guiding strategy, major plans of action, risk management policies, annual budgets, and business plans as well as setting the organization's performance objectives, monitoring implementation and performance, and overseeing major capital expenditures, acquisitions, and divestitures. The report also lacks specific details on how the board monitors and oversees progress against goals and targets for addressing climate-related issues. Therefore, the report partially meets the requirements for high-quality disclosure pertaining to the board's oversight of climate-related risks and opportunities.","The sustainability report provides some information on management's role in assessing and managing climate-related risks and opportunities. It mentions that the Board of Directors has broad oversight responsibility for risk management programs related to climate change, and the Sustainability Committee is responsible for managing specific environmental, social, and governance risks and opportunities, including climate-related risks. However, the report lacks specific details on the organizational structure, processes by which management is informed about climate-related issues, and how management monitors climate-related issues. Therefore, the report partially meets the requirements for high-quality disclosure pertaining to the critical element of management's role in assessing and managing climate-related risks and opportunities.","The sustainability report provides some information on climate-related risks and opportunities, but it lacks specificity and detail. The report does not provide a clear description of the relevant short-, medium-, and long-term time horizons, nor does it identify specific climate-related issues that could have a material financial impact on the organization. The report does mention the process used to determine which risks and opportunities could have a material financial impact on the organization, but it does not provide a detailed description of this process. The report could benefit from providing a description of risks and opportunities by sector and/or geography. Overall, the report lacks the necessary components for high-quality disclosure pertaining to the critical element.","The sustainability report provides some information on climate-related risks and opportunities, but it lacks specific details on how these risks and opportunities impact the organization's businesses strategy, economic and financial performance, and financial planning. The report mentions that the executive team presents climate-related risks and opportunities, and the Board of Directors has broad oversight responsibility for risk management programs related to climate change. However, the report does not provide a holistic picture of the interdependencies among the factors that affect the organization's ability to create value over time. The report also lacks information on how climate-related issues serve as an input to the financial planning process, the time period used, and how these risks and opportunities are prioritized. Overall, the report provides insufficient details to rate the disclosure quality on this critical element.","The sustainability report provides some information on the organization's strategy's resilience to climate-related risks and opportunities. The report mentions the need to address the global impact of climate change and the potential impact of climate-related issues on financial performance. However, the report lacks specific details on how the organization's strategy might change to address potential risks and opportunities, the potential impact of climate-related issues on financial position, and the climate-related scenarios and associated time horizon considered. The report mentions the TCFD framework, but it does not provide a clear description of how the organization's strategy aligns with the framework. Overall, the report provides some information on the organization's strategy's resilience to climate-related risks and opportunities, but it lacks specific details and does not fully meet the TCFD guidelines.","The sustainability report provides some information on the organization's processes for identifying and assessing climate-related risks. The report mentions that the Board of Directors has broad oversight responsibility for risk management programs related to climate change, and the Sustainability Committee is responsible for managing specific environmental, social, and governance risks, including climate-related risks. The report also mentions that risks are prioritized for mitigation using CRC's Risk Matrix and periodically reassessed. However, the report lacks specific details on how the organization determines the relative significance of climate-related risks in relation to other risks, and whether they consider existing and emerging regulatory requirements related to climate change. The report also does not disclose the processes for assessing the potential size and scope of identified climate-related risks and definitions of risk terminology used or references to existing risk classification frameworks used.","The sustainability report provides a detailed description of the organization's processes for managing climate-related risks. The report describes the roles and responsibilities of the Board of Directors and the Sustainability Committee in managing climate-related risks. The report also highlights the company's alignment with the TCFD framework and other relevant frameworks and standards. However, the report lacks specific details on how the organization prioritizes climate-related risks and how materiality determinations are made within the organization. Overall, the report provides a good level of disclosure on the organization's processes for managing climate-related risks, but there is room for improvement in terms of providing more specific details on materiality determinations.","The sustainability report provides some information on how climate-related risks are integrated into the organization's overall risk management. The report mentions that the Board of Directors has broad oversight responsibility for risk management programs related to climate change, and the Sustainability Committee is responsible for managing specific environmental, social, and governance risks, including climate-related risks. The report also states that climate-related risks are evaluated covering the short term, medium term, and long-term. However, the report lacks specific details on how the processes for identifying, assessing, and managing climate-related risks are integrated into the organization's overall risk management. The report could have provided more information on the risk management framework and how climate-related risks are prioritized and managed.","The sustainability report provides limited information on the metrics used to assess climate-related risks and opportunities. While the report mentions the use of metrics, it does not provide specific details on the metrics used or how they help ensure performance is in line with the organization's strategy and risk management process. The report does not provide metrics on climate-related risks associated with water, energy, land use, and waste management. The report does not describe whether and how related performance metrics are incorporated into remuneration policies. The report does not provide internal carbon prices or climate-related opportunity metrics. The report does not provide forward-looking metrics for the cross-industry. Overall, the report lacks the necessary components for high-quality disclosure pertaining to the critical element.","The sustainability report provides some information on Scope 1 and Scope 2 GHG emissions, but it does not disclose Scope 3 GHG emissions and related risks. The report does not provide a description of the methodologies used to calculate or estimate the metrics. The report does not provide GHG efficiency ratios. The report does not provide historical data for trend analysis. The report does not disclose the risks associated with GHG emissions. The report does not disclose GHG emissions independent of a materiality assessment. The report does not provide generally accepted industry-specific GHG efficiency ratios. The report does not calculate GHG emissions in line with the GHG Protocol methodology. The report does not meet most of the TCFD guidelines.","The sustainability report provides some information on the targets used by the organization to manage climate-related risks and opportunities and performance against targets. The report mentions that CRC has adopted a 2045 Full-Scope Net-Zero goal for Scope 1, 2 and 3 emissions and has committed to reducing methane emissions by 30% from its 2020 baseline by 2030. However, the report lacks specific details on the targets such as whether they are absolute or intensity-based, time frames over which the targets apply, base year from which progress is measured, and key performance indicators used to assess progress against targets. The report also does not provide a description of the methodologies used to calculate targets and measures. Therefore, the report partially meets the TCFD guidelines and scores 60 out of 100."
SCORE,60,60,30,20,50,60,80,70,20,20,60
