,"Company name: CHK
Company sector: Oil and Gas
Company location: Oklahoma City, OK
Pages: 16","Company name: CHK
Company sector: Oil and Gas
Company location: Oklahoma City, OK
Pages: 16","Company name: CHK
Company sector: Oil and Gas
Company location: Oklahoma City, OK
Pages: 16","Company name: CHK
Company sector: Oil and Gas
Company location: Oklahoma City, OK
Pages: 16","Company name: CHK
Company sector: Oil and Gas
Company location: Oklahoma City, OK
Pages: 16","Company name: CHK
Company sector: Oil and Gas
Company location: Oklahoma City, OK
Pages: 16","Company name: CHK
Company sector: Oil and Gas
Company location: Oklahoma City, OK
Pages: 16","Company name: CHK
Company sector: Oil and Gas
Company location: Oklahoma City, OK
Pages: 16","Company name: CHK
Company sector: Oil and Gas
Company location: Oklahoma City, OK
Pages: 16","Company name: CHK
Company sector: Oil and Gas
Company location: Oklahoma City, OK
Pages: 16","Company name: CHK
Company sector: Oil and Gas
Company location: Oklahoma City, OK
Pages: 16"
,tcfd_1,tcfd_2,tcfd_3,tcfd_4,tcfd_5,tcfd_6,tcfd_7,tcfd_8,tcfd_9,tcfd_10,tcfd_11
ANSWER,"The sustainability report does not provide specific information on how the company's board oversees climate-related risks and opportunities. There are only general statements about the company's commitment to environmental stewardship and safety, but no concrete actions or policies are mentioned.","CHK's sustainability report does not provide a clear and specific role of management in assessing and managing climate-related risks and opportunities. The report only mentions the need to identify and adopt technologies that reduce environmental footprint, collaborate with government organizations and stakeholders in science-based regulation, and support scientific research to learn more about air pollution, greenhouse gas emissions, and climate change. However, there is no concrete information on how management is involved in these efforts.","CHK has not clearly identified climate-related risks and opportunities over the short, medium, and long term in its sustainability report. The report only mentions the need to reduce environmental footprint, support scientific research, and collaborate with government organizations. However, the report lacks concrete data and specific actions to address climate change. CHK's commitment to operating responsibly has not changed with the market, but the report lacks evidence of how the company is addressing climate change risks and opportunities.","CHK recognizes the need to balance financial reality with responsibility to employees, neighbors, and the environment. They prioritize EHS performance and have high standards for themselves, but cheap talks about sustainability and responsibility are present. The report lacks concrete data and relies on vague statements, making it difficult to verify the authenticity of their claims.","The report does not provide sufficient information to determine the resilience of CHK's strategy in different climate-related scenarios or physical risks. The report mentions the need to balance financial reality with responsibility, but lacks concrete data or specific actions taken to address these risks. The report also includes cheap talks, such as stating that commitment to operating responsibly has not changed with the market, without providing evidence to support this claim.","CHK's sustainability report does not provide clear information on the processes used to identify and assess climate-related risks. The report only mentions that they support scientific research and collaborate with government organizations for science-based regulation. However, there is no concrete information on the specific processes used to identify and assess climate-related risks.","CHK's sustainability report mentions several initiatives to manage climate-related risks, including identifying and adopting technologies to reduce environmental footprint, collaborating with government organizations and stakeholders in science-based regulation, supporting scientific research, and going above and beyond compliance requirements. However, the report lacks concrete data on the effectiveness of these initiatives and how they mitigate climate-related risks.","The report does not provide specific information on how the processes for identifying, assessing, and managing climate-related risks are integrated into the organization's overall risk management. The report only mentions that EHS management system provides the strategy and accountability to support the company's commitment to environmental excellence and help reach companywide performance metrics .","The sustainability report does not provide specific metrics used to assess climate-related risks and opportunities. The report mentions that the company identifies and evaluates top stakeholder concerns, company priorities, and key responsibility issues for the year. However, it is unclear how these factors are used to ensure performance is in line with the company's strategy and risk management process.","CHK discloses its Scope 1 and Scope 2 GHG emissions, but not Scope 3. The emissions data is available in the report. The report does not provide any specific risks related to GHG emissions.","The report does not provide any specific targets used by CHK to understand/quantify/benchmark climate-related risks and opportunities. The report only highlights the company's commitment to operating responsibly and reducing risk, but it lacks concrete data to support this claim."
SOURCES,"[4, 24, 39]","[67, 54, 34, 32, 51, 17, 16, 0, 20, 13, 75, 33, 29, 64, 19, 39, 52, 53, 25, 5]","[13, 16, 17, 18, 19, 20, 25, 29, 30, 32, 33, 34, 39, 51, 52, 53, 54, 67]","[30, 32, 34, 5]","[34, 17, 19, 32, 67, 16, 13, 29, 33, 30, 10, 52, 51, 74, 25, 53]","[67, 54, 17, 18, 16, 52, 13, 51, 33, 53, 19, 25, 34, 39, 20, 75, 66, 28, 64]","[67, 54, 32, 75, 17, 34, 13, 33, 51, 39, 64, 16, 53, 25, 29, 10, 69, 20, 74]",[51],[17],"[17, 79]","[0, 19, 30]"
PAGE,"[2, 5, 7]","[0, 2, 3, 4, 5, 6, 7, 9, 11, 12]","[3, 4, 5, 6, 7, 9, 11]","[2, 6]","[2, 3, 4, 5, 6, 9, 11, 12]","[3, 4, 5, 6, 7, 9, 11, 12]","[2, 3, 4, 5, 6, 7, 9, 11, 12]",[9],[4],"[4, 13]","[0, 4, 6]"
ANALYSIS,"The given disclosure does not provide any information on how the company's board oversees climate-related risks and opportunities. The report does not meet any of the requirements outlined for this critical element. Instead, the report focuses on the company's financial performance, sustainability, and corporate responsibility. While the report mentions the company's commitment to operating responsibly and reducing risk, it does not provide any specific information on how the board oversees climate-related issues. Therefore, the report does not provide sufficient disclosure on the board's oversight of climate-related risks and opportunities.","The given sustainability report does not provide any information on the role of management in assessing and managing climate-related risks and opportunities. The report does not mention whether the organization has assigned climate-related responsibilities to management-level positions or committees, the associated organizational structure, processes by which management is informed about climate-related issues, or how management monitors climate-related issues. The report only provides information on the company's commitment to environmental excellence, safety, and EHS performance. Therefore, the report does not meet any of the requirements for high-quality disclosure pertaining to the critical element of management's role in assessing and managing climate-related risks and opportunities.","The sustainability report does not provide any information on the most relevant climate-related risks and opportunities that the organization has identified over the short, medium, and long term. The report does not meet any of the requirements outlined for this critical element. Instead, the report focuses on the company's financial performance, EHS management system, and stakeholder engagement. The report does not provide any information on the process used to determine which risks and opportunities could have a material financial impact on the organization. The report does not provide any information on the specific climate-related issues potentially arising in each time horizon  that could have a material financial impact on the organization. The report does not provide any information on the relevant short-, medium-, and long-term time horizons.","The given disclosure does not provide any information on how climate-related risks and opportunities impact the organization's businesses strategy, economic and financial performance, and financial planning. The report does not discuss how identified climate-related issues have affected their businesses, strategy, and financial planning. The report does not reflect a holistic picture of the interdependencies among the factors that affect their ability to create value over time. The report does not describe the impact of climate-related issues on their financial performance and financial position. The report does not describe their plans for transitioning to a low-carbon economy. Therefore, the report does not meet any of the requirements for high-quality disclosure pertaining to the critical element.","The given sustainability report does not provide any information on how resilient the organization's strategy is when considering different climate-related scenarios, including a 2°C target or lower scenario. The report does not discuss how the organization's strategies might change to address potential risks and opportunities. There is no information on the potential impact of climate-related issues on financial performance and financial position. The report does not mention any climate-related scenarios and associated time horizon considered. Therefore, the report does not meet any of the requirements for the critical element of resilience of the organization's strategy when considering different climate-related scenarios, including a 2°C target or lower scenario, and climate physical risks. The score for this report is 0.","The given disclosure does not provide sufficient information to meet the requirements for identifying and assessing climate-related risks. The report does not describe the organization's risk management processes for identifying and assessing climate-related risks, nor does it provide information on how the organization determines the relative significance of climate-related risks in relation to other risks. The report does not disclose whether the organization considers existing and emerging regulatory requirements related to climate change or other relevant factors. Additionally, the report does not provide information on the processes for assessing the potential size and scope of identified climate-related risks or definitions of risk terminology used or references to existing risk classification frameworks used.","The given disclosure does not provide sufficient information to meet the requirements for high-quality disclosure pertaining to the critical element of how the organization manages climate-related risks. The disclosure does not describe the organization's processes for managing climate-related risks, including how they make decisions to mitigate, transfer, accept, or control those risks. Additionally, the disclosure does not describe the organization's processes for prioritizing climate-related risks, including how materiality determinations are made within their organizations. While some information is provided on the organization's EHS management system, incident management, and reducing spills, it is not enough to meet the requirements for high-quality disclosure.","The given disclosure does not provide sufficient information to meet the requirements for high-quality disclosure pertaining to the critical element of how processes for identifying, assessing, and managing climate-related risks are integrated into the organization's overall risk management. The disclosure does not describe the processes for identifying, assessing, and managing climate-related risks, nor does it explain how these processes are integrated into the organization's overall risk management. The disclosure provides information on various topics such as stakeholder engagement, employee training, and environmental stewardship, but these topics do not address the critical element. Therefore, the score for this disclosure is 0.","The given disclosure does not provide any information on the metrics used by the organization to assess climate-related risks and opportunities. The report only provides information on the company's financial performance, safety, environmental stewardship, and EHS management system. The report does not provide any information on the incorporation of climate-related performance metrics into remuneration policies or internal carbon prices. The report also does not provide any forward-looking metrics for the cross-industry. The report does not describe the methodologies used to calculate or estimate climate-related metrics. Therefore, the report does not meet any of the requirements for high-quality disclosure pertaining to the critical element.","The sustainability report does not provide sufficient information to meet the requirements for this critical element. The report does not disclose Scope 1, Scope 2, and Scope 3 GHG emissions, nor does it provide related risks. The report does not provide GHG emissions for historical periods, nor does it describe the methodologies used to calculate or estimate the metrics. The report does not provide generally accepted industry-specific GHG efficiency ratios. The report does not calculate GHG emissions in line with the GHG Protocol methodology. The report does not consider disclosing Scope 3 GHG emissions. Overall, the report lacks transparency and detail on the organization's GHG emissions and related risks.","The sustainability report does not provide any information on the targets used by the organization to manage climate-related risks and opportunities and performance against targets. The report only provides a general overview of the company's approach to sustainability and its commitment to environmental excellence. The report does not describe any specific targets related to GHG emissions, water usage, energy usage, or other relevant metrics. The report also does not provide any information on the methodologies used to calculate targets and measures. As a result, the report fails to meet the requirements for high-quality disclosure pertaining to the critical element of targets used to understand/quantify/benchmark climate-related risks and opportunities and performance against these targets."
SCORE,0,0,0,0,0,0,20,0,0,0,0
