,"Company name: Archer Daniels Midland Company
Company sector: Ag Services & Oilseeds, Carbohydrate Solutions, Nutrition
Company location: Chicago, Illinois, USA
Pages: 63","Company name: Archer Daniels Midland Company
Company sector: Ag Services & Oilseeds, Carbohydrate Solutions, Nutrition
Company location: Chicago, Illinois, USA
Pages: 63","Company name: Archer Daniels Midland Company
Company sector: Ag Services & Oilseeds, Carbohydrate Solutions, Nutrition
Company location: Chicago, Illinois, USA
Pages: 63","Company name: Archer Daniels Midland Company
Company sector: Ag Services & Oilseeds, Carbohydrate Solutions, Nutrition
Company location: Chicago, Illinois, USA
Pages: 63","Company name: Archer Daniels Midland Company
Company sector: Ag Services & Oilseeds, Carbohydrate Solutions, Nutrition
Company location: Chicago, Illinois, USA
Pages: 63","Company name: Archer Daniels Midland Company
Company sector: Ag Services & Oilseeds, Carbohydrate Solutions, Nutrition
Company location: Chicago, Illinois, USA
Pages: 63","Company name: Archer Daniels Midland Company
Company sector: Ag Services & Oilseeds, Carbohydrate Solutions, Nutrition
Company location: Chicago, Illinois, USA
Pages: 63","Company name: Archer Daniels Midland Company
Company sector: Ag Services & Oilseeds, Carbohydrate Solutions, Nutrition
Company location: Chicago, Illinois, USA
Pages: 63","Company name: Archer Daniels Midland Company
Company sector: Ag Services & Oilseeds, Carbohydrate Solutions, Nutrition
Company location: Chicago, Illinois, USA
Pages: 63","Company name: Archer Daniels Midland Company
Company sector: Ag Services & Oilseeds, Carbohydrate Solutions, Nutrition
Company location: Chicago, Illinois, USA
Pages: 63","Company name: Archer Daniels Midland Company
Company sector: Ag Services & Oilseeds, Carbohydrate Solutions, Nutrition
Company location: Chicago, Illinois, USA
Pages: 63"
,tcfd_1,tcfd_2,tcfd_3,tcfd_4,tcfd_5,tcfd_6,tcfd_7,tcfd_8,tcfd_9,tcfd_10,tcfd_11
ANSWER,"The sustainability and corporate responsibility committee of the board has direct oversight responsibility of objectives, goals, strategies, risks, and activities related to sustainability. The Vice President, Chief Sustainability Officer leads ADM's sustainability efforts. The report mentions the process for identifying, assessing, and managing climate-related risks, but it is unclear how the board oversees these risks and opportunities.","Management plays a role in identifying, assessing, and managing climate-related risks and opportunities. ADM has a process for identifying and assessing climate-related risks, which is integrated into the organization's overall risk management. The organization has identified climate-related risks and opportunities over the short, medium, and long term, and has metrics and targets to assess them. ADM also conducts scenario analysis following TCFD guidelines to assess the potential impact of different warming scenarios.","ADM has identified physical and transition risks and opportunities related to products and services offerings. The company has a process for identifying and assessing climate-related risks, and metrics and targets to assess climate-related risks and opportunities. ADM conducted a scenario analysis following TCFD guidelines, and its strategy takes into consideration different climate-related scenarios, including a 2°C or lower scenario. However, the report lacks concrete data and specific actions to mitigate climate risks.","ADM identifies climate-related risks and opportunities over the short, medium, and long term, and integrates the process of identifying, assessing, and managing climate-related risks into its overall risk management. The organization uses metrics and targets to assess climate-related risks and opportunities in line with its strategy and risk management process. ADM's strategy is resilient, taking into consideration different climate-related scenarios, including a 2°C or lower scenario. The company aims to mitigate climate change through renewable product and process innovations, supply chain commitments, and a strategic approach to operational excellence.","ADM has conducted a scenario analysis based on TCFD guidelines, evaluating physical and transition risks in three warming scenarios. The organization's strategy is resilient in the 1.5°C and 2°C scenarios, but there is no information on its resilience in a lower scenario. ADM acknowledges physical risks, but the report lacks concrete data on the organization's resilience to these risks.","ADM uses a multi-disciplinary, companywide enterprise risk management  process to assess sustainability risks including climate change and deforestation. The ERM Sustainability subgroup reviews and reports sustainability risks and the related mitigation actions with the ERM team. The group uses a risk matrix which includes a quantitative review. Metrics used by the organization to assess climate-related risks and opportunities in line with its strategy and risk management process. ADM also conducted a scenario analysis following TCFD guidelines to assess the potential impact of warming scenarios.","ADM manages climate-related risks by integrating the process of identifying, assessing, and managing climate-related risks into its overall risk management. The company uses a multi-disciplinary, companywide enterprise risk management  process to assess sustainability risks including climate change and deforestation. ADM also uses a risk matrix to evaluate the impact, mitigation, and residual risk of climate-related risks. The company has set targets to manage climate-related risks and opportunities and reports its performance against these targets. ADM mitigates climate change through renewable product and process innovations, supply chain commitments, and a strategic approach to operational excellence with a focus on enhancing the efficiency of its production plants globally.","ADM uses a multi-disciplinary, companywide enterprise risk management  process to assess sustainability risks including climate change and deforestation. The ERM Sustainability subgroup reviews and reports sustainability risks and the related mitigation actions with the ERM team. The group uses a risk matrix which includes a quantitative review. Targets are used by the organization to manage climate-related risks and opportunities and performance against targets. Metrics used by the organization to assess climate-related risks and opportunities in line with its strategy and risk management process.","ADM uses a multi-disciplinary, companywide enterprise risk management  process to assess sustainability risks including climate change and deforestation. The organization uses metrics and targets to assess climate-related risks and opportunities in line with its strategy and risk management process. The report mentions Scope 1, Scope 2, and, if appropriate, Scope 3 greenhouse gas  emissions, and the related risks. The organization also considers different climate-related scenarios, including a 2°C or lower scenario, to ensure the resilience of its strategy. However, the report lacks specific details on the metrics and targets used and how they help ensure performance is in line with the strategy and risk management process.","Yes, ADM discloses its Scope 1 and Scope 2 GHG emissions globally for facilities under its operational control. The company has also announced a new commitment to reduce its Scope 3 GHG emissions across its supply chain by 25% by 2035 against a 2019 baseline. The related risks include increased operational costs due to emerging regulations and carbon pricing mechanisms.","ADM uses metrics and targets to assess climate-related risks and opportunities in line with its strategy and risk management process. The report mentions targets used by the organization to manage climate-related risks and opportunities and performance against targets, but no specific targets are provided in the report. The report also mentions a scenario analysis conducted in 2021 following TCFD guidelines to assess the potential impact of different warming scenarios."
SOURCES,"[41, 295, 296, 297, 298]","[296, 297, 56, 52, 54, 55, 34, 31, 182, 293, 272, 289, 59, 295, 147, 277, 190]","[296, 297, 59, 55, 56, 293, 52]","[296, 297, 59, 55, 56, 62, 31, 52, 54, 58, 272, 289, 10, 71, 293, 67, 86, 19]","[56, 57, 58, 59]","[54, 55, 56, 296, 297, 298]","[296, 297, 52, 54, 55, 59, 187]","[296, 297, 54]","[296, 297]","[133, 145, 258, 290, 269, 270, 296, 298, 55, 59, 148, 137]","[297, 298, 296, 56]"
PAGE,"[12, 61]","[32, 37, 39, 9, 10, 13, 14, 54, 56, 59, 60, 61]","[13, 60, 61, 14]","[2, 4, 9, 13, 14, 15, 20, 54, 59, 60, 61]",[14],"[61, 13, 14]","[13, 61, 14, 39]","[13, 61]",[61],"[32, 13, 14, 29, 53, 60, 61]","[61, 14]"
ANALYSIS,"The sustainability report provides some information on the board's oversight of climate-related risks and opportunities. It mentions the Sustainability and Corporate Responsibility Committee of the Board, which has direct oversight responsibility for objectives, goals, strategies, risks, and activities related to sustainability. The report also discusses the process for identifying and assessing climate-related risks and the metrics and targets used to manage them. However, the report does not provide information on the processes and frequency by which the board and/or board committees are informed about climate-related issues, nor does it discuss how the board monitors and oversees progress against goals and targets for addressing climate-related issues. Overall, the disclosure is partially satisfactory, but it lacks specific details to meet all the requirements.","The sustainability report provides some information on management's role in assessing and managing climate-related risks and opportunities. It describes the processes for identifying, assessing, and managing climate-related risks, and the metrics and targets used to assess climate-related risks and opportunities. However, the report does not provide information on whether the organization has assigned climate-related responsibilities to management-level positions or committees, the associated organizational structure, and how management is informed about climate-related issues. Therefore, the report partially meets the TCFD guidelines for high-quality disclosure pertaining to the TCFD recommendation point. The overall score for this disclosure is 60.","The sustainability report provides a comprehensive description of the climate-related risks and opportunities the organization has identified over the short, medium, and long term. The report describes the specific climate-related issues potentially arising in each time horizon that could have a material financial impact on the organization. The report also describes the process used to determine which risks and opportunities could have a material financial impact on the organization. However, the report does not provide a description of what the organization considers to be the relevant short-, medium-, and long-term time horizons, taking into consideration the useful life of the organization's assets or infrastructure and the fact that climate-related issues often manifest themselves over the medium and longer terms. The report does not provide a description of risks and opportunities by sector and/or geography, as appropriate. The report meets most of the requirements, but some details are missing.","The sustainability report provides a comprehensive discussion of the impact of climate-related risks and opportunities on the organization's businesses, strategy, and financial planning. The report describes the identified climate-related issues and their impact on the organization's products and services, supply chain, adaptation and mitigation activities, investment in research and development, operations, acquisitions or divestments, and access to capital. The report also describes how climate-related issues serve as an input to the organization's financial planning process, the time period used, and how these risks and opportunities are prioritized. The report describes the impact of climate-related issues on the organization's financial performance and financial position. The report also describes the organization's plans for transitioning to a low-carbon economy, including GHG emissions targets and specific activities intended to reduce GHG emissions in their operations and value chain.","The sustainability report provides a comprehensive disclosure on the resilience of the organization's strategy to climate-related risks and opportunities, taking into consideration different climate-related scenarios, including a 2°C or lower scenario. The report discusses the potential impact of climate-related issues on financial performance and position, and the climate-related scenarios and associated time horizon considered. The report also describes the process for identifying and assessing climate-related risks and the metrics and targets used to manage climate-related risks and opportunities. However, the report lacks specific details on how the organization's strategies might change to address potential risks and opportunities. Overall, the report meets most of the requirements, but some areas could benefit from more detailed information.","The sustainability report provides a comprehensive description of the organization's processes for identifying and assessing climate-related risks. The report describes the risk management processes for identifying and assessing climate-related risks, including how the organization determines the relative significance of climate-related risks in relation to other risks. The report also discloses the processes for assessing the potential size and scope of identified climate-related risks and definitions of risk terminology used or references to existing risk classification frameworks used. However, the report could have provided more information on whether the organization considers existing and emerging regulatory requirements related to climate change as well as other relevant factors considered. Overall, the report provides a detailed and comprehensive description of the organization's processes for identifying and assessing climate-related risks.","The sustainability report provides a comprehensive disclosure on how the organization manages climate-related risks. The report describes the organization's processes for managing climate-related risks, including how they make decisions to mitigate, transfer, accept, or control those risks. The report also describes the organization's processes for prioritizing climate-related risks, including how materiality determinations are made within their organizations. The report provides metrics and targets used by the organization to assess climate-related risks and opportunities in line with its strategy and risk management process. The report also includes a scenario analysis following the TCFD guidelines. Overall, the report meets all the requirements for high-quality disclosure pertaining to the critical element of how the organization manages climate-related risks.","The sustainability report provides a comprehensive disclosure of the processes for identifying, assessing, and managing climate-related risks integrated into the organization's overall risk management. The report describes the organization's strategy, targets, and metrics used to assess climate-related risks and opportunities. It also includes an overview of the impact of climate-related risks and opportunities on the organization's businesses, strategy, and financial planning. The report provides a detailed description of the risk management process, including a risk matrix, mitigation strategies, and action plans. However, the report lacks specific details on the integration of climate-related risks into the overall risk management process. Overall, the report meets most of the requirements and provides sufficient details, resulting in a score of 85.","The sustainability report provides a comprehensive disclosure of the metrics used by the organization to assess climate-related risks and opportunities in line with its strategy and risk management process. The report includes metrics on climate-related risks associated with water, energy, land use, and waste management where relevant and applicable. The report also provides internal carbon prices as well as climate-related opportunity metrics such as revenue from products and services designed for a low-carbon economy. However, the report does not provide forward-looking metrics for the cross-industry, consistent with their business or strategic planning time horizons. Additionally, the report does not provide a description of the methodologies used to calculate or estimate climate-related metrics. Overall, the report satisfies most of the requirements and scores 85 out of 100.","The sustainability report provides a comprehensive disclosure of Scope 1 and Scope 2 GHG emissions, and if appropriate, Scope 3 GHG emissions and related risks. The report uses generally accepted industry-specific GHG efficiency ratios and calculates GHG emissions in line with the GHG Protocol methodology. The report also provides historical data for trend analysis and a description of the methodologies used to calculate or estimate the metrics. However, the report does not disclose Scope 3 GHG emissions independently of a materiality assessment, and some of the data supporting the Scope 3 GHG emissions statement were estimated. Overall, the report meets most of the requirements for high-quality disclosure pertaining to the critical element.","The sustainability report provides a comprehensive disclosure of the targets used by the organization to manage climate-related risks and opportunities and performance against targets. The report describes the key climate-related targets, including GHG emissions, water usage, and energy usage, in line with the cross-industry, where relevant, and in line with anticipated regulatory requirements or market constraints or other goals. The report also includes the time frames over which the target applies, the base year from which progress is measured, and key performance indicators used to assess progress against targets. The report discloses associated interim targets in aggregate or by business line, where available. However, the report does not provide a description of the methodologies used to calculate targets and measures, which is a significant gap in disclosure."
SCORE,60,60,85,100,85,90,100,85,85,85,90
