,"Company name: Becton, Dickinson and Company (BD)
Company sector: Pharmaceutical and biotechnology
Company location: 1 Becton Drive, Franklin Lakes, NJ 07417 USA
Pages: 131","Company name: Becton, Dickinson and Company (BD)
Company sector: Pharmaceutical and biotechnology
Company location: 1 Becton Drive, Franklin Lakes, NJ 07417 USA
Pages: 131","Company name: Becton, Dickinson and Company (BD)
Company sector: Pharmaceutical and biotechnology
Company location: 1 Becton Drive, Franklin Lakes, NJ 07417 USA
Pages: 131","Company name: Becton, Dickinson and Company (BD)
Company sector: Pharmaceutical and biotechnology
Company location: 1 Becton Drive, Franklin Lakes, NJ 07417 USA
Pages: 131","Company name: Becton, Dickinson and Company (BD)
Company sector: Pharmaceutical and biotechnology
Company location: 1 Becton Drive, Franklin Lakes, NJ 07417 USA
Pages: 131","Company name: Becton, Dickinson and Company (BD)
Company sector: Pharmaceutical and biotechnology
Company location: 1 Becton Drive, Franklin Lakes, NJ 07417 USA
Pages: 131","Company name: Becton, Dickinson and Company (BD)
Company sector: Pharmaceutical and biotechnology
Company location: 1 Becton Drive, Franklin Lakes, NJ 07417 USA
Pages: 131","Company name: Becton, Dickinson and Company (BD)
Company sector: Pharmaceutical and biotechnology
Company location: 1 Becton Drive, Franklin Lakes, NJ 07417 USA
Pages: 131","Company name: Becton, Dickinson and Company (BD)
Company sector: Pharmaceutical and biotechnology
Company location: 1 Becton Drive, Franklin Lakes, NJ 07417 USA
Pages: 131","Company name: Becton, Dickinson and Company (BD)
Company sector: Pharmaceutical and biotechnology
Company location: 1 Becton Drive, Franklin Lakes, NJ 07417 USA
Pages: 131","Company name: Becton, Dickinson and Company (BD)
Company sector: Pharmaceutical and biotechnology
Company location: 1 Becton Drive, Franklin Lakes, NJ 07417 USA
Pages: 131"
,tcfd_1,tcfd_2,tcfd_3,tcfd_4,tcfd_5,tcfd_6,tcfd_7,tcfd_8,tcfd_9,tcfd_10,tcfd_11
ANSWER,"The Board of Directors receives annual reports on climate change and is briefed on important climate issues impacting business continuity or regulatory updates. The Corporate Governance and Nominating Committee oversees the company's ESG matters, including climate change. The VP S&EHS leads the company's strategy around climate change and reports to the CEO, who is also the chair of the Board of Directors. However, the report lacks concrete information on the Board's direct responsibilities and actions pertaining to climate issues.","Management assesses and manages climate-related risks and opportunities through strategy planning sessions, materiality assessments, and business continuity planning. BD undertook climate scenario analysis to understand how climate-related risks and opportunities could impact the business. Legal risks are not relevant. Market and reputation risks are relevant and monitored. BD has set a goal to contribute to solutions that address unmet climate-related health needs.",BD has identified climate-related risks such as supply chain disruptions due to increased frequency of extreme weather events and water scarcity. Market risks due to increasing cost and/or availability of raw materials are also identified. Opportunities include incorporating climate risk into supply chain and network architecture strategies. Risks are associated with short- and medium-term horizons.,"BD assesses climate-related risks through strategy planning sessions, materiality assessments, and business continuity planning. Mitigation measures include projects to reduce material usage on products and packaging. The company has identified physical and market risks due to increasing cost and/or availability of raw materials, and availability of water for its operations. The company has set a 2030+ goal to incorporate climate risk into supply chain and network architecture strategies. Legal risks are not relevant because no litigation claims linked to climate-related issues have been identified to date.","BD's sustainability report indicates that the company has evaluated climate-related risks through strategy planning sessions, materiality assessments, and business continuity planning. The company has undertaken climate scenario analysis to understand how climate-related risks and opportunities could impact the business. BD's strategy is resilient to different climate-related scenarios, including a 2°C target or lower scenario, and physical risks such as supply disruptions resulting from water scarcity. However, the report lacks concrete data on the magnitude of the impact of climate change on the company's supply chain and operations.","BD identifies and assesses climate-related risks through sustainability materiality assessments, business continuity planning, and ERM program. The central S&EHS team evaluates risks based on key risk areas, likelihood, impact, and direct control to mitigate the risk. Risks evaluated include physical, legal, market, reputation, and technology risks.","BD manages climate-related risks through materiality assessments, business continuity planning, and reduction of material usage on products and packaging. They also use renewable energy and incorporate climate risks into supply chain and network architecture strategies. Legal risks are not relevant, and reputation and market risks are only sometimes included in climate-related risk assessments. The S&EHS team oversees risk management and evaluates risks based on likelihood, impact, and control to mitigate them.","Climate-related risks are integrated into BD's overall risk management through strategy planning sessions, materiality assessments, and business continuity planning. The central S&EHS team identifies and evaluates climate-related risks, which are informed by the ERM program and stakeholder engagement. Legal risks are not relevant, and market and reputation risks are sometimes included in climate-related risk assessments. The report provides some concrete examples of risk mitigation measures, but some statements lack specificity and may be considered cheap talks.","BD assesses climate-related risks and opportunities through materiality assessments, business continuity planning, and strategy planning sessions. The aspects of climate change that have most influenced BD's strategy are physical risks to operations and supply chain, market risks due to increasing cost and/or availability of raw materials, and availability of water for operations. Legal risks are not relevant. BD has set a 2030+ goal to incorporate climate risk into supply chain and network architecture strategies.","Yes, BD discloses its Scope 1, Scope 2, and Scope 3 greenhouse gas emissions, including calculation methodology and data tables. The company recognizes that the single greatest contributor to its overall emissions is the Scope 3 category of purchased goods and services. The related risks include increased indirect costs, availability of raw materials, and decreased revenues due to reduced demand for products and services.","BD has set a 2030+ goal to incorporate climate risk into supply chain and network architecture strategies. They have also set a goal to reduce Scope 3 emissions and to contribute to solutions that address unmet climate-related health needs. BD's reduction target is science-based, aligned with the 1.5°C global emissions reduction pathway. No information was provided on how the organization is performing against these targets."
SOURCES,"[771, 773, 547, 857, 903, 775, 112, 782, 890, 901, 111, 911, 897, 912]","[854, 913, 897, 896, 908, 903, 615, 902, 917, 907, 911, 857, 775, 909, 883, 817, 856]","[785, 872, 883, 917, 902, 903, 913, 787, 784, 896, 808, 782, 892, 857, 915]","[913, 914, 857, 883, 887, 897, 908, 782, 915, 854, 903, 911, 902, 784, 872, 906]","[795, 857, 890, 915, 916]","[902, 913, 914, 897, 907, 917, 915, 908, 896, 903, 912, 906, 899, 136, 787, 775, 900, 808, 857, 909]","[897, 914, 913, 903, 902, 917, 908, 901, 883, 787, 771, 615, 904, 775, 808, 906, 915]","[896, 902, 903, 907, 909, 913, 914, 915, 917]","[857, 914, 908, 897, 787, 903]","[136, 677, 304, 127, 798, 903, 291, 747, 129, 787, 837, 615, 754, 128, 831, 808]","[129, 132, 854]"
PAGE,"[77, 110, 111, 20, 121, 124, 125]","[110, 114, 87, 120, 121, 123, 124, 125]","[111, 112, 114, 121, 122, 123, 124, 125]","[111, 120, 121, 122, 123, 124, 125]","[112, 121, 124, 125]","[110, 112, 114, 24, 121, 124, 125]","[110, 112, 114, 87, 123, 124, 125]","[124, 125]","[112, 121, 124, 125]","[107, 44, 108, 46, 112, 113, 114, 117, 118, 23, 24, 87, 124, 95]","[24, 120, 23]"
ANALYSIS,"The sustainability report provides some information on the board's oversight of climate-related risks and opportunities. The report mentions that the board receives updates on climate-related issues at least annually and that the Audit Committee and the Corporate Governance and Nominating Committee oversee ESG matters. However, the report lacks specific details on the processes and frequency by which the board and/or board committees are informed about climate-related issues. Additionally, the report does not provide information on whether the board and/or board committees consider climate-related issues when reviewing and guiding strategy, major plans of action, risk management policies, annual budgets, and business plans. The report does mention how the board monitors and oversees progress against goals and targets for addressing climate-related issues. Overall, the disclosure quality is moderate.","The disclosure provides some information on management's role in assessing and managing climate-related risks and opportunities. It mentions that climate-related risks are assessed through strategy planning sessions, materiality assessments, and business continuity planning. It also describes the organizational structure and processes by which management is informed about climate-related issues. However, it does not provide information on whether the organization has assigned climate-related responsibilities to management-level positions or committees, and if so, whether such management positions or committees report to the board or a committee of the board. Additionally, it does not provide details on how management monitors climate-related issues. Overall, the disclosure partially meets the requirements for high-quality disclosure pertaining to the critical element of management's role in assessing and managing climate-related risks and opportunities.","The disclosure provides a description of the relevant short-, medium-, and long-term time horizons, and the specific climate-related issues that could have a material financial impact on the organization. The process used to determine which risks and opportunities could have a material financial impact on the organization is also described. However, the disclosure lacks a clear association of risks with a horizon. The organization should consider providing a description of their risks and opportunities by sector and/or geography, as appropriate. Overall, the disclosure provides a good level of detail, but there is room for improvement in terms of clarity and specificity.","The sustainability report provides some information on how climate-related risks and opportunities impact the organization's businesses strategy, economic and financial performance, and financial planning. The report discusses the impact of climate-related risks and opportunities on products and services, supply chain and/or value chain, adaptation and mitigation activities, investment in research and development, operations, acquisitions or divestments, and access to capital. The report also describes how climate-related issues serve as an input to their financial planning process, the time period used, and how these risks and opportunities are prioritized. However, the report lacks specific details on the impact of climate-related issues on their financial performance and financial position. The report also does not describe their plans for transitioning to a low-carbon economy.","The sustainability report provides some information on the organization's resilience to climate-related risks and opportunities, including a transition to a low-carbon economy consistent with a 2°C or lower scenario. The report discusses how the organization's strategies might change to address potential risks and opportunities, and the potential impact of climate-related issues on financial performance and position. However, the report lacks specific details on the climate-related scenarios and associated time horizons considered. Additionally, the report does not provide a comprehensive discussion of how resilient the organization's strategy is when considering climate physical risks. Overall, the disclosure quality is moderate, and there is room for improvement.","The disclosure provides some information on the organization's processes for identifying and assessing climate-related risks. The report describes the risk management processes for identifying and assessing climate-related risks, including the assessment of key risk areas, evaluating the likelihood and impact, and ranking these risks. The report also mentions the consideration of existing and emerging regulatory requirements related to climate change. However, the report lacks specific details on the processes for assessing the potential size and scope of identified climate-related risks and definitions of risk terminology used or references to existing risk classification frameworks used. Therefore, the disclosure is partially satisfactory and requires more specific details to meet all the requirements.","The disclosure provides some information on how the organization manages climate-related risks. The report mentions that climate-related risks are assessed through strategy planning sessions, materiality assessments, and business continuity planning. The report also mentions that the central S&EHS team identifies climate-related risks and evaluates and prioritizes them. However, the report lacks specific details on how the organization makes decisions to mitigate, transfer, accept, or control those risks. Additionally, the report does not provide information on how materiality determinations are made within the organization. Overall, the disclosure provides some information on how the organization manages climate-related risks, but it lacks specific details on decision-making processes and materiality determinations.","The disclosure provides some information on how climate-related risks are integrated into the organization's overall risk management. The report mentions that climate-related risks are assessed through strategy planning sessions, materiality assessments, and business continuity planning. The central S&EHS team identifies climate-related risks, evaluates and prioritizes them, and assesses key risk areas. However, the report lacks specific details on how the organization integrates climate-related risks into its overall risk management. The report does not provide information on how the organization evaluates the effectiveness of its risk management processes. Overall, the disclosure partially meets the requirements for high-quality disclosure pertaining to the critical element.","The sustainability report provides some information on the metrics used to assess climate-related risks and opportunities. The report mentions that risks are assessed through strategy planning sessions, materiality assessments, and business continuity planning. However, the report lacks specific details on the metrics used to measure and manage climate-related risks and opportunities. The report does not provide metrics consistent with the cross-industry, nor does it provide metrics for historical periods to allow for trend analysis. The report does not mention whether and how related performance metrics are incorporated into remuneration policies. The report does not provide internal carbon prices or climate-related opportunity metrics such as revenue from products and services designed for a low-carbon economy. Overall, the report lacks specific details on the metrics used to assess climate-related risks and opportunities, and therefore, the score is 30.","The sustainability report provides a comprehensive disclosure of Scope 1 and Scope 2 GHG emissions, including the calculation methodology, and also reports Scope 3 emissions for material categories. The report also mentions the risks associated with climate change, including GHG emissions, and identifies the risks and opportunities in the value chain. However, the report does not provide a description of the methodologies used to calculate or estimate the metrics, and it is unclear whether the GHG emissions are calculated in line with the GHG Protocol methodology. Additionally, the report does not provide generally accepted industry-specific GHG efficiency ratios. Overall, the report meets most of the requirements, but there is room for improvement in terms of transparency and comparability.","The sustainability report provides some information on the targets used by the organization to manage climate-related risks and opportunities and performance against targets. The report mentions the organization's first set of targets in the climate change impact area, which are science-based and aligned with the 1.5°C global emissions reduction pathway. However, the report lacks specific details on the targets, such as whether they are absolute or intensity-based, time frames over which the targets apply, base year from which progress is measured, and key performance indicators used to assess progress against targets. The report also does not provide a description of the methodologies used to calculate targets and measures. Therefore, the report partially meets the TCFD guidelines and scores 60 out of 100."
SCORE,60,60,80,70,70,70,60,60,30,85,60
