,"Company name: Arconic
Company sector: Construction Solutions
Company location: Global
Pages: 10","Company name: Arconic
Company sector: Construction Solutions
Company location: Global
Pages: 10","Company name: Arconic
Company sector: Construction Solutions
Company location: Global
Pages: 10","Company name: Arconic
Company sector: Construction Solutions
Company location: Global
Pages: 10","Company name: Arconic
Company sector: Construction Solutions
Company location: Global
Pages: 10","Company name: Arconic
Company sector: Construction Solutions
Company location: Global
Pages: 10","Company name: Arconic
Company sector: Construction Solutions
Company location: Global
Pages: 10","Company name: Arconic
Company sector: Construction Solutions
Company location: Global
Pages: 10","Company name: Arconic
Company sector: Construction Solutions
Company location: Global
Pages: 10","Company name: Arconic
Company sector: Construction Solutions
Company location: Global
Pages: 10","Company name: Arconic
Company sector: Construction Solutions
Company location: Global
Pages: 10"
,tcfd_1,tcfd_2,tcfd_3,tcfd_4,tcfd_5,tcfd_6,tcfd_7,tcfd_8,tcfd_9,tcfd_10,tcfd_11
ANSWER,"The sustainability report does not provide specific information on how the company's board oversees climate-related risks and opportunities. However, the report mentions that sustainability is integrated into the company's core business strategy, and the company engages with a wide variety of stakeholders to solicit views on sustainability initiatives and performance.","Arconic aims to integrate sustainability into its core business strategy and develop longer-term sustainability targets that directly link to its material sustainability topics. The company engages with a wide variety of stakeholders to solicit views on its sustainability initiatives and performance. Arconic is responsible for eliminating or effectively managing waste and emissions, giving priority to those that have potential to significantly impact the environment. The company is also working to reduce its greenhouse gas emissions and energy consumption through efficiency improvements and renewable energy sources. However, the report lacks specific details on the role of management in assessing and managing climate-related risks and opportunities.","Arconic has identified greenhouse gas and toxic emissions, energy consumption, landfilled waste, water use, and health and safety as its material sustainability topics. The company has set a target to reduce its greenhouse gas emissions intensity by 2.2% from 2015 to 2016. Arconic has also conducted a global water-risk survey and identified its locations with the highest water risks. However, the report lacks clear identification of climate-related risks and opportunities associated with a horizon.","Arconic aims to integrate sustainability into its core business strategy by developing longer-term sustainability targets that directly link to its material sustainability topics. The company engages with a wide variety of stakeholders to solicit views on its sustainability initiatives and performance. However, the report lacks concrete data on how climate-related risks and opportunities impact the organization's businesses strategy, economic and financial performance, and financial planning.","The report does not provide sufficient information to determine the resilience of Arconic's strategy to different climate-related scenarios or physical risks. While the report mentions sustainability targets and reductions in greenhouse gas emissions and freshwater use, it lacks specific details on how the company plans to achieve these targets and mitigate risks. Additionally, the report contains several cheap talks and vague statements that do not provide concrete data to support the company's sustainability claims.","Arconic's sustainability report does not provide clear information on the processes used to identify and assess climate-related risks. The report only mentions a periodic global water-risk survey that includes an assessment of local and regional water stress . However, the report lacks concrete data and specific information on the company's risk assessment processes.","Arconic aims to integrate sustainability into its core business strategy by developing longer-term sustainability targets that directly link to its material sustainability topics. The company engages with a wide variety of stakeholders to solicit views on its sustainability initiatives and performance. Arconic has reduced its greenhouse gas emissions, energy consumption, and landfilled waste. It has also conducted a periodic global water-risk survey that includes an assessment of local and regional water stress. The company is shifting its focus to toxic and hazardous pollutants, such as hexavalent chromium, that are most relevant to its operations.","The report does not provide specific information on how the processes for identifying, assessing, and managing climate-related risks are integrated into the organization's overall risk management. However, the report states that sustainability is integrated into the core business strategy, and longer-term sustainability targets will be developed in 2017 that directly link to material sustainability topics. The report also mentions reducing greenhouse gas emissions, energy consumption, and water use, and improving efficiency through process and product innovations.","Arconic uses greenhouse gas and toxic emissions, energy consumption, landfilled waste, water use, and health and safety metrics to assess climate-related risks and opportunities. The metrics help ensure that the performance is in line with its material sustainability topics. However, the report lacks specific details on how these metrics are used to manage risks and opportunities.","The report discloses Scope 1 and Scope 2 GHG emissions, but there is no mention of Scope 3 emissions. The related risks are not specified in the report.","Arconic plans to develop longer-term sustainability targets in 2017 that directly link to their material sustainability topics, including greenhouse gas emissions, energy consumption, landfilled waste, water use, and health and safety. The report does not provide any information on the specific targets or how the organization is performing against them."
SOURCES,"[9, 33]","[0, 9, 7, 33, 6, 20, 17, 22, 11, 12, 13, 14, 24, 34, 18, 5, 23, 21]","[5, 6, 9, 10, 11, 12, 13, 16, 17, 22]","[9, 33]","[9, 6, 13, 18, 16, 11, 10]",[16],"[9, 17, 33, 6, 8, 16, 11, 12, 20, 21]","[9, 7, 17, 6, 33, 16, 8, 12, 22, 11, 34, 18, 20, 21, 23, 10, 36, 5]","[6, 9, 17, 22, 12, 13, 11, 14, 10, 36]","[13, 22]",[9]
PAGE,"[8, 2]","[0, 1, 2, 3, 4, 5, 6, 8]","[1, 2, 3, 4, 5]","[8, 2]","[1, 2, 3, 4]",[4],"[1, 2, 3, 4, 5, 8]","[1, 2, 3, 4, 5, 6, 8]","[1, 2, 3, 4, 5, 8]","[3, 5]",[2]
ANALYSIS,"The given disclosure does not provide any information on how the company's board oversees climate-related risks and opportunities. The disclosure only provides information on the company's sustainability initiatives, stakeholder engagement, and employee diversity. The disclosure does not meet any of the requirements for high-quality disclosure pertaining to the critical element of how the company's board oversees climate-related risks and opportunities.","The given disclosure does not provide sufficient information to assess the role of management in assessing and managing climate-related risks and opportunities. The report does not mention whether the organization has assigned climate-related responsibilities to management-level positions or committees, nor does it describe the associated organizational structure. The report does not provide information on the processes by which management is informed about climate-related issues, nor does it describe how management monitors climate-related issues. Therefore, the report does not meet any of the requirements for high-quality disclosure pertaining to the critical element of the role of management in assessing and managing climate-related risks and opportunities.","The sustainability report does not provide sufficient information to meet the requirements for this critical element. The report does not describe the relevant short-, medium-, and long-term time horizons, nor does it provide a description of the specific climate-related issues potentially arising in each time horizon that could have a material financial impact on the organization. The report also does not describe the process used to determine which risks and opportunities could have a material financial impact on the organization. While the report mentions greenhouse gas emissions, energy consumption, landfilled waste, water use, and health and safety, it does not provide a comprehensive analysis of the climate-related risks and opportunities that the organization has identified over the short, medium, and long term.","The sustainability report lacks sufficient disclosure on how climate-related risks and opportunities impact the organization's business strategy, economic and financial performance, and financial planning. The report does not provide any specific information on how climate-related issues have affected the organization's businesses, strategy, and financial planning. The report does not describe how climate-related issues serve as an input to their financial planning process, the time period used, and how these risks and opportunities are prioritized. The report does not describe the impact of climate-related issues on their financial performance and financial position. The report does not describe their plans for transitioning to a low-carbon economy, which could include GHG emissions targets and specific activities intended to reduce GHG emissions in their operations and value chain or to otherwise support the transition.","The given sustainability report does not provide sufficient information to evaluate the resilience of the organization's strategy when considering different climate-related scenarios, including a 2°C target or lower scenario. The report does not discuss how the organization's strategies might change to address potential risks and opportunities, the potential impact of climate-related issues on financial performance and position, or the climate-related scenarios and associated time horizon considered. The report only briefly mentions greenhouse gas emissions and energy consumption, but does not provide any specific details on how the organization plans to reduce them. Overall, the report lacks the necessary components for high-quality disclosure pertaining to the critical element.","The sustainability report does not provide sufficient information on the processes used by the organization to identify and assess climate-related risks. The report does not describe the risk management processes for identifying and assessing climate-related risks, nor does it provide information on how the organization determines the relative significance of climate-related risks in relation to other risks. The report does not disclose whether the organization considers existing and emerging regulatory requirements related to climate change. The report also does not disclose the processes for assessing the potential size and scope of identified climate-related risks or definitions of risk terminology used or references to existing risk classification frameworks used. As a result, the report does not meet the TCFD guidelines for high-quality disclosure pertaining to the TCFD recommendation point.","The sustainability report provides limited information on how the organization manages climate-related risks. The report mentions the organization's objective of integrating sustainability into its core business strategy and developing longer-term sustainability targets that link to material sustainability topics. However, it does not provide any specific information on how the organization makes decisions to mitigate, transfer, accept, or control climate-related risks. The report also does not describe the organization's processes for prioritizing climate-related risks or how materiality determinations are made within the organization. Overall, the disclosure is insufficient to meet the requirements for high-quality disclosure pertaining to the critical element of how the organization manages climate-related risks.","The given disclosure does not provide sufficient information on how the processes for identifying, assessing, and managing climate-related risks are integrated into the organization's overall risk management. The report only briefly mentions sustainability as a core business strategy and sets longer-term sustainability targets. However, it does not provide any specific details on how climate-related risks are identified, assessed, and managed. The report also lacks information on the integration of climate-related risks into the organization's overall risk management. Therefore, the report does not meet the TCFD guidelines for high-quality disclosure pertaining to the TCFD recommendation point.","The sustainability report lacks specific details on the metrics used to assess climate-related risks and opportunities. While the report mentions greenhouse gas emissions, energy consumption, landfilled waste, water use, and health and safety, it does not provide any specific metrics or methodologies used to calculate or estimate these metrics. The report also fails to provide historical metrics for trend analysis or forward-looking metrics for the cross-industry. Additionally, there is no mention of whether and how related performance metrics are incorporated into remuneration policies. However, the report does mention internal carbon prices and revenue from products and services designed for a low-carbon economy. Overall, the report lacks the necessary components for high-quality disclosure pertaining to the critical element.","The sustainability report provides some information on greenhouse gas emissions, but it does not meet the requirements for high-quality disclosure. The report only discloses Scope 2 emissions and does not provide information on Scope 1 or Scope 3 emissions. The report does not provide any information on the related risks. The emissions data provided are not calculated in line with the GHG Protocol methodology, and there is no information on industry-specific GHG efficiency ratios. While the report provides some historical data, it does not provide a description of the methodologies used to calculate or estimate the metrics. Overall, the report lacks transparency and detail on the organization's greenhouse gas emissions and related risks.","The sustainability report does not provide sufficient information on the targets used by the organization to manage climate-related risks and opportunities and performance against targets. While the report mentions that the organization will develop longer-term sustainability targets during 2017, it does not provide any specific details on the targets. The report does not describe whether the targets are absolute or intensity-based, time frames over which the target applies, base year from which progress is measured, or key performance indicators used to assess progress against targets. The report also does not provide a description of the methodologies used to calculate targets and measures. Overall, the report lacks transparency and specificity on the organization's climate-related targets and performance against them."
SCORE,0,0,10,10,20,0,20,10,30,20,20
