,"Company name: Grainger
Company sector: Wholesalers: Diversified
Company location: Chicago
Pages: 20","Company name: Grainger
Company sector: Wholesalers: Diversified
Company location: Chicago
Pages: 20","Company name: Grainger
Company sector: Wholesalers: Diversified
Company location: Chicago
Pages: 20","Company name: Grainger
Company sector: Wholesalers: Diversified
Company location: Chicago
Pages: 20","Company name: Grainger
Company sector: Wholesalers: Diversified
Company location: Chicago
Pages: 20","Company name: Grainger
Company sector: Wholesalers: Diversified
Company location: Chicago
Pages: 20","Company name: Grainger
Company sector: Wholesalers: Diversified
Company location: Chicago
Pages: 20","Company name: Grainger
Company sector: Wholesalers: Diversified
Company location: Chicago
Pages: 20","Company name: Grainger
Company sector: Wholesalers: Diversified
Company location: Chicago
Pages: 20","Company name: Grainger
Company sector: Wholesalers: Diversified
Company location: Chicago
Pages: 20","Company name: Grainger
Company sector: Wholesalers: Diversified
Company location: Chicago
Pages: 20"
,tcfd_1,tcfd_2,tcfd_3,tcfd_4,tcfd_5,tcfd_6,tcfd_7,tcfd_8,tcfd_9,tcfd_10,tcfd_11
ANSWER,"Grainger's sustainability report does not provide specific information on how the board oversees climate-related risks and opportunities. However, the report states that the company recognizes climate change as a significant global issue and is taking steps to manage its energy use and greenhouse gas emissions. Grainger has participated in the CDP since 2009 and became the first industrial distributor to publicly disclose its carbon footprint in 2012. The company's CSR efforts are led by a cross-functional working group with oversight by the CEO and the executive leadership team, and periodic updates on the company's CSR efforts are provided to the Board of Directors.","Grainger recognizes climate change as a significant global issue and has taken steps to manage its energy use and GHG emissions. The company has set a target to reduce its North American Scope 1 and Scope 2 GHG emissions intensity. However, the report lacks specific information on the role of management in assessing and managing climate-related risks and opportunities.","Grainger recognizes climate change as a significant global issue and is taking steps to manage its energy use and GHG emissions. The company has set a target to reduce its North American Scope 1 and Scope 2 GHG emissions intensity. Grainger's sustainability report does not provide a clear identification of climate-related risks and opportunities over the short, medium, and long term.","Grainger recognizes climate change as a significant global issue and is taking steps to manage its energy use and GHG emissions. The company has set a target to reduce its North American Scope 1 and Scope 2 GHG emissions intensity. However, the report lacks concrete data on how climate-related risks and opportunities impact the organization's business strategy, economic and financial performance, and financial planning.","The report does not provide sufficient information to determine the resilience of Grainger's strategy to different climate-related scenarios or physical risks. While the company has set targets to reduce GHG emissions and improve energy efficiency, it does not provide specific details on how it plans to achieve these targets or how it will adapt to climate-related risks. Additionally, the report lacks concrete data on the company's progress towards achieving its targets, making it difficult to assess the effectiveness of its strategy.","Grainger identifies and assesses climate-related risks through participation in the CDP since 2009, publicly disclosing its carbon footprint, and setting targets to reduce GHG emissions. However, the report lacks specific details on the processes used to identify and assess climate-related risks.","Grainger manages climate-related risks by improving energy efficiency at its largest buildings, participating in CDP, disclosing its carbon footprint, and standardizing recycling practices. The company also works with third-party carriers to minimize fuel use and has been recognized by the USEPA as a SmartWay partner. However, the report lacks concrete data on the reduction of GHG emissions and the effectiveness of the company's strategies.","The report does not provide a clear indication of how the processes for identifying, assessing, and managing climate-related risks are integrated into the organization's overall risk management. While the report highlights Grainger's commitment to managing its energy use and greenhouse gas emissions, it lacks specific information on how climate-related risks are integrated into the company's overall risk management.",Grainger uses CDP scores to assess climate-related risks and opportunities. The scores help ensure that the company's performance is in line with its strategy and risk management process. Grainger has set a target to reduce its North American Scope 1 and Scope 2 greenhouse gas emissions intensity. The company also works to improve energy efficiency at its largest buildings and maximizes efficiency and minimizes fuel use in its transportation network.,Grainger discloses its Scope 1 and Scope 2 GHG emissions but does not disclose its Scope 3 GHG emissions. The report does not provide specific figures on these emissions. The related risks are not mentioned in the report.,"Grainger has set a target to reduce its North American Scope 1 and Scope 2 greenhouse gas emissions intensity by 20% by 2020 from a 2012 baseline. The company received an A- rating for its performance score in 2015, reflecting its progress toward reducing GHG emissions. However, the report lacks specific information on the targets used to understand/quantify/benchmark climate-related risks and opportunities."
SOURCES,"[7, 56, 60, 66]","[56, 60, 58]","[56, 58]","[56, 60, 76, 57, 58]","[56, 60, 58, 57, 66]","[56, 41, 57, 58]","[56, 60, 57, 66, 67, 70]","[56, 32, 30, 57, 60, 16, 41, 66, 31, 58, 70, 7, 3, 52, 20, 76, 35]","[56, 57, 58, 60, 66]","[56, 58]","[56, 57, 58]"
PAGE,"[11, 2, 10, 12]","[10, 11]",[10],"[10, 11, 14]","[10, 11, 12]","[10, 7]","[10, 11, 12, 13]","[1, 2, 3, 4, 6, 7, 9, 10, 11, 12, 13, 14]","[10, 11, 12]",[10],[10]
ANALYSIS,"The sustainability report provides limited information on how the company's board oversees climate-related risks and opportunities. While the report mentions that periodic updates on CSR efforts are provided to the Board of Directors, it does not provide any details on the processes and frequency by which the board and/or board committees are informed about climate-related issues. The report also does not discuss whether the board and/or board committees consider climate-related issues when reviewing and guiding strategy, major plans of action, risk management policies, annual budgets, and business plans. Additionally, the report does not provide any information on how the board monitors and oversees progress against goals and targets for addressing climate-related issues. As a result, the report does not meet the TCFD guidelines for high-quality disclosure pertaining to the TCFD recommendation point.","The sustainability report by Grainger provides limited information on the role of management in assessing and managing climate-related risks and opportunities. The report mentions that the company recognizes climate change as a significant global issue and is taking steps to manage its energy use and greenhouse gas emissions. However, it does not provide any information on whether the organization has assigned climate-related responsibilities to management-level positions or committees, the associated organizational structure, processes by which management is informed about climate-related issues, and how management monitors climate-related issues. Therefore, the report fails to meet the TCFD guidelines outlined for high-quality disclosure pertaining to the TCFD recommendation point.","The sustainability report by Grainger provides limited information on climate-related risks and opportunities. The report mentions that the company recognizes climate change as a significant global issue and is taking steps to manage its energy use and greenhouse gas emissions. However, the report fails to provide a description of specific climate-related issues potentially arising in each time horizon  that could have a material financial impact on the organization. The report also does not describe the process used to determine which risks and opportunities could have a material financial impact on the organization. Overall, the report lacks the necessary components for high-quality disclosure pertaining to the critical element of climate-related risks and opportunities.","The sustainability report by Grainger provides limited information on how climate-related risks and opportunities impact the organization's business strategy, economic and financial performance, and financial planning. The report mentions the company's efforts to manage energy use and greenhouse gas emissions, but it does not provide any specific details on how climate-related issues have affected their businesses, strategy, and financial planning. The report does not describe the impact of climate-related issues on their financial performance and financial position. The report does not provide any information on how climate-related issues serve as an input to their financial planning process, the time period used, and how these risks and opportunities are prioritized. The report does not describe the company's plans for transitioning to a low-carbon economy.","The sustainability report by Grainger provides limited information on the resilience of the organization's strategy to climate-related risks and opportunities. The report mentions the company's efforts to manage energy use and greenhouse gas emissions, but it does not provide any information on how the company's strategy might change to address potential risks and opportunities. The report also does not discuss the potential impact of climate-related issues on financial performance and position. While the report mentions the company's participation in the CDP and its recognition on the Climate Disclosure Leadership Index, it does not provide any information on the climate-related scenarios and associated time horizons considered. Overall, the report does not meet the TCFD guidelines for high-quality disclosure pertaining to the TCFD recommendation point.","The sustainability report by Grainger provides some information on the company's processes for identifying and assessing climate-related risks. The report mentions that the company recognizes climate change as a significant global issue and is taking steps to manage its energy use and greenhouse gas emissions. However, the report lacks specific details on how the company determines the relative significance of climate-related risks in relation to other risks. The report does not disclose whether the company considers existing and emerging regulatory requirements related to climate change. The report also does not provide information on the processes for assessing the potential size and scope of identified climate-related risks and definitions of risk terminology used or references to existing risk classification frameworks used.","Grainger's sustainability report provides some information on how the company manages climate-related risks. The report mentions that the company is taking steps to manage its energy use and greenhouse gas emissions, and it has participated in the CDP since 2009. However, the report lacks specific details on how the company makes decisions to mitigate, transfer, accept, or control climate-related risks. The report also does not provide information on how the company prioritizes climate-related risks or how materiality determinations are made within the organization. Overall, while the report provides some information on the company's efforts to manage climate-related risks, it lacks specific details on key aspects of the company's processes.","The sustainability report by Grainger provides some information on how the company identifies, assesses, and manages climate-related risks. The report mentions that the company recognizes climate change as a significant global issue and is taking steps to manage its energy use and greenhouse gas emissions. However, the report lacks specific details on how the processes for identifying, assessing, and managing climate-related risks are integrated into the organization's overall risk management. The report does not provide any information on the company's risk management framework or how climate-related risks are prioritized and managed. Therefore, the report does not fully satisfy the TCFD guidelines for high-quality disclosure pertaining to the TCFD recommendation point.","The sustainability report by Grainger provides some information on the metrics used to assess climate-related risks and opportunities. The report mentions the company's participation in CDP and its disclosure score, which reflects the company's transparency. However, the report lacks specific details on the metrics used to measure and manage climate-related risks and opportunities. The report does not provide metrics on climate-related risks associated with water, energy, land use, and waste management. The report does not describe whether and how related performance metrics are incorporated into remuneration policies. The report does not provide internal carbon prices or climate-related opportunity metrics. The report does not provide forward-looking metrics for the cross-industry. Overall, the report lacks specific details on the metrics used to assess climate-related risks and opportunities.","Grainger's sustainability report provides some information on its greenhouse gas  emissions and related risks. The company discloses its Scope 1 and Scope 2 GHG emissions, but it is unclear whether it discloses its Scope 3 GHG emissions. The report does not provide GHG emissions for historical periods, nor does it describe the methodologies used to calculate or estimate the metrics. However, the report mentions that the company has set a target to reduce its GHG emissions per unit revenue by 33 percent from 2011 to 2020. Overall, the report lacks sufficient detail to meet the requirements for high-quality disclosure pertaining to GHG emissions and related risks.","The sustainability report provides some information on Grainger's targets to manage climate-related risks and opportunities. The report mentions that the company has set a target to reduce its North American Scope 1 and Scope 2 greenhouse gas emissions intensity, but it does not provide any specific details on the target's time frame, base year, or key performance indicators. The report also mentions the company's participation in the CDP and its recognition for strong disclosure scores. However, the report lacks information on the methodologies used to calculate targets and measures. Overall, the report provides limited information on Grainger's targets to manage climate-related risks and opportunities and performance against targets."
SCORE,20,20,20,20,20,50,50,40,40,50,40
