,"Company name: AEP
Company sector: Utility
Company location: United States
Pages: 105","Company name: AEP
Company sector: Utility
Company location: United States
Pages: 105","Company name: AEP
Company sector: Utility
Company location: United States
Pages: 105","Company name: AEP
Company sector: Utility
Company location: United States
Pages: 105","Company name: AEP
Company sector: Utility
Company location: United States
Pages: 105","Company name: AEP
Company sector: Utility
Company location: United States
Pages: 105","Company name: AEP
Company sector: Utility
Company location: United States
Pages: 105","Company name: AEP
Company sector: Utility
Company location: United States
Pages: 105","Company name: AEP
Company sector: Utility
Company location: United States
Pages: 105","Company name: AEP
Company sector: Utility
Company location: United States
Pages: 105","Company name: AEP
Company sector: Utility
Company location: United States
Pages: 105"
,tcfd_1,tcfd_2,tcfd_3,tcfd_4,tcfd_5,tcfd_6,tcfd_7,tcfd_8,tcfd_9,tcfd_10,tcfd_11
ANSWER,"The Committee on Directors and Corporate Governance leads the governance of climate risks, and the full Board is engaged in approving AEP’s strategy to invest in renewable energy, reduce carbon emissions, and support the clean energy transition. The Lead Director conducts governance outreach annually, and the Board receives frequent reports from management about the company’s sustainability initiatives and financial reporting, policy matters, and ESG performance. These issues are the subject of active discussion at Board meetings and Board committee meetings.","AEP's management is responsible for identifying and mitigating climate-related risks and opportunities. The company's risk management process helps identify strategic, financial, operational, and regulatory risks, assess the threats and controls, evaluate the risk, plan mitigation strategies, and monitor risks for changing conditions. AEP engages with diverse stakeholders to address climate change and has established business-unit-based and hazard-specific plans aligned to their emergency management framework to manage the strategic response.","AEP has identified climate change and transition to a clean energy future as the primary issue of interest among stakeholders. The company has identified physical risks associated with climate change and is prioritizing higher risk stations for remedial action. However, the report lacks specific information on the most relevant climate-related risks and opportunities over the short, medium, and long term.","Climate change is a primary issue of interest among stakeholders, and AEP engages with them to inform its corporate strategy, risk management, and disclosure. Strong ESG practices and strategy are linked to financial and operational performance. AEP has identified material ESG issues and established business-unit-based and hazard-specific plans aligned to its emergency management framework. However, the report lacks concrete data on the impact of climate-related risks and opportunities on AEP's financial performance and planning.","The report mentions AEP's Climate Impact Analysis Report, which provides an in-depth analysis of two climate scenarios, but it does not provide any specific information on the resilience of the organization's strategy in these scenarios. The report does mention that AEP has established business-unit-based and hazard-specific plans aligned to their emergency management framework to manage the strategic response, which aims to reduce the severity of the impact from the worst possible case to something less severe. However, it is unclear how effective these plans are in addressing climate-related scenarios. The report also mentions that AEP is prioritizing higher risk stations for remedial action, but it is unclear how effective this prioritization is in addressing physical risks associated with climate change.","AEP uses a risk management process to identify and assess climate-related risks, including strategic, financial, operational, and regulatory risks. The process helps evaluate the threats and controls, plan mitigation strategies, and monitor risks for changing conditions. The summary of risks is discussed and reviewed by the Audit Committee of the Board of Directors.","AEP manages climate-related risks through business-unit-based and hazard-specific plans aligned to their emergency management framework, which protects critical and non-critical processes to support continuity of operations during business disruptions. They also have comprehensive water conservation plans in place for drought-prone regions and prioritize higher risk stations for remedial action. AEP engages with stakeholders to identify physical risks associated with climate change and joined EPRI's Climate READiTM initiative to develop a common framework to address physical climate risk.","AEP's risk management process facilitates the identification, assessment, and management of climate-related risks. The process helps identify strategic, financial, operational, and regulatory risks; assess the threats and controls; evaluate the risk; plan mitigation strategies; and monitor risks for changing conditions. The Audit Committee of the Board of Directors reviews the summary of risks presented by senior leaders.","AEP maps its sustainability performance to several frameworks, including TCFD, SASB, CDP, and GRI Reports. The ESG Data Center gathers metrics and data points from GRI, CDP, and EEI ESG/Sustainability Report. Institutional investment advisor reports and direct investor input are considered in setting incentive compensation goals. AEP also engages with stakeholders through one-on-one conversations, webinars, and Climate Action 100+. However, the report lacks specific information on how these metrics help ensure performance is in line with its strategy and risk management process.","Yes, AEP discloses its Scope 1 GHG emissions in metric tons for 2019, 2020, and 2021. The related risks are not specified in the report.","AEP has set targets to achieve an 80% reduction in CO2 emissions by 2030, which are reviewed annually and expected to increase substantially. However, the report does not provide any information on how the company is performing against these targets. The report also mentions ongoing engagement with ESG-focused investors and Climate Action 100+, but it is unclear what targets the organization uses to understand/quantify/benchmark climate-related risks and opportunities."
SOURCES,"[222, 90, 606, 69, 64, 65]","[69, 107, 157, 158, 160, 163, 225, 222, 397, 469]","[69, 107, 156, 226, 263]","[61, 69, 41, 160, 107, 226, 163, 157, 222, 188, 62, 263, 164, 140, 225, 165, 95, 51, 57]","[89, 163, 225, 61, 263]","[158, 160]","[160, 107, 157, 69, 226, 222, 163, 225, 90, 347, 67, 263, 264, 109, 158, 95, 297, 469]",[158],"[89, 160, 557, 90, 156, 69, 109, 95, 107, 299, 300, 41, 61, 157, 62, 226, 67, 606, 197, 225]",[571],[225]
PAGE,"[35, 102, 11, 12, 15]","[35, 36, 73, 12, 18, 24, 25, 63]","[36, 41, 12, 18, 24]","[35, 36, 8, 41, 10, 11, 12, 16, 18, 21, 24, 25, 29]","[36, 41, 10, 15, 25]","[24, 25]","[35, 36, 41, 73, 12, 46, 15, 16, 18, 55, 24, 25]",[24],"[36, 102, 8, 10, 11, 12, 46, 15, 16, 47, 18, 86, 24, 25, 30]",[91],[36]
ANALYSIS,"The sustainability report provides some information on the board's oversight of climate-related risks and opportunities. It mentions that the board regularly discusses issues related to climate change, including carbon reduction goals, public policy and legislation, renewable investments, and AEP's strategy for a clean energy transition. The report also states that the Committee on Directors and Corporate Governance leads the governance of climate risks, and the full Board is engaged in approving AEP's strategy to invest in renewable energy, reduce carbon emissions, and support the local community. However, the report does not provide specific details on the processes and frequency by which the board and/or board committees are informed about climate-related issues, nor does it mention how the board monitors and oversees progress against goals and targets for addressing climate-related issues.","The disclosure provides some information on management's role in assessing and managing climate-related risks and opportunities. It mentions that the Audit Committee of the Board of Directors reviews the summary of risks related to climate change, and the Committee on Directors and Corporate Governance leads the governance of climate risks. However, the disclosure lacks specific details on the organizational structure, processes by which management is informed about climate-related issues, and how management monitors climate-related issues. Therefore, the disclosure partially meets the requirements for high-quality disclosure pertaining to the critical element.","The sustainability report provides some information on climate-related risks and opportunities, but it does not meet the TCFD guidelines in a comprehensive manner. The report does not provide a clear description of the relevant short-, medium-, and long-term time horizons, nor does it identify specific climate-related issues that could have a material financial impact on the organization. The report briefly mentions the process used to determine which risks and opportunities could have a material financial impact on the organization, but it does not provide any details. The report does not provide a description of risks and opportunities by sector and/or geography. Overall, the report lacks specificity and detail, making it difficult to assess the organization's approach to climate-related risks and opportunities.","The given disclosure provides some information on how climate-related risks and opportunities impact the organization's business strategy, economic and financial performance, and financial planning. However, the disclosure lacks specific details on the impact of climate-related issues on the organization's financial performance and financial position. The disclosure also does not provide information on how climate-related issues serve as an input to the organization's financial planning process, the time period used, and how these risks and opportunities are prioritized. Additionally, the disclosure does not describe the organization's plans for transitioning to a low-carbon economy, which could include GHG emissions targets and specific activities intended to reduce GHG emissions in their operations and value chain or to otherwise support the transition. Overall, the disclosure partially meets the requirements, but there is room for improvement.","The sustainability report provides some information on the organization's resilience to climate-related risks and opportunities, but it falls short of meeting the TCFD guidelines outlined for this TCFD recommendation point. The report mentions the identification of risks and the establishment of plans to manage the strategic response, but it does not provide specific details on how the organization's strategy would change to address potential risks and opportunities. Additionally, the report does not discuss the potential impact of climate-related issues on financial performance and financial position. While the report mentions climate-related scenarios, it does not provide information on the associated time horizon considered. Overall, the report lacks the necessary components for high-quality disclosure pertaining to this TCFD recommendation point.","The sustainability report provides some information on the organization's processes for identifying and assessing climate-related risks. The report mentions that AEP identifies strategic, financial, operational, and regulatory risks related to climate change and assesses the threats and controls. However, the report lacks specific details on how the organization determines the relative significance of climate-related risks in relation to other risks. The report also does not disclose whether the organization considers existing and emerging regulatory requirements related to climate change. Additionally, the report does not provide information on the processes for assessing the potential size and scope of identified climate-related risks and definitions of risk terminology used or references to existing risk classification frameworks used. Overall, the disclosure is insufficient to meet the TCFD guidelines.","The sustainability report provides some information on how the organization manages climate-related risks. It describes the processes for identifying and reducing the likelihood of risks, as well as being prepared to respond to and recover from risks. The report also mentions the Board's engagement in approving the company's strategy to invest in renewable energy, reduce carbon emissions, and support a clean energy transition. However, the report lacks specific details on how the organization makes decisions to mitigate, transfer, accept, or control climate-related risks. It also does not provide information on how materiality determinations are made within the organization. Overall, the disclosure is insufficient to meet the TCFD guidelines for high-quality disclosure pertaining to the TCFD recommendation point.","The disclosure provides some information on how the organization integrates processes for identifying, assessing, and managing climate-related risks into its overall risk management. The report mentions that the company identifies strategic, financial, operational, and regulatory risks, assesses the threats and controls, evaluates the risk, plans mitigation strategies, and monitors risks for changing conditions. However, the disclosure lacks specific details on how the company integrates climate-related risks into its overall risk management. The report does not provide any information on how the company prioritizes climate-related risks or how it plans to mitigate them. Overall, the disclosure is insufficient in meeting the TCFD guidelines.","The sustainability report does not provide sufficient information on the metrics used to assess climate-related risks and opportunities. The report mentions several frameworks, including TCFD, SASB, CDP, and GRI, but does not provide any specific metrics or data points. The report also does not mention whether and how related performance metrics are incorporated into remuneration policies. While the report mentions the company's commitment to a clean energy future and its climate governance and risk management approach, it does not provide any specific metrics or data points. Overall, the report lacks transparency and specificity on the metrics used to assess climate-related risks and opportunities.","The sustainability report provides some information on Scope 1 and Scope 2 GHG emissions, but it is unclear whether the organization has disclosed Scope 3 GHG emissions. The report does not provide any information on the related risks. The GHG emissions are calculated in line with the GHG Protocol methodology, and the report provides historical data for trend analysis. However, the report does not provide any industry-specific GHG efficiency ratios. The methodologies used to calculate or estimate the metrics are not described in detail. Overall, the report partially meets some of the TCFD guidelines, but it lacks specific details and does not fully meet the TCFD recommendation point.","The sustainability report does not provide sufficient information on the targets used by the organization to manage climate-related risks and opportunities and performance against targets. The report does not describe the key climate-related targets such as those related to GHG emissions, water usage, energy usage, etc. The report does not provide information on whether the target is absolute or intensity based, time frames over which the target applies, base year from which progress is measured, and key performance indicators used to assess progress against targets. The report does not disclose associated interim targets in aggregate or by business line, where available. The methodologies used to calculate targets and measures are not described. Therefore, the report does not meet the TCFD guidelines."
SCORE,60,60,40,60,40,40,50,40,20,50,0
