,"Company name: Grainger
Company sector: Multiline and Specialty Retailers & Distributors
Company location: Lake Forest, Illinois, USA
Pages: 52","Company name: Grainger
Company sector: Multiline and Specialty Retailers & Distributors
Company location: Lake Forest, Illinois, USA
Pages: 52","Company name: Grainger
Company sector: Multiline and Specialty Retailers & Distributors
Company location: Lake Forest, Illinois, USA
Pages: 52","Company name: Grainger
Company sector: Multiline and Specialty Retailers & Distributors
Company location: Lake Forest, Illinois, USA
Pages: 52","Company name: Grainger
Company sector: Multiline and Specialty Retailers & Distributors
Company location: Lake Forest, Illinois, USA
Pages: 52","Company name: Grainger
Company sector: Multiline and Specialty Retailers & Distributors
Company location: Lake Forest, Illinois, USA
Pages: 52","Company name: Grainger
Company sector: Multiline and Specialty Retailers & Distributors
Company location: Lake Forest, Illinois, USA
Pages: 52","Company name: Grainger
Company sector: Multiline and Specialty Retailers & Distributors
Company location: Lake Forest, Illinois, USA
Pages: 52","Company name: Grainger
Company sector: Multiline and Specialty Retailers & Distributors
Company location: Lake Forest, Illinois, USA
Pages: 52","Company name: Grainger
Company sector: Multiline and Specialty Retailers & Distributors
Company location: Lake Forest, Illinois, USA
Pages: 52","Company name: Grainger
Company sector: Multiline and Specialty Retailers & Distributors
Company location: Lake Forest, Illinois, USA
Pages: 52"
,tcfd_1,tcfd_2,tcfd_3,tcfd_4,tcfd_5,tcfd_6,tcfd_7,tcfd_8,tcfd_9,tcfd_10,tcfd_11
ANSWER,"The Board Affairs and Nominating Committee  oversees the company's CSR activity annually to advance the interests of shareholders, including involvement in the communities Grainger serves. The BANC receives routine reports and updates on environmental, social, and governance  matters. The Board includes directors with expertise in critical environmental, social, and governance issues. The Board's role is to oversee the Company's enterprise risk management  programs, including risk assessment and risk treatments. The CEO chairs the ESG Leadership Council, which provides guidance, strategic awareness, and counsel to the Company's CSR program. Grainger recognizes the urgency of climate change action and supports greenhouse gas  reduction targets consistent with the net-zero climate.","Grainger's Enterprise Risk Management team facilitates the use of the Company’s Enterprise Risk Management Framework to define, measure, and monitor risk across the organization, including climate-related risks. The Board has overall responsibility for risk oversight, with the Audit Committee assisting the Board in performing this function. Grainger recognizes the urgency of climate change action and supports GHG reduction targets. However, the report lacks specific details on management's role in assessing and managing climate-related risks and opportunities.","Grainger has identified climate change risk and resilience, efficient operations, customer solutions, supply chain stewardship, and sustainable products as relevant climate-related risks and opportunities. The report does not clearly associate these risks with a horizon. The company has set a GHG reduction target of 30% by 2030, but the report lacks concrete data on how this target will be achieved. The report also lacks specific metrics and targets used to assess and manage climate-related risks and opportunities.","Grainger discloses its commitment to transparency on climate change risk management, governance, and performance. The company identifies, assesses, and manages climate-related risks. Grainger recognizes the urgency of climate change action and supports greenhouse gas reduction targets. However, the report lacks specific metrics and targets used to assess and manage relevant climate-related risks and opportunities, making it difficult to evaluate the effectiveness of the company's strategy and financial planning.","Grainger has disclosed its GHG reduction target and emissions data in its 2020 CSR Report and CDP Climate Change Survey response. The company aims to reduce its absolute scope 1 and scope 2 emissions by 30% by 2030. However, the report lacks specific information on how resilient the organization's strategy is when considering different climate-related scenarios or physical risks.","Grainger discloses in its 2020 CDP response and 2020 CSR report that it uses its Enterprise Risk Management Framework to identify, measure, and monitor climate-related risks. The company also mentions its response to the TCFD-recommended disclosures. However, the report lacks specific details on the processes used to assess and manage climate-related risks.","Grainger has disclosed its climate change risk management, governance, and performance in response to the TCFD-recommended disclosures. The company has established an Enterprise Risk Management Framework  to measure and prioritize risks and opportunities, including climate-related risks. Grainger has set a new GHG reduction target of 30% by 2030, and its climate-related metrics and targets are included in its 2020 CSR Report and CDP Climate Change Survey response. The company follows guidelines set forth by the Science Based Targets Initiative  and the Greenhouse Gas Protocol to reduce its carbon emissions.","Grainger discloses its commitment to providing transparency on its climate change risk management, governance, and performance. The company's Enterprise Risk Management Framework  is used to define, measure, and monitor risk across the organization, including climate-related risks. Grainger also provides a summary of its response to the TCFD-recommended disclosures. However, the report lacks specific details on how the processes for identifying, assessing, and managing climate-related risks are integrated into the organization's overall risk management.","Grainger discloses the metrics and targets used to assess and manage relevant climate-related risks and opportunities in its 2020 CSR Report and CDP 2020 Response. The company uses its Enterprise Risk Management Framework  to define, measure, and monitor risk across the organization, including climate-related risks. The RMF establishes a common language and methodology to measure and prioritize risks and opportunities and define a process for monitoring.",Grainger discloses its Scope 1 and Scope 2 GHG emissions in its 2020 CSR Report and CDP Climate Change Survey response. The company aims to reduce its absolute Scope 1 and Scope 2 GHG emissions by 30% from a 2018 baseline by 2030. The report does not provide any specific data on Scope 3 emissions. The related risks are not mentioned in the report.,Grainger has set a GHG reduction target of 30% by 2030 using a 2018 baseline. The target is disclosed in their 2020 CSR Report and CDP Climate Change Survey response. No information was found on how the organization is performing against this target.
SOURCES,"[358, 359, 352, 224, 183]","[354, 360, 188]","[40, 352, 362, 79, 183, 355, 356, 188, 224, 215, 360]","[361, 364, 40, 352, 354, 356, 275, 2, 224, 215, 183, 50, 79, 297, 305, 360, 276, 188, 184]","[361, 362]","[356, 354, 364]","[40, 354, 355, 362]","[356, 354, 364]","[354, 356, 362]","[188, 361, 363, 192, 189, 353, 190, 308, 291, 215, 186, 183]","[361, 362]"
PAGE,"[50, 36, 30]","[50, 31]","[35, 36, 8, 15, 50, 30, 31]","[1, 35, 36, 8, 10, 43, 45, 46, 15, 50, 30, 31]",[50],[50],"[8, 50]",[50],[50],"[35, 45, 46, 50, 30, 31]",[50]
ANALYSIS,"The sustainability report provides some information on the board's oversight of climate-related risks and opportunities. The report mentions that the board oversees the company's enterprise risk management programs, including risk assessment and risk treatments. However, the report does not provide any information on the processes and frequency by which the board and/or board committees are informed about climate-related issues. The report also does not mention whether the board and/or board committees consider climate-related issues when reviewing and guiding strategy, major plans of action, risk management policies, annual budgets, and business plans. Additionally, the report does not provide any information on how the board monitors and oversees progress against goals and targets for addressing climate-related issues. Overall, the disclosure is insufficient to meet the TCFD guidelines.","The given sustainability report does not provide sufficient information to assess the role of management in assessing and managing climate-related risks and opportunities. The report does not mention whether the organization has assigned climate-related responsibilities to management-level positions or committees, nor does it describe the associated organizational structure. The report does not provide information on how management is informed about climate-related issues or how it monitors climate-related issues. While the report mentions Grainger's Enterprise Risk Management team, it does not provide specific details on how the team assesses and manages climate-related risks. Overall, the report lacks the necessary components for high-quality disclosure pertaining to the critical element of management's role in assessing and managing climate-related risks and opportunities.","The given disclosure provides some information on climate-related risks and opportunities, but it does not meet all the requirements for high-quality disclosure. The disclosure does not provide a clear description of the relevant short-, medium-, and long-term time horizons, nor does it describe the specific climate-related issues potentially arising in each time horizon. The disclosure does mention the process used to determine which risks and opportunities could have a material financial impact on the organization, but it does not provide a detailed description of this process. The disclosure also lacks information on risks and opportunities by sector and/or geography. Overall, the disclosure provides some information on climate-related risks and opportunities, but it is not sufficiently detailed to meet all the requirements for high-quality disclosure.","The sustainability report provides some information on how climate-related risks and opportunities impact the organization's businesses strategy, economic and financial performance, and financial planning. The report mentions the company's commitment to providing transparency on climate change risk management, governance, and performance. However, the report lacks specific details on how climate-related issues have affected the company's businesses, strategy, and financial planning. The report does not provide any information on the impact of climate-related issues on the company's financial performance and financial position. The report does not describe the impact of climate-related issues on the company's operations, acquisitions or divestments, and access to capital. The report does not describe the company's plans for transitioning to a low-carbon economy. Overall, the report provides insufficient information to rate the disclosure quality on the given critical element.","The sustainability report provides some information on the organization's strategy and risk management related to climate change. The report mentions the organization's GHG reduction targets and emissions data, which is a positive step towards disclosing climate-related risks and opportunities. However, the report lacks details on how the organization's strategy is resilient to different climate-related scenarios, including a 2°C target or lower scenario. The report also does not provide information on the potential impact of climate-related issues on financial performance and financial position. While the report mentions the Task Force on Climate-related Financial Disclosures  and the organization's governance around climate-related risks and opportunities, it does not provide specific details on how the organization identifies, assesses, and manages climate-related risks. Overall, the report provides some information on climate-related risks and opportunities, but it lacks specific details on the organization's resilience to different climate-related scenarios.","The given disclosure provides some information on the organization's processes for identifying and assessing climate-related risks. The report mentions the use of an Enterprise Risk Management Framework  to measure and prioritize risks and opportunities, and the consideration of existing and emerging regulatory requirements related to climate change. However, the report lacks specific details on the processes used to assess the potential size and scope of identified climate-related risks and the definitions of risk terminology used. Additionally, the report does not provide a clear description of how the organization determines the relative significance of climate-related risks in relation to other risks. Overall, the disclosure partially meets the requirements for high-quality disclosure pertaining to the critical element of identifying and assessing climate-related risks.","The sustainability report provides some information on how the organization manages climate-related risks. The report discloses the actual and potential impacts of climate-related risks and opportunities on the organization's businesses, strategy, and financial planning. It also discloses how the organization identifies, assesses, and manages climate-related risks. However, the report lacks information on the organization's processes for managing climate-related risks, including how they make decisions to mitigate, transfer, accept, or control those risks. Additionally, the report does not provide information on the organization's processes for prioritizing climate-related risks, including how materiality determinations are made within their organizations. Overall, the report provides some information on the management of climate-related risks, but it lacks specific details on the organization's processes for managing these risks.","The sustainability report provides some information on how the organization identifies, assesses, and manages climate-related risks. The report mentions the use of an Enterprise Risk Management Framework  to measure and prioritize risks and opportunities, and the Board's role in overseeing the Company's enterprise risk management programs. However, the report lacks specific details on how climate-related risks are integrated into the organization's overall risk management. The report does not provide information on metrics and targets used to assess and manage relevant climate-related risks and opportunities. Overall, the disclosure is insufficient in meeting the TCFD guidelines.","The sustainability report provides some information on the metrics used to assess climate-related risks and opportunities. The report mentions the company's GHG reduction target and emissions data, which are included in the 2020 CSR report and CDP response. However, the report lacks specific details on the metrics used to measure and manage climate-related risks and opportunities, and it does not provide information on metrics consistent with the cross-industry. The report also does not mention whether and how related performance metrics are incorporated into remuneration policies. While the report provides some information on the methodologies used to calculate or estimate climate-related metrics, it does not provide a comprehensive description. Overall, the report partially meets the TCFD guidelines for high-quality disclosure pertaining to the TCFD recommendation point.","The sustainability report of Grainger provides a detailed disclosure of its Scope 1 and Scope 2 GHG emissions, and its Scope 3 emissions, including energy indirect, other indirect, and direct GHG emissions. The report also includes a description of the methodologies used to calculate or estimate the metrics. Grainger has set a new GHG reduction target consistent with the Paris Climate Agreement's goal of limiting global warming to well below two degrees Celsius. However, the report does not provide industry-specific GHG efficiency ratios, which is a requirement for high-quality disclosure. The report also lacks information on the related risks and how they differ depending on the scope. Overall, the report meets most of the requirements, but there is room for improvement.","The sustainability report provides some information on the organization's targets to manage climate-related risks and opportunities and performance against targets. The report includes a GHG reduction target, but it lacks details on whether the target is absolute or intensity-based, time frames, base year, and key performance indicators. The report also does not provide a description of the methodologies used to calculate targets and measures. The report meets some of the requirements, such as disclosing the actual and potential impacts of climate-related risks and opportunities on the organization's businesses, strategy, and financial planning and disclosing how the organization identifies, assesses, and manages climate-related risks. However, the report lacks sufficient details to meet most of the requirements."
SCORE,30,20,50,30,60,60,70,40,60,80,60
