,"Company name: Euronav
Company sector: Shipping and Logistics
Company location: Antwerp, Belgium
Pages: 70","Company name: Euronav
Company sector: Shipping and Logistics
Company location: Antwerp, Belgium
Pages: 70","Company name: Euronav
Company sector: Shipping and Logistics
Company location: Antwerp, Belgium
Pages: 70","Company name: Euronav
Company sector: Shipping and Logistics
Company location: Antwerp, Belgium
Pages: 70","Company name: Euronav
Company sector: Shipping and Logistics
Company location: Antwerp, Belgium
Pages: 70","Company name: Euronav
Company sector: Shipping and Logistics
Company location: Antwerp, Belgium
Pages: 70","Company name: Euronav
Company sector: Shipping and Logistics
Company location: Antwerp, Belgium
Pages: 70","Company name: Euronav
Company sector: Shipping and Logistics
Company location: Antwerp, Belgium
Pages: 70","Company name: Euronav
Company sector: Shipping and Logistics
Company location: Antwerp, Belgium
Pages: 70","Company name: Euronav
Company sector: Shipping and Logistics
Company location: Antwerp, Belgium
Pages: 70","Company name: Euronav
Company sector: Shipping and Logistics
Company location: Antwerp, Belgium
Pages: 70"
,tcfd_1,tcfd_2,tcfd_3,tcfd_4,tcfd_5,tcfd_6,tcfd_7,tcfd_8,tcfd_9,tcfd_10,tcfd_11
ANSWER,"The Sustainability Committee, composed of both Executive and Supervisory board members, oversees the company's conduct and performance on sustainability matters, including climate-related risks and opportunities. The Committee informs and makes recommendations to the Supervisory Board on any area within its remit where action or improvement is needed. The Committee also monitors the effectiveness of the organization to meet stated goals and CDP scoring obtained by Euronav during 2021. However, the report lacks specific details on the board's direct actions and responsibilities regarding climate issues.","Euronav's sustainability report does not provide a clear description of the role of management in assessing and managing climate-related risks and opportunities. However, the report mentions that the Sustainability Committee oversees the company's conduct and performance on sustainability matters and informs the Supervisory Board when action or improvement is needed .","Euronav has identified climate change risk and disclosure, clean energy, emissions, and seafarer operating conditions as high materiality items over the short, medium, and long term. The report acknowledges the uncertainty of long-term targets and the potential risks that accompany Euronav's decarbonisation strategy. However, the report lacks concrete data on the company's progress towards achieving its sustainability goals and the effectiveness of its risk management framework.","Euronav acknowledges the potential negative impact of climate change on its operations, including reputational risks, compliance costs, and liability from future litigations. The company also recognizes the potential adverse effects of climate change on the demand for oil and gas, as well as the physical effects of climate change on its operations. However, the report lacks concrete data on the company's actual performance and actions towards mitigating these risks and opportunities.","Euronav's sustainability report acknowledges the risks of climate change, including physical risks and potential liability from future litigations. However, the report lacks concrete information on the resilience of the company's strategy in different climate-related scenarios, including a 2°C target or lower scenario. The report mentions long-term targets but acknowledges the uncertainty surrounding them. Therefore, the report does not provide sufficient evidence of the resilience of the company's strategy in these scenarios.","Euronav uses a Multi-Actor Multi-Criteria Analysis tool to identify and assess material items for sustainability reporting. They provide full scope 1, 2, and 3 disclosure of their carbon emissions and footprint, which are verified by EcoAct. They aim to establish a comprehensive value chain engagement framework to track and mitigate scope 3 emissions. They also monitor risks that accompany their decarbonisation strategy, including technological, market, regulatory, and social risks.","Euronav aims to reduce its carbon emissions and footprint by providing full scope 1, 2, and 3 disclosure of its carbon emissions and footprint, which are verified by an external audit agency. The company has set a decarbonisation strategy that aligns with the emission reduction targets of IMO 2030 and IMO 2050. Euronav is also testing the use of biofuel blends during its voyages to better understand the positive environmental impact and operational stability.","Euronav has established a strong internal ESG risk management framework which includes climate-related risks and opportunities. The company aims to optimize its risk assessment procedures by incorporating future scenarios. However, the report lacks specific information on how climate-related risks are integrated into the organization's overall risk management.","Euronav provides full scope 1, 2 and 3 disclosure of their carbon emissions and footprint, which are verified by an external audit agency. They aim to establish a comprehensive value chain engagement framework with their key vendors to track and mitigate scope 3 emissions. The company also mentions the Poseidon Principles and the EU framework for defining 'green' economic activities. However, the report lacks specific metrics used to assess climate-related risks and opportunities and how they help ensure performance is in line with strategy and risk management process.","Yes, Euronav provides full scope 1, 2, and 3 disclosure of their carbon emissions and footprint. The 99% of Scope 1 emissions are attributed to the fuels burned in their vessels for operations. The 95% of Scope 3 emissions represent Well-to-Tank emissions of the fuels that they burn and that are covered by their analysis. The related risks are not explicitly stated in the report.","Euronav provides full scope 1, 2, and 3 disclosure of their carbon emissions and footprint, which are verified by EcoAct. They aim to establish a comprehensive value chain engagement framework with key vendors to track and mitigate scope 3 emissions. However, their targets for climate-related risks and opportunities received a 'D' score from CDP in 2021."
SOURCES,"[15, 21, 732, 729]",[729],"[58, 174, 21, 112, 61, 137, 126, 186, 614, 140, 63]","[422, 614, 615, 112, 76, 416, 118, 186, 140, 507, 61, 21, 142, 139, 457, 74, 58, 137, 645, 647]","[174, 118, 422, 76, 126, 137, 112, 61, 49, 142, 92, 222, 416]","[55, 58, 112, 126, 174, 261, 404]","[112, 140, 92, 118, 15]","[112, 126]","[112, 729, 135, 118, 49]","[112, 175]","[112, 174, 729]"
PAGE,"[1, 2, 54]",[54],"[2, 6, 10, 12, 46, 15, 16]","[2, 35, 36, 37, 6, 7, 40, 10, 11, 12, 13, 46, 16, 48]","[35, 36, 5, 6, 7, 9, 10, 11, 12, 13, 15, 19]","[35, 6, 10, 12, 15, 22]","[1, 9, 10, 11, 12]","[10, 12]","[5, 10, 11, 12, 54]","[10, 15]","[10, 54, 15]"
ANALYSIS,"The sustainability report provides some information on the board's oversight of climate-related risks and opportunities. It mentions the existence of a Sustainability Committee that oversees the company's conduct and performance on sustainability matters, informs the Supervisory Board, and monitors progress against goals. However, the report does not provide specific details on how the board and/or board committees are informed about climate-related issues, whether they consider climate-related issues when reviewing and guiding strategy, risk management policies, and business plans, and how they oversee progress against goals and targets for addressing climate-related issues. Therefore, the report lacks sufficient information to meet the TCFD guidelines for high-quality disclosure on the TCFD recommendation point.","The given disclosure provides limited information on management's role in assessing and managing climate-related risks and opportunities. While it briefly mentions the Sustainability Committee's oversight of the company's conduct and performance on sustainability matters, it does not provide any details on the associated organizational structure, processes for informing management about climate-related issues, or how management monitors climate-related issues. Therefore, the disclosure does not meet most of the requirements outlined for high-quality disclosure pertaining to the critical element.","The sustainability report provides some information on climate-related risks and opportunities over the short, medium, and long term. The report identifies some specific climate-related issues that could have a material financial impact on the organization. However, the report lacks a clear description of the relevant short-, medium-, and long-term time horizons, and the process used to determine which risks and opportunities could have a material financial impact on the organization. The report does not provide a description of risks and opportunities by sector and/or geography. Overall, the disclosure is insufficiently detailed and lacks specificity, resulting in a score of 50.","The sustainability report provides some information on how climate-related risks and opportunities impact the organization's businesses strategy, economic and financial performance, and financial planning. The report discusses the impact of climate-related risks and opportunities on the organization's products and services, supply chain and/or value chain, adaptation and mitigation activities, investment in research and development, operations, acquisitions or divestments, and access to capital. However, the report lacks specific details on how these risks and opportunities are prioritized, how climate-related issues serve as an input to their financial planning process, and the impact of climate-related issues on their financial performance and financial position. The report also fails to describe their plans for transitioning to a low-carbon economy, which could include GHG emissions targets and specific activities intended to reduce GHG emissions in their operations and value chain or to otherwise support the transition.","The sustainability report provides limited information on the resilience of the organization's strategy to climate-related risks and opportunities. While the report acknowledges the potential impact of climate-related issues on financial performance and the physical effects of climate change on operations, it does not provide a comprehensive discussion of how the organization's strategy might change to address such potential risks and opportunities. The report also does not provide information on the climate-related scenarios and associated time horizon considered. Overall, the report lacks specificity and detail in meeting the TCFD guidelines for this TCFD recommendation point.","The sustainability report provides some information on the organization's processes for identifying and assessing climate-related risks. The report mentions that the company provides full scope 1, 2, and 3 disclosure of carbon emissions and footprint, and that carbon emissions are verified by an external audit agency. The report also describes the company's approach to materiality assessment and stakeholder engagement. However, the report does not provide sufficient details on how the organization determines the relative significance of climate-related risks in relation to other risks, or whether it considers existing and emerging regulatory requirements related to climate change. The report also does not disclose the processes for assessing the potential size and scope of identified climate-related risks or definitions of risk terminology used or references to existing risk classification frameworks used.","The disclosure provided by the organization does not fully meet the requirements for high-quality disclosure pertaining to the management of climate-related risks. While the report mentions the need for investment in the energy transition and the importance of reporting climate-aligned portfolios, it does not provide a clear description of the organization's processes for managing climate-related risks or how materiality determinations are made. The report does provide some information on the organization's carbon emissions and decarbonization strategy, but it lacks detail on how the organization prioritizes climate-related risks. Overall, the disclosure is insufficiently detailed and does not fully meet the requirements for high-quality disclosure.","The disclosure provided in the sustainability report is insufficient to meet the requirements for high-quality disclosure pertaining to the critical element of how processes for identifying, assessing, and managing climate-related risks are integrated into the organization's overall risk management. While the report mentions risk management and internal control, it does not provide any specific details on how climate-related risks are integrated into the overall risk management process. The report also lacks information on the tools and criteria used to identify and assess climate-related risks. Therefore, the disclosure does not meet the requirements for high-quality disclosure pertaining to the critical element.","The sustainability report provides limited information on the metrics used to assess climate-related risks and opportunities. While the report mentions the provision of full scope 1, 2, and 3 disclosure of carbon emissions, it does not provide any specific metrics or methodologies used to calculate or estimate climate-related metrics. The report also fails to provide metrics on climate-related risks associated with water, energy, land use, and waste management. However, the report does mention the establishment of a comprehensive value chain engagement framework to track and mitigate scope 3 emissions. Overall, the report lacks the necessary components for high-quality disclosure pertaining to the critical element.","The disclosure provides information on Scope 1 and Scope 2 GHG emissions, and partially includes Scope 3 emissions. The emissions are calculated in line with the GHG Protocol methodology, and historical data is provided for trend analysis. However, the disclosure lacks details on the related risks and does not provide a description of the methodologies used to calculate or estimate the metrics. Additionally, the disclosure does not explicitly state that all organizations should consider disclosing Scope 3 GHG emissions. Overall, the disclosure partially meets the TCFD guidelines, but lacks some important details.","The sustainability report provides some information on the targets used by the organization to manage climate-related risks and opportunities and performance against targets. The report mentions that the company provides full scope 1, 2 and 3 disclosure of carbon emissions and footprint, and that carbon emissions are verified by an external audit agency. However, the report lacks specific details on the key climate-related targets, time frames, base year, and key performance indicators used to assess progress against targets. The report also does not provide a description of the methodologies used to calculate targets and measures. Therefore, while the report provides some information on the TCFD recommendation point, it does not fully satisfy the TCFD guidelines."
SCORE,40,20,50,70,30,50,40,20,30,70,50
