,"Company name: Hecla Mining Company
Company sector: Mining
Company location: United States
Pages: 77","Company name: Hecla Mining Company
Company sector: Mining
Company location: United States
Pages: 77","Company name: Hecla Mining Company
Company sector: Mining
Company location: United States
Pages: 77","Company name: Hecla Mining Company
Company sector: Mining
Company location: United States
Pages: 77","Company name: Hecla Mining Company
Company sector: Mining
Company location: United States
Pages: 77","Company name: Hecla Mining Company
Company sector: Mining
Company location: United States
Pages: 77","Company name: Hecla Mining Company
Company sector: Mining
Company location: United States
Pages: 77","Company name: Hecla Mining Company
Company sector: Mining
Company location: United States
Pages: 77","Company name: Hecla Mining Company
Company sector: Mining
Company location: United States
Pages: 77","Company name: Hecla Mining Company
Company sector: Mining
Company location: United States
Pages: 77","Company name: Hecla Mining Company
Company sector: Mining
Company location: United States
Pages: 77"
,tcfd_1,tcfd_2,tcfd_3,tcfd_4,tcfd_5,tcfd_6,tcfd_7,tcfd_8,tcfd_9,tcfd_10,tcfd_11
ANSWER,"The board oversees climate-related risks and opportunities by providing independent risk oversight with a focus on the most significant risks facing the company, including strategic, operational, legal and regulatory, financing, and reputational risks. The board receives regular risk management updates from senior management, including risk of freshwater. The Governance and Social Responsibility Committee is responsible for reviewing and making recommendations to the Board regarding the Company’s policies, programs, practices, metrics, and performance indicators regarding ESG matters. The Health, Safety, Environmental and Technical Committee assists the Board in monitoring policies and performance.","Management is responsible for identifying and assessing climate-related risks and opportunities, as well as incorporating them into risk management and strategic planning processes. The board provides independent risk oversight, and management updates the board regularly on risk management. However, the report lacks specific details on the processes and metrics used to manage climate-related risks and opportunities.","Hecla Mining Company recognizes that climate change is expected to create greater potential risks for its operations, including risks posed by increased frequency of droughts and more extreme weather events such as intense rainfalls. Potential operational risks include higher volumes of mine contact water requiring storage and treatment, increased requirements for stormwater diversion and associated water management systems, and reduced availability of freshwater. However, the report lacks specificity on the horizon of these risks and opportunities.","Hecla Mining Company recognizes that climate change poses potential risks to its operations, including risks posed by increased frequency of droughts and more extreme weather events such as intense rainfalls. The company has established rigorous sustainability targets, including reducing its Scope 1 and Scope 2 greenhouse gas emissions by 11% from 2020 to 2021. However, the report lacks concrete data on the metrics used to assess climate-related risks and opportunities, and the long-term and short-term strategy or plan to manage Scope 1 emissions.","Hecla Mining Company's sustainability report acknowledges the potential risks posed by climate change, including increased frequency of droughts and extreme weather events. The report states that the company conducts high-level risk assessments every three years that include climate change considerations. However, the report lacks concrete information on the company's strategy for different climate-related scenarios, including a 2°C target or lower scenario, and its resilience to climate physical risks.",Hecla Mining Company conducts structured high-level risk assessments  every three years that include climate change considerations and appropriate materiality. The company is committed to incorporating climate-related risks and opportunities into its risk management and strategic planning processes aligned with the TCFD framework.,"Hecla Mining Company has committed to incorporating climate-related risks and opportunities into their risk management and strategic planning processes aligned with the TCFD framework. They conduct structured high-level risk assessments every three years that include climate change considerations and appropriate materiality. They also recognize that the impacts of climate change are expected to create greater potential risks for its operations, including risks posed by increased frequency of droughts and more extreme weather events such as intense rainfalls. They have established rigorous sustainability targets, including a 30% reduction of combined GHG emissions  from their 2019 baseline emissions of 135,301 metric tonnes CO2e by 2030, while maintaining a net zero  carbon footprint through the purchase of carbon emission reduction credits.","Hecla Mining Company has committed to incorporating climate-related risks and opportunities into its risk management and strategic planning processes aligned with the TCFD framework. The company conducts structured high-level risk assessments every three years that include climate change considerations and appropriate materiality. The Board provides independent risk oversight with a focus on the most significant risks facing the company, including strategic, operational, legal and regulatory, financing, and reputational risks. However, the report lacks specific details on how the identified climate-related risks are integrated into the overall risk management process.","Hecla Mining Company discloses the metrics used to assess climate-related risks and opportunities in line with its strategy and risk management process. The metrics include gross global Scope 1 emissions, percentage covered under emissions-limiting regulations, and an analysis of performance against those targets. The company also discloses Scope 1, Scope 2, and, if appropriate, Scope 3 greenhouse gas  emissions, and the related risks. The metrics help ensure that the performance is in line with its strategy and risk management process.",Hecla Mining Company discloses its Scope 1 and Scope 2 GHG emissions in metric tonnes CO2e. The related risks are not specified. There is no mention of Scope 3 emissions.,"Hecla Mining Company has set a target to reduce combined GHG emissions  from their 2019 baseline emissions of 135,301 metric tonnes CO2e by 30% by 2030, while maintaining a net zero  carbon footprint through the purchase of carbon emission reduction credits. They have also established a goal to increase the proportion of renewable energy in their facility climate change management. The report does not provide information on how the organization is performing against these targets."
SOURCES,"[48, 51, 235, 290, 218, 249]","[288, 289, 290, 292, 304, 338]","[62, 61]","[61, 234, 235, 254, 272, 288, 289, 290, 292, 293, 304, 338, 348]","[12, 62, 288, 289, 304, 338, 348, 61, 255, 260, 272, 292, 293]","[62, 289]","[62, 289, 61, 288, 290, 235, 304, 233, 348, 46]","[62, 289, 288, 290, 292, 61, 338, 63, 235, 281, 304, 260, 234, 233, 49, 229]","[288, 292, 63]","[290, 65, 272, 262, 288, 307, 309, 266, 313, 308, 62, 260, 250, 256, 3, 304, 247, 56]","[65, 12]"
PAGE,"[10, 47, 50, 54, 60]","[73, 60, 61, 63]",[12],"[73, 75, 12, 50, 55, 58, 60, 61, 63]","[2, 73, 75, 12, 55, 56, 58, 60, 61, 63]","[12, 60]","[9, 75, 12, 50, 60, 63]","[73, 10, 12, 49, 50, 56, 59, 60, 61, 63]","[12, 60, 61]","[64, 65, 1, 11, 12, 13, 54, 55, 56, 57, 58, 60, 63]","[2, 13]"
ANALYSIS,"The sustainability report provides some information on the board's oversight of climate-related risks and opportunities. It describes the processes and frequency by which the board and/or board committees are informed about climate-related issues. It also mentions that the board and/or board committees consider climate-related issues when reviewing and guiding strategy, major plans of action, risk management policies, annual budgets, and business plans. However, the report lacks specific details on how the board monitors and oversees progress against goals and targets for addressing climate-related issues. The report also provides some information on management's role in assessing and managing climate-related risks and opportunities. Overall, the disclosure is somewhat satisfactory but lacks specific details on some of the requirements.","The sustainability report provides some information on management's role in assessing and managing climate-related risks and opportunities. It describes the board's oversight of climate-related risks and opportunities and management's role in assessing and managing climate-related risks and opportunities. However, the report does not provide information on whether the organization has assigned climate-related responsibilities to management-level positions or committees, the associated organizational structure, processes by which management is informed about climate-related issues, and how management monitors climate-related issues. Therefore, the report partially meets the TCFD guidelines for high-quality disclosure pertaining to the TCFD recommendation point.","The sustainability report provides some information on the climate-related risks and opportunities identified by the organization over the short, medium, and long term. The report describes the relevant time horizons, specific climate-related issues, and the processes used to determine which risks and opportunities could have a material financial impact on the organization. However, the report lacks details on the materiality of the risks and opportunities, and it does not provide a description of the risks and opportunities by sector and/or geography, as appropriate. Overall, the report provides a basic level of disclosure on the TCFD recommendation point.","The sustainability report provides some information on the impact of climate-related risks and opportunities on the organization's businesses, strategy, and financial planning. The report identifies climate-related risks and opportunities over the short, medium, and long term, and describes the organization's processes for identifying and assessing climate-related risks. The report also describes the impact of climate-related issues on the organization's financial performance and financial position. However, the report lacks specific details on how climate-related issues serve as an input to the organization's financial planning process, the time period used, and how these risks and opportunities are prioritized. The report also does not describe the organization's plans for transitioning to a low-carbon economy, which could include GHG emissions targets and specific activities intended to reduce GHG emissions in their operations and value chain or to otherwise support the transition.","The sustainability report provides some information on the organization's resilience to climate-related risks and opportunities, but it lacks specific details on how the organization's strategy would change to address such risks and opportunities. The report does not mention any potential impact of climate-related issues on financial performance and financial position. The report does not provide any information on the climate-related scenarios and associated time horizon considered. The report does not provide any information on how the organization's strategy is resilient to climate physical risks. However, the report does describe the organization's processes for identifying and assessing climate-related risks and managing them. The report also discloses the metrics used by the organization to assess climate-related risks and opportunities in line with its strategy and risk management process.","The sustainability report provides some information on the organization's processes for identifying and assessing climate-related risks. The report describes the organization's risk management processes for identifying and assessing climate-related risks and how they determine the relative significance of climate-related risks in relation to other risks. The report also discloses that the organization considers existing and emerging regulatory requirements related to climate change. However, the report lacks specific details on the processes for assessing the potential size and scope of identified climate-related risks and definitions of risk terminology used or references to existing risk classification frameworks used. Overall, the disclosure quality is moderate, and the report could benefit from more specific details to meet all the TCFD guidelines.","The sustainability report provides a comprehensive disclosure on how the organization manages climate-related risks. The report describes the organization's processes for identifying and assessing climate-related risks, including how they make decisions to mitigate, transfer, accept, or control those risks. The report also describes the organization's processes for prioritizing climate-related risks, including how materiality determinations are made within their organizations. The report discloses the metrics used by the organization to assess climate-related risks and opportunities in line with its strategy and risk management process. However, the report lacks specific details on how the organization manages climate-related risks. For instance, the report does not provide information on how the organization controls climate-related risks. Overall, the report meets most of the requirements, and the score is 85.","The sustainability report provides a comprehensive disclosure on the processes for identifying, assessing, and managing climate-related risks integrated into the organization's overall risk management. The report describes the organization's processes for identifying and assessing climate-related risks, managing climate-related risks, and the board's oversight of climate-related risks and opportunities. The report also discloses the metrics used by the organization to assess climate-related risks and opportunities in line with its strategy and risk management process. However, the report lacks specific details on how the organization integrates its processes for identifying, assessing, and managing climate-related risks into its overall risk management. Overall, the report provides a good level of disclosure on the TCFD recommendation point.","The sustainability report provides some information on the metrics used to assess climate-related risks and opportunities. The report discloses the metrics used to measure and manage climate-related risks and opportunities, including Scope 1, Scope 2, and, where appropriate, Scope 3 greenhouse gas emissions. The report also provides information on the organization's processes for identifying and assessing climate-related risks and opportunities. However, the report lacks information on whether and how related performance metrics are incorporated into remuneration policies. Additionally, the report does not provide internal carbon prices or climate-related opportunity metrics such as revenue from products and services designed for a low-carbon economy. The report does not provide forward-looking metrics for the cross-industry, consistent with their business or strategic planning time horizons.","The sustainability report provides some information on the organization's greenhouse gas  emissions and related risks. The report discloses Scope 1 and Scope 2 GHG emissions, but it is unclear if Scope 3 emissions are disclosed. The report does not provide GHG emissions for historical periods, and it is unclear if the GHG emissions are calculated in line with the GHG Protocol methodology. The report does not provide generally accepted industry-specific GHG efficiency ratios. The report provides some information on the organization's processes for identifying and assessing climate-related risks, but it is unclear if the organization provides a description of the methodologies used to calculate or estimate the metrics. Overall, the report lacks specific details and does not meet most of the TCFD guidelines.","The sustainability report provides some information on the targets used by the organization to manage climate-related risks and opportunities and performance against targets. The report discloses the organization's GHG emissions, reduction targets, and performance against those targets. The report also mentions the organization's commitment to incorporating climate-related risks and opportunities into its risk management and strategic planning processes aligned with the TCFD framework. However, the report lacks details on the time frames over which the targets apply, base year from which progress is measured, and key performance indicators used to assess progress against targets. The report also does not provide a description of the methodologies used to calculate targets and measures. Overall, the report partially meets the TCFD guidelines."
SCORE,70,60,70,70,60,70,85,85,70,40,60
