,"Company name: Cardinal Health, Inc.
Company sector: Pharmaceuticals
Company location: Dublin, Ohio
Pages: 100","Company name: Cardinal Health, Inc.
Company sector: Pharmaceuticals
Company location: Dublin, Ohio
Pages: 100","Company name: Cardinal Health, Inc.
Company sector: Pharmaceuticals
Company location: Dublin, Ohio
Pages: 100","Company name: Cardinal Health, Inc.
Company sector: Pharmaceuticals
Company location: Dublin, Ohio
Pages: 100","Company name: Cardinal Health, Inc.
Company sector: Pharmaceuticals
Company location: Dublin, Ohio
Pages: 100","Company name: Cardinal Health, Inc.
Company sector: Pharmaceuticals
Company location: Dublin, Ohio
Pages: 100","Company name: Cardinal Health, Inc.
Company sector: Pharmaceuticals
Company location: Dublin, Ohio
Pages: 100","Company name: Cardinal Health, Inc.
Company sector: Pharmaceuticals
Company location: Dublin, Ohio
Pages: 100","Company name: Cardinal Health, Inc.
Company sector: Pharmaceuticals
Company location: Dublin, Ohio
Pages: 100","Company name: Cardinal Health, Inc.
Company sector: Pharmaceuticals
Company location: Dublin, Ohio
Pages: 100","Company name: Cardinal Health, Inc.
Company sector: Pharmaceuticals
Company location: Dublin, Ohio
Pages: 100"
,tcfd_1,tcfd_2,tcfd_3,tcfd_4,tcfd_5,tcfd_6,tcfd_7,tcfd_8,tcfd_9,tcfd_10,tcfd_11
ANSWER,"The Board's Governance and Sustainability Committee oversees climate-related risks and opportunities, which are presented to them by the internal ESG Governance Committee after being prioritized based on significance. The Board is responsible for the strategy to manage those risks. Management's role in assessing and managing climate-related risks and opportunities is shared among business leaders and the ESG team, who engage with functional leaders to determine the impact of each risk.","Cardinal Health's management assesses and manages climate-related risks and opportunities through a cross-functional team of business leaders. The ESG Governance Committee prioritizes risks and opportunities, which are then presented to the Board's Governance and Sustainability Committee. The VP, ESG shares responsibility for identifying risks with business leaders and engages with cross-functional teams to develop enterprise strategies. The organization has identified climate-related risks and opportunities over the short, medium, and long term, but has not yet performed a quantitative scenario analysis. Metrics used to assess climate-related risks and opportunities are not disclosed.","Cardinal Health has identified energy costs, availability, and logistics as the key climate-related risks and opportunities that may impact the company over the short-, medium-, and long-term. The company considers the impacts of climate-related risks and opportunities on its distribution centers, manufacturing locations, and distribution fleets when defining the relevant time horizons. Risks are not clearly associated with a horizon. The report lacks concrete data on the specific financial implications of climate-related risks and opportunities.","Cardinal Health has identified climate-related risks and opportunities that may impact the operational and financial performance of the business as well as its reputation over the short, medium, and long-term. However, the report lacks a quantitative scenario analysis to determine the specific financial implications of climate-related risks and opportunities. The report also lacks concrete data on the metrics used to assess climate-related risks and opportunities.","Cardinal Health's sustainability report does not provide sufficient information to determine the resilience of the organization's strategy when considering different climate-related scenarios, including a 2°C target or lower scenario. However, the report states that the company has identified climate-related risks and opportunities and organized them into key themes or 'hot spots' that may impact the company over the short-, medium-, and long-term. The report also mentions that the company's ESG Governance Committee prioritizes climate-related risks and opportunities based on significance and presents them to the Board's Governance and Sustainability Committee for board-level oversight.","Cardinal Health identifies and assesses climate-related risks through engagement and discussion with teams across the business, active participation in industry groups and news monitoring. The risks are then presented to the ESG Governance Committee and prioritized based on significance before being presented to the Board's Governance and Sustainability Committee. The report lacks specific metrics and targets used to assess climate-related risks and opportunities.","Cardinal Health manages climate-related risks by presenting them to the ESG Governance Committee, prioritizing them based on significance, and ultimately presenting them to the Board's Governance and Sustainability Committee. Business leaders and the ESG team share responsibility for identifying, assessing, and managing climate-related risks. The ESG team engages with functional leaders to determine the impact of each risk on the business, strategy, and financial planning. Climate-related risks are integrated into business, strategy, and financial planning activities to mitigate risks and take advantage of opportunities.","Climate-related risks and opportunities are integrated into Cardinal Health's overall risk management through regularly scheduled meetings throughout the year. The responsibility for identifying, assessing, and managing climate-related risks is shared among business leaders and the ESG team. The ESG team engages with functional leaders to determine the impact each risk could have on the company. The ESG Governance Committee prioritizes risks based on significance and presents them to the Board's Governance and Sustainability Committee for board-level oversight and strategy management.","Cardinal Health identifies climate-related risks and opportunities through engagement and discussion with teams across the business, active participation in industry groups, and news monitoring. The risks are then presented to the ESG Governance Committee and the Board’s Governance and Sustainability Committee. However, the report lacks specific metrics used to assess climate-related risks and opportunities and how they help ensure performance is in line with the strategy and risk management process.",Cardinal Health discloses its Scope 1 and 2 GHG emissions using the location-based method and reports on GRI- and SASB-related climate metrics. They also measure their Scope 3 GHG emissions across all relevant categories. Risks associated with GHG emissions are not specified in the report.,"Cardinal Health has identified climate-related risks and opportunities through a qualitative analysis and organized them into key themes. They have set a Scope 1 and Scope 2 GHG reduction goal using the Science Based Targets initiative methodology. However, they have not yet performed a quantitative scenario analysis to determine the specific financial implications of climate-related risks and opportunities. No specific targets for managing climate-related risks and opportunities were disclosed."
SOURCES,"[645, 649, 656, 670, 691]","[687, 648, 690, 695, 670, 691, 686, 649, 671, 659, 652, 656, 692, 655, 446, 689, 702, 653, 681, 661]","[659, 658, 671, 655, 657]","[670, 687, 690, 692, 655, 659, 648, 691, 661, 695, 681, 649, 686, 656, 657, 702, 685, 697]","[670, 659, 683, 691, 685]","[686, 687, 690, 695, 702]","[686, 687, 690, 691, 692, 695, 702]","[695, 687, 690, 691, 686, 670, 648, 659, 681, 702, 652, 656, 694, 342, 653]","[686, 687, 690, 691, 692, 694, 702, 703]","[703, 287, 488]","[657, 659, 686, 690, 702, 706]"
PAGE,"[96, 97, 94, 95]","[96, 97, 98, 69, 94, 95]","[96, 95]","[96, 97, 98, 94, 95]","[96, 97, 95]","[97, 98]","[97, 98]","[96, 97, 98, 54, 94, 95]","[97, 98]","[98, 75, 44]","[97, 98, 95]"
ANALYSIS,"The sustainability report provides a detailed description of the board's oversight of climate-related risks and opportunities. The report mentions that the board's Governance and Sustainability Committee is responsible for board-level oversight of climate-related risks and opportunities and the strategy to manage those risks. The report also describes the processes for managing climate-related risks and opportunities, including how the board and/or board committees are informed about climate-related issues, how the board considers climate-related issues when reviewing and guiding strategy, and how the board monitors and oversees progress against goals and targets for addressing climate-related issues. However, the report lacks specific details on the frequency of board meetings and the metrics used by the organization to assess climate-related risks and opportunities.","The sustainability report provides a comprehensive description of management's role in assessing and managing climate-related risks and opportunities. The report describes the organizational structure, processes, and committees responsible for managing climate-related issues. It also outlines the roles and responsibilities of management-level positions and committees. The report provides details on how management is informed about climate-related issues and how it monitors such issues. The report also describes how climate-related risks and opportunities are integrated into the organization's overall risk management. However, the report lacks specific details on the metrics used by the organization to assess climate-related risks and opportunities. Overall, the report provides a detailed and comprehensive description of management's role in assessing and managing climate-related risks and opportunities.","The sustainability report provides a comprehensive description of the climate-related risks and opportunities that Cardinal Health has identified over the short, medium, and long term. The report includes a description of the relevant time horizons, specific climate-related issues, and the process used to determine which risks and opportunities could have a material financial impact on the organization. The report also considers the potential financial impact and time horizon of each risk and opportunity. However, the report could have provided more information on how risks and opportunities are prioritized based on significance and how they are managed. Overall, the report meets most of the requirements for high-quality disclosure pertaining to the critical element.","The sustainability report provides a comprehensive description of the impact of climate-related risks and opportunities on the organization's businesses, strategy, and financial planning. The report discusses how climate-related issues have affected the organization's products and services, supply chain, adaptation and mitigation activities, investment in research and development, operations, acquisitions or divestments, and access to capital. The report also describes how climate-related issues serve as an input to the organization's financial planning process, the time period used, and how these risks and opportunities are prioritized. The report, however, does not provide a description of the impact of climate-related issues on the organization's financial performance and financial position. The report also does not describe the organization's plans for transitioning to a low-carbon economy.","The sustainability report provides a comprehensive disclosure on the organization's strategy resilience to climate-related risks and opportunities. The report describes how the organization's strategy may change to address potential risks and opportunities, the potential impact of climate-related issues on financial performance and position, and the climate-related scenarios considered. The report also discusses the processes for identifying, assessing, and managing climate-related risks and opportunities. However, the report lacks specific details on how the organization's strategy is resilient to a 2°C or lower scenario and physical climate-related risks. The report also mentions that the organization has not yet performed a quantitative scenario analysis to determine the specific financial implications of climate-related risks and opportunities. Overall, the report provides a good level of disclosure, but there is room for improvement.","The sustainability report provides a comprehensive description of the organization's processes for identifying and assessing climate-related risks. The report describes the risk management processes for identifying and assessing climate-related risks, including how organizations determine the relative significance of climate-related risks in relation to other risks. The report also discloses the processes for assessing the potential size and scope of identified climate-related risks and definitions of risk terminology used. However, the report lacks specific details on whether the organization considers existing and emerging regulatory requirements related to climate change as well as other relevant factors considered. Overall, the report provides a good level of disclosure quality on the TCFD recommendation point.","The sustainability report provides a detailed description of the organization's processes for managing climate-related risks. The report describes how climate-related risks and opportunities are identified, assessed, and managed by the ESG Governance Committee, business leaders, and the ESG team. The report also describes how the organization prioritizes climate-related risks and opportunities based on significance and presents them to the Board's Governance and Sustainability Committee for board-level oversight. However, the report does not provide specific details on how materiality determinations are made within the organization. Overall, the report meets most of the requirements for high-quality disclosure pertaining to the critical element of managing climate-related risks, and the score is 85 out of 100.","The sustainability report provides a detailed description of how the organization integrates processes for identifying, assessing, and managing climate-related risks into its overall risk management. The report describes the roles and responsibilities of business leaders, ESG team, ERM team, and governance committees in identifying and managing climate-related risks. The report also highlights the key themes or 'hot spots' that may impact the organization over the short, medium, and long-term. However, the report lacks specific details on the metrics used to assess climate-related risks and opportunities in line with its strategy and risk management process. Overall, the report provides a comprehensive overview of the organization's approach to managing climate-related risks, but there is room for improvement in terms of providing more specific details on metrics and targets.","The sustainability report provides some information on the metrics used to assess climate-related risks and opportunities. The report mentions that climate-related risks and opportunities are presented to the ESG Governance Committee, which prioritizes them based on significance and ultimately presents them to the Board's Governance and Sustainability Committee. The report also identifies key themes or 'hot spots' that can have a significant impact on the operational and financial performance of the business. However, the report lacks specific details on the metrics used to measure and manage climate-related risks and opportunities, and how they help ensure that the performance is in line with its strategy and risk management process. The report does not provide metrics on climate-related risks associated with water, energy, land use, and waste management, nor does it describe whether and how related performance metrics are incorporated into remuneration policies. The report does not provide internal carbon prices or climate-related opportunity metrics such as revenue from products and services designed for a low-carbon economy. The report does not provide forward-looking metrics for the cross-industry, consistent with their business or strategic planning time horizons. The report does not provide a description of the methodologies used to calculate or estimate climate-related metrics. Overall, the report provides some information on the metrics used to assess climate-related risks and opportunities, but it lacks specific details on the metrics and how they help ensure that the performance is in line with its strategy and risk management process.","The sustainability report of Cardinal Health provides a comprehensive disclosure of its Scope 1 and Scope 2 GHG emissions, and its efforts to reduce them. The report also mentions that the company is measuring its Scope 3 GHG emissions across all relevant categories and reports in accordance with the minimum boundary for Scope 3 Category 6, Business Travel. However, the report lacks specific details on the calculation methodology used for GHG emissions and associated metrics. The report also does not provide any industry-specific GHG efficiency ratios. Overall, the report partially meets the TCFD guidelines for high-quality disclosure pertaining to the TCFD recommendation point.","The sustainability report provides some information on the targets used by Cardinal Health to manage climate-related risks and opportunities and performance against these targets. The report discloses the organization's GHG reduction goal, which was set using the Science Based Targets initiative methodology. However, the report lacks details on other key climate-related targets such as those related to water usage, energy usage, and other goals. The report does not provide information on whether the targets are absolute or intensity-based, time frames over which the target applies, base year from which progress is measured, and key performance indicators used to assess progress against targets. The report also lacks information on associated interim targets and methodologies used to calculate targets and measures. Therefore, the report partially meets the TCFD guidelines and scores 60 out of 100."
SCORE,90,95,85,80,80,90,85,90,40,75,60
