,"Company name: The Goodyear Tire & Rubber Company
Company sector: Transportation
Company location: ['Akron, Ohio', 'United States', 'Brazil', 'Chile', 'Mexico', 'Germany', 'Luxembourg', 'Poland', 'South Africa', 'Turkey', 'Australia', 'China', 'India']
Pages: 95","Company name: The Goodyear Tire & Rubber Company
Company sector: Transportation
Company location: ['Akron, Ohio', 'United States', 'Brazil', 'Chile', 'Mexico', 'Germany', 'Luxembourg', 'Poland', 'South Africa', 'Turkey', 'Australia', 'China', 'India']
Pages: 95","Company name: The Goodyear Tire & Rubber Company
Company sector: Transportation
Company location: ['Akron, Ohio', 'United States', 'Brazil', 'Chile', 'Mexico', 'Germany', 'Luxembourg', 'Poland', 'South Africa', 'Turkey', 'Australia', 'China', 'India']
Pages: 95","Company name: The Goodyear Tire & Rubber Company
Company sector: Transportation
Company location: ['Akron, Ohio', 'United States', 'Brazil', 'Chile', 'Mexico', 'Germany', 'Luxembourg', 'Poland', 'South Africa', 'Turkey', 'Australia', 'China', 'India']
Pages: 95","Company name: The Goodyear Tire & Rubber Company
Company sector: Transportation
Company location: ['Akron, Ohio', 'United States', 'Brazil', 'Chile', 'Mexico', 'Germany', 'Luxembourg', 'Poland', 'South Africa', 'Turkey', 'Australia', 'China', 'India']
Pages: 95","Company name: The Goodyear Tire & Rubber Company
Company sector: Transportation
Company location: ['Akron, Ohio', 'United States', 'Brazil', 'Chile', 'Mexico', 'Germany', 'Luxembourg', 'Poland', 'South Africa', 'Turkey', 'Australia', 'China', 'India']
Pages: 95","Company name: The Goodyear Tire & Rubber Company
Company sector: Transportation
Company location: ['Akron, Ohio', 'United States', 'Brazil', 'Chile', 'Mexico', 'Germany', 'Luxembourg', 'Poland', 'South Africa', 'Turkey', 'Australia', 'China', 'India']
Pages: 95","Company name: The Goodyear Tire & Rubber Company
Company sector: Transportation
Company location: ['Akron, Ohio', 'United States', 'Brazil', 'Chile', 'Mexico', 'Germany', 'Luxembourg', 'Poland', 'South Africa', 'Turkey', 'Australia', 'China', 'India']
Pages: 95","Company name: The Goodyear Tire & Rubber Company
Company sector: Transportation
Company location: ['Akron, Ohio', 'United States', 'Brazil', 'Chile', 'Mexico', 'Germany', 'Luxembourg', 'Poland', 'South Africa', 'Turkey', 'Australia', 'China', 'India']
Pages: 95","Company name: The Goodyear Tire & Rubber Company
Company sector: Transportation
Company location: ['Akron, Ohio', 'United States', 'Brazil', 'Chile', 'Mexico', 'Germany', 'Luxembourg', 'Poland', 'South Africa', 'Turkey', 'Australia', 'China', 'India']
Pages: 95","Company name: The Goodyear Tire & Rubber Company
Company sector: Transportation
Company location: ['Akron, Ohio', 'United States', 'Brazil', 'Chile', 'Mexico', 'Germany', 'Luxembourg', 'Poland', 'South Africa', 'Turkey', 'Australia', 'China', 'India']
Pages: 95"
,tcfd_1,tcfd_2,tcfd_3,tcfd_4,tcfd_5,tcfd_6,tcfd_7,tcfd_8,tcfd_9,tcfd_10,tcfd_11
ANSWER,"The Board of Directors of The Goodyear Tire & Rubber Company has formed the Committee on Corporate Responsibility and Compliance to review and receive updates from management relating to climate-related risks and opportunities. The CRC is aware and supportive of the current work underway regarding the Company’s climate-related risk and opportunity materiality assessment, scenario analysis, and financial impact assessment and plans to review results upon completion. The CEO and Chairman oversees the corporate compliance and ethics and corporate responsibility objectives, including confirming Goodyear's climate targets and actions, and regularly monitors progress toward achieving them.","Management oversees the corporate compliance & ethics and corporate responsibility objectives, including confirming Goodyear's climate targets and actions, and regularly monitors progress towards them. Goodyear's processes include a robust Business Continuity function that identifies, assesses, and manages climate-related operational risks utilizing frameworks developed by Disaster Recovery Institute  International and aligns with ISO Standard 22301. Goodyear used a risk/opportunity matrix produced from a climate analysis to assess the current materiality of identified climate-related risks and opportunities. The company will evaluate adaptation and mitigation strategies and deliver a comprehensive roadmap, including an action plan to achieve its climate ambition.","Goodyear identified material climate-related risks and opportunities through a materiality assessment in 2021. No additional material opportunities or risks were identified in the medium and long term. Risks include penalties on carbon, unsuccessful adaptation to emerging technologies, and reputational risk. Opportunities include working with customers to develop a climate strategy and achieve GHG emission reduction targets. The report lacks concrete metrics and targets to assess and manage climate-related risks and opportunities.","Goodyear has identified climate-related risks and opportunities over the short-, medium-, and long-term. The company acknowledges that climate-related risks and opportunities impact its business strategy, economic and financial performance, and financial planning. Goodyear's management is responsible for assessing and managing climate-related risks and opportunities. The company is currently conducting a financial impact assessment to quantify the potential impacts of material risks and opportunities. However, the report lacks concrete data and specific targets to assess and manage climate-related risks and opportunities.","Goodyear's sustainability report mentions that it is conducting scenario analysis in alignment with TCFD recommendations and supplementary guidance. The report also states that the company is evaluating the resilience of its business model in the context of three climate scenarios, including a 2°C or lower scenario. However, the report lacks concrete information on the company's strategy's resilience when considering different climate-related scenarios and physical risks.","Goodyear uses a robust Business Continuity function that identifies, assesses, and manages climate-related operational risks utilizing frameworks developed by Disaster Recovery Institute  International and aligns with ISO Standard 22301. They also conducted a materiality assessment specifically focused on climate, which identified material risks and opportunities through extensive industry research and internal stakeholder engagement. The prioritized material climate-related risks are undergoing a financial impact assessment to quantify potential impacts.","Goodyear manages climate-related risks through its business continuity function, which utilizes frameworks developed by Disaster Recovery Institute  International and aligns with ISO Standard 22301. The CEO oversees the corporate responsibility objectives, including confirming Goodyear's climate targets and actions. Goodyear has identified material climate-related risks and opportunities through a materiality assessment. The company will continue to monitor climate-related risks and opportunities and review its climate risk financial impact assessment annually.","Goodyear integrates climate-related risks into its overall risk management through its robust Business Continuity function that identifies, assesses, and manages climate-related operational risks utilizing frameworks developed by Disaster Recovery Institute  International and aligns with ISO Standard 22301. The ongoing identification and analysis of climate-related risks will be integrated into risk management and other business processes in the future.","Goodyear uses a risk/opportunity matrix produced from a climate-related risk and opportunity assessment to assess the current materiality of identified climate-related risks and opportunities. The organization has identified material climate-related risks and opportunities over the short-, medium-, and long-term through extensive industry research and internal stakeholder engagement. The company intends to integrate several metrics, including data and analysis from the IPCC and IEA, to quantify the parameters, assumptions, and limitations of their three defined climate scenarios. The scenario analysis and financial impact assessment will help identify the impacts of material climate-related risks and opportunities on Goodyear’s business, strategy, and performance.","Yes, The Goodyear Tire & Rubber Company discloses its Scope 1, Scope 2, and Scope 3 greenhouse gas  emissions. The reported emissions include all Goodyear manufacturing locations where Goodyear has operational control, and detailed direct  and indirect  sources. The related risks identified are policy risk and reputational risk.",Goodyear has identified climate-related risks and opportunities through a materiality assessment. The report does not provide specific targets used to manage these risks and opportunities or performance against them. The company plans to conduct scenario analysis and financial impact assessment to evaluate the resilience of its business model in the context of different climate scenarios and evaluate adaptation and mitigation strategies.
SOURCES,"[589, 591]","[592, 596, 623, 624, 602, 629, 611, 618, 637, 601, 617, 62, 615, 593, 609, 598]","[602, 609, 611, 618, 624, 625, 628, 631, 632, 637]","[602, 611, 592, 596, 637, 618, 615, 623, 624, 617, 609, 601, 631, 628]","[596, 609, 612]","[623, 624, 602, 618, 629, 630, 631, 617, 611, 621, 615, 626, 614, 619]","[623, 624, 596, 602, 592, 629, 625, 618, 637, 611, 609, 593, 62, 60, 614]","[623, 624, 625, 628, 630]","[602, 629, 631, 614]","[426, 633, 522, 527]","[602, 618, 631, 632]"
PAGE,[89],"[8, 89, 90, 91, 92, 93, 94]","[90, 91, 92, 93, 94]","[89, 90, 91, 92, 93, 94]","[89, 91]","[90, 91, 92, 93]","[8, 89, 90, 91, 92, 93, 94]",[93],"[90, 92, 93]","[72, 73, 53, 94]","[90, 92, 93]"
ANALYSIS,"The disclosure provides some information on the board's oversight of climate-related risks and opportunities. It mentions the formation of the Committee on Corporate Responsibility and Compliance, which is responsible for reviewing and receiving updates from management relating to these matters. The disclosure also describes the processes for managing climate-related risks and opportunities, including a robust Business Continuity function that identifies, assesses, and manages climate-related operational risks. However, the disclosure lacks specific details on how the board considers climate-related issues when reviewing and guiding strategy, major plans of action, risk management policies, annual budgets, and business plans. It also does not provide information on how the board monitors and oversees progress against goals and targets for addressing climate-related issues.","The disclosure provides some information on management's role in assessing and managing climate-related risks and opportunities. It mentions the executive sponsor of Goodyear's climate strategy, the CEO and Chairman, and the Vice President and Chief Sustainability Officer who oversees the climate strategy, goals, and progress. The report also describes the organization's processes for managing climate-related risks and opportunities, including a risk/opportunity matrix produced from a climate-related risk and opportunity assessment. However, the disclosure lacks specific details on the organizational structure, processes by which management is informed about climate-related issues, and how management monitors climate-related issues. Therefore, the disclosure partially meets the requirements for high-quality disclosure pertaining to the critical element.","The sustainability report provides some information on climate-related risks and opportunities identified by the organization over the short, medium, and long term. The report describes the process used to determine which risks and opportunities could have a material financial impact on the organization. However, the report lacks a clear description of the specific climate-related issues potentially arising in each time horizon that could have a material financial impact on the organization. Additionally, the report does not provide a description of what the organization considers to be the relevant short-, medium-, and long-term time horizons. Overall, the disclosure is insufficiently detailed and lacks specificity, resulting in a score of 50.","The sustainability report provides some information on the climate-related risks and opportunities that Goodyear has identified over the short, medium, and long term. However, the report lacks specific details on how these risks and opportunities impact the organization's businesses, strategy, and financial planning. The report does not provide a holistic picture of the interdependencies among the factors that affect Goodyear's ability to create value over time. The report does not describe the impact of climate-related issues on Goodyear's financial performance and financial position. The report does not describe the organization's processes for managing climate-related risks and opportunities. The report does not describe the resilience of Goodyear's strategy, taking into consideration different climate-related scenarios, including a 2˚C or lower scenario.","The sustainability report provides some information on the organization's resilience to climate-related risks and opportunities, including a 2°C or lower scenario. The report discusses the identification and prioritization of climate-related risks and opportunities, and the ongoing scenario analysis and financial impact assessment. However, the report lacks specific details on how the organization's strategy might change to address potential risks and opportunities, and the potential impact of climate-related issues on financial performance and position. Additionally, the report does not provide information on how processes for identifying, assessing, and managing climate-related risks are integrated into the organization's overall risk management. Overall, the report partially meets the TCFD guidelines, but lacks specific details and comprehensive coverage of all the TCFD guidelines.","The sustainability report provides a comprehensive description of Goodyear's processes for identifying and assessing climate-related risks. The report describes the organization's risk management processes for identifying and assessing climate-related risks, including how they determine the relative significance of climate-related risks in relation to other risks. The report also discloses the processes for assessing the potential size and scope of identified climate-related risks and definitions of risk terminology used. However, the report does not provide specific details on whether the organization considers existing and emerging regulatory requirements related to climate change. Overall, the report provides a detailed description of the organization's processes for identifying and assessing climate-related risks, but there is room for improvement in terms of providing specific details on regulatory requirements.","Goodyear's sustainability report provides a comprehensive disclosure of its processes for managing climate-related risks. The report describes the organization's methodology and outcomes of its first climate-related risk and opportunity assessment. It also discloses the integration of climate-related risks into its overall risk management process and the prioritization of climate-related risks. The report provides details on the identification, assessment, and management of climate-related risks and opportunities, including the metrics and targets used to assess and manage relevant climate-related risks and opportunities. However, the report lacks specific details on how materiality determinations are made within the organization. Overall, the report meets most of the requirements for high-quality disclosure pertaining to the critical element of how the organization manages climate-related risks.","Goodyear's sustainability report provides a comprehensive disclosure of its processes for identifying, assessing, and managing climate-related risks. The report describes how the organization's processes for identifying, assessing, and managing climate-related risks are integrated into its overall risk management. The report also discloses the methodology and outcomes of Goodyear's first climate-related risk and opportunity assessment. The report provides details on the metrics and targets used to assess and manage relevant climate-related risks and opportunities. However, the report lacks specific details on the resilience of the organization's strategy, taking into consideration different climate-related scenarios, including a 2˚C or lower scenario. Overall, the report meets most of the TCFD guidelines, and the disclosure is of high quality.","The sustainability report provides some information on the metrics used to assess climate-related risks and opportunities. It identifies the material risks and opportunities and describes the processes for managing climate-related risks. However, the report lacks specific details on the metrics used to measure and manage climate-related risks and opportunities. It does not provide metrics consistent with the cross-industry, nor does it include metrics on climate-related risks associated with water, energy, land use, and waste management. The report does not describe whether and how related performance metrics are incorporated into remuneration policies. While the report provides some forward-looking metrics, it does not provide historical metrics for trend analysis. Overall, the report provides some information on the metrics used to assess climate-related risks and opportunities, but it lacks specific details and does not meet all the requirements.","The disclosure provides information on Scope 1 and Scope 2 GHG emissions, and if appropriate, Scope 3 GHG emissions. The report also identifies two key risks associated with the company's Scope 1, 2, and 3 GHG emissions. However, the disclosure lacks information on the related risks and how they differ depending on the scope. The report does not provide GHG emissions for historical periods, nor does it describe the methodologies used to calculate or estimate the metrics. The report does not provide generally accepted industry-specific GHG efficiency ratios. Overall, the disclosure partially meets the requirements for high-quality disclosure pertaining to the critical element of GHG emissions disclosure.","The disclosure provides some information on the targets used by Goodyear to manage climate-related risks and opportunities and performance against targets. However, the disclosure lacks specific details on the targets, such as whether they are absolute or intensity-based, time frames over which the targets apply, base year from which progress is measured, and key performance indicators used to assess progress against targets. The disclosure also lacks information on the methodologies used to calculate targets and measures. While the disclosure mentions a materiality assessment and scenario analysis, it does not provide specific details on the targets set as a result of these assessments. Overall, the disclosure partially meets the requirements for high-quality disclosure pertaining to the critical element."
SCORE,60,70,50,30,60,85,90,90,60,70,60
