,"Company name: KB Financial Group
Company sector: Financial Services
Company location: South Korea
Pages: 166","Company name: KB Financial Group
Company sector: Financial Services
Company location: South Korea
Pages: 166","Company name: KB Financial Group
Company sector: Financial Services
Company location: South Korea
Pages: 166","Company name: KB Financial Group
Company sector: Financial Services
Company location: South Korea
Pages: 166","Company name: KB Financial Group
Company sector: Financial Services
Company location: South Korea
Pages: 166","Company name: KB Financial Group
Company sector: Financial Services
Company location: South Korea
Pages: 166","Company name: KB Financial Group
Company sector: Financial Services
Company location: South Korea
Pages: 166","Company name: KB Financial Group
Company sector: Financial Services
Company location: South Korea
Pages: 166","Company name: KB Financial Group
Company sector: Financial Services
Company location: South Korea
Pages: 166","Company name: KB Financial Group
Company sector: Financial Services
Company location: South Korea
Pages: 166","Company name: KB Financial Group
Company sector: Financial Services
Company location: South Korea
Pages: 166"
,tcfd_1,tcfd_2,tcfd_3,tcfd_4,tcfd_5,tcfd_6,tcfd_7,tcfd_8,tcfd_9,tcfd_10,tcfd_11
ANSWER,"The Board of Directors and Group Management have clearly defined roles and responsibilities for effective climate response. They oversee the integration of climate risks into the Group-wide risk management system, establish and implement detailed climate change-related promotion strategies, and conduct self-reports to the Board at least once a year on key updates on ESG. The Board approves the Group’s climate-related strategies, manages and oversees the implementation of the strategies, and performs an audit of business activities and assets. The Board also provides training on climate issues for the Board members to raise their awareness and build capability on the issues.","KB Financial Group's management is responsible for assessing and managing climate-related risks and opportunities. The Board and management have clearly defined roles and responsibilities for effective climate response. The company has established climate response strategies and metrics, conducts risk scenario analysis, and provides training on climate issues for the Audit Committee. However, the report lacks concrete data on the company's progress and the extent of its climate-related activities.","KB Financial Group has identified transition risks such as policy and legal, technology, market, and reputational risks, and physical risks such as acute and chronic risks. The risks are associated with short-term, mid-term, and long-term horizons. The company has established a carbon neutrality promotion strategy, KB Net Zero S.T.A.R., and a goal for ESG finance, KB Green Wave 2030, to respond to climate risks. The report also mentions the potential financial impact of climate risks on the company's asset portfolio and the financial industry.","KB Financial Group recognizes climate change as a strategic opportunity to create new markets and businesses, such as investments, lending, green bond issuance, and climate risk insurance. The company analyzes the impact of climate-related risks and opportunities on its business model and reflects it in management activities, including business strategies and financial planning. KBFG has established three key climate change response strategies based on the review of climate risks and opportunities: “KB Net Zero S.T.A.R.”, “KB Green Wave 2030”, and “Risk Management”.","KB Financial Group has identified transition and physical risks and conducted scenario analysis to establish climate response strategies. However, the report lacks specific details on the resilience of the strategies in different climate scenarios. The report also lacks concrete data on the potential impact of physical risks on the company's asset portfolio.","KB Financial Group identifies and assesses climate-related risks by categorizing and managing key risks that affect the Group’s management with relevant teams for climate change response at the center, including the risk management team. They analyze climate-related risks by dividing them into two, transition and physical risks, in accordance with the TCFD recommendations. KB Financial Group also conducts risk scenario analysis and shares climate response activities of each subsidiary through the One Firm.","KB Financial Group integrates climate risks into its Group-wide risk management system, establishes and implements detailed climate change-related promotion strategies, and conducts self-report to the Board at least once a year on key updates on ESG. The Board and management have clearly defined roles and responsibilities for effective climate response. KBFG also provides training on climate issues for members of the Audit Committee and measures and manages climate risks and opportunities.","KB Financial Group integrates climate-related risks into its Group-wide risk management system and reflects the impact in management activities, including business strategies and financial planning. The Board and management have clearly defined roles and responsibilities for effective climate response. The company has established a governance structure for climate response, including the ESG Committee, Audit Committee, and Risk Management Committee.","KB Financial Group uses metrics and targets to assess climate-related risks and opportunities. The metrics help ensure that the performance is in line with its strategy and risk management process by integrating climate risks into the Group-wide risk management system, establishing and implementing detailed climate change-related promotion strategies, and conducting self-report to the Board at least once a year on key updates on ESG.","KB Financial Group measures and discloses its greenhouse gas emissions, including operational emissions  and financed emissions . The company aims to achieve net-zero operational emissions by 2040 and net-zero financed emissions by 2050. The report identifies transition and physical risks related to climate change, including policy and legal, technology, market, and reputational risks. However, the report lacks specific data on the company's GHG emissions and the risks associated with each scope."",","KB Financial Group has set targets to achieve net-zero operational emissions  by 2040 and net-zero financed emissions  by 2050. They also aim to achieve 50tn KRW in ESG products, investments, and loans by 2030 and 25tn KRW in products, investments, and loans in the environment sector by 2030. The report does not provide information on the company's performance against these targets."
SOURCES,"[133, 135, 410, 131, 144, 257, 546, 122, 140]","[133, 257, 307, 108, 171, 144, 135, 241, 268, 296, 154, 172, 240, 261, 148, 258, 199, 263, 139]","[159, 262, 263, 257, 133, 157, 264, 241, 199, 144, 160, 135, 808, 169, 107, 261]","[108, 133, 154, 157, 159, 171, 172, 241, 257, 261, 262, 263, 410]","[108, 125, 157, 159, 177, 199, 205, 241, 257, 262, 264]","[135, 257, 159, 258, 263, 262, 410]","[133, 135, 241, 144, 258, 131, 307, 199, 259, 410, 150, 296, 155, 154]","[133, 135, 257, 144, 108, 240, 258, 241, 159, 410, 107, 307, 263, 145, 268, 199, 296, 131, 261, 259]","[108, 307, 133, 410, 144, 241, 135, 257, 159, 262, 154, 258, 145, 546, 411, 179, 261]","[1, 2, 3, 2040, 2050, 128, 413, 410, 314, 264, 267, 159, 161, 305, 1]","[129, 413, 263]"
PAGE,"[68, 44, 86, 25, 26, 27]","[35, 41, 44, 45, 49, 50, 23, 26, 27, 28, 29, 31]","[35, 41, 44, 45, 117, 23, 26, 27, 29, 30]","[68, 41, 44, 45, 23, 26, 29, 30, 31]","[35, 36, 41, 44, 45, 23, 25, 29, 30, 31]","[68, 44, 45, 26, 30]","[35, 68, 41, 44, 49, 50, 26, 27, 28, 29]","[35, 68, 41, 44, 45, 49, 50, 23, 26, 27, 30]","[68, 41, 44, 45, 50, 86, 23, 26, 27, 29, 30, 31]","[1, 68, 45, 49, 51, 25, 30]","[25, 68, 45]"
ANALYSIS,"The sustainability report provides a comprehensive description of the governance structure for climate response, including the roles and responsibilities of the Board and management. The report also mentions that climate response strategies are being reflected in the Group's risk management. However, the report lacks specific details on how the board oversees climate-related risks and opportunities. The report does not provide information on the processes and frequency by which the board and/or board committees are informed about climate-related issues. Additionally, the report does not mention whether the board and/or board committees consider climate-related issues when reviewing and guiding strategy, major plans of action, risk management policies, annual budgets, and business plans. The report also does not provide information on how the board monitors and oversees progress against goals and targets for addressing climate-related issues.","The sustainability report provides a comprehensive description of the roles and responsibilities of the Board and management in assessing and managing climate-related risks and opportunities. The report describes the organizational structure, processes for informing management about climate-related issues, and how management monitors climate-related issues. The report also mentions that climate response strategies are being reflected in the Group's risk management. However, the report lacks specific details on whether climate-related responsibilities have been assigned to management-level positions or committees and whether such positions or committees report to the board or a committee of the board. Therefore, the report partially meets the TCFD guidelines for high-quality disclosure pertaining to the TCFD recommendation point.","The disclosure provides a comprehensive description of the climate-related risks and opportunities that KB Financial Group has identified over the short, medium, and long term. The report includes a description of the relevant time horizons, specific climate-related issues, and the process used to determine which risks and opportunities could have a material financial impact on the organization. The report also considers providing a description of risks and opportunities by sector and/or geography. However, the report lacks specific details on how the risks and opportunities could have a material financial impact on the organization. Overall, the disclosure meets most of the requirements, but there is room for improvement in providing more specific details.","The sustainability report provides some information on how climate-related risks and opportunities impact the organization's business strategy, economic and financial performance, and financial planning. The report discusses the impact of climate change on the financial industry and how it creates new markets and businesses. It also describes the impact of climate-related issues on the organization's financial performance and position. However, the report lacks specific details on how climate-related issues serve as an input to the financial planning process, the time period used, and how these risks and opportunities are prioritized. The report also does not describe the organization's plans for transitioning to a low-carbon economy, including GHG emissions targets and specific activities intended to reduce GHG emissions in their operations and value chain or to otherwise support the transition.","The sustainability report of KB Financial Group provides a comprehensive analysis of climate-related risks and opportunities, including transition and physical risks. The report describes the organization's strategies to address these risks and opportunities, including the establishment of a response system and environmental and social risk management standards. The report also discusses the potential impact of climate-related issues on financial performance and position. However, the report lacks specific details on the climate-related scenarios and associated time horizons considered, which is a key requirement for high-quality disclosure. Overall, the report meets most of the requirements, but there is room for improvement in terms of providing more specific details.","The sustainability report of KB Financial Group provides a comprehensive description of the organization's processes for identifying and assessing climate-related risks. The report describes the risk management processes for identifying and assessing climate-related risks and how the organization determines the relative significance of climate-related risks in relation to other risks. The report also discloses that the organization considers existing and emerging regulatory requirements related to climate change as well as other relevant factors. However, the report lacks specific details on the processes for assessing the potential size and scope of identified climate-related risks and definitions of risk terminology used or references to existing risk classification frameworks used. Overall, the report provides a good level of disclosure quality on the TCFD recommendation point.","The sustainability report provides a comprehensive overview of KB Financial Group's climate risk management activities. The report describes the organization's processes for managing climate-related risks, including how they make decisions to mitigate, transfer, accept, or control those risks. The report also describes the processes for prioritizing climate-related risks, including how materiality determinations are made within their organizations. The report provides details on the governance structure for climate response, including the roles and responsibilities of the Board and management. However, the report lacks specific details on how the organization measures and manages climate risks and opportunities. Overall, the report meets most of the requirements for high-quality disclosure pertaining to the critical element of how the organization manages climate-related risks.","The sustainability report provides a comprehensive description of how KB Financial Group integrates climate-related risks into its overall risk management. The report describes the roles and responsibilities of the Board and management for effective climate response, and how climate response strategies are being comprehensively reflected in the Group's risk management. The report also describes how climate risks are reviewed, categorized, and managed within the Group-wide risk management system. The report provides details on the establishment of a response system, considering climate issues as one of the major risks facing the Group. The report also describes how KB Financial Group conducts ESG-based assessment of each product to enhance the reliability of investment and loan products. Overall, the report meets the TCFD guidelines and provides sufficient details to demonstrate the integration of climate-related risks into the organization's overall risk management.","The sustainability report of KB Financial Group provides a comprehensive description of the metrics used to assess climate-related risks and opportunities. The report includes metrics consistent with the cross-industry, such as greenhouse gas emissions target and performance, SBTi methodology, and reduction target and pathways of financed emissions. The report also includes metrics on climate-related risks associated with water, energy, land use, and waste management where relevant and applicable. However, the report lacks information on whether and how related performance metrics are incorporated into remuneration policies. The report provides historical metrics for trend analysis and forward-looking metrics for the cross-industry, consistent with their business or strategic planning time horizons. The report also describes the methodologies used to calculate or estimate climate-related metrics.","The sustainability report discloses its Scope 1 and Scope 2 GHG emissions, as well as financed emissions  and related risks. The report also mentions the need to expand the target for financed emissions and set relevant targets in accordance with the development of the global measurement methodology. However, the report does not provide GHG emissions for historical periods, nor does it describe the methodologies used to calculate or estimate the metrics. The report does not mention providing generally accepted industry-specific GHG efficiency ratios. Overall, the report partially meets the TCFD guidelines for high-quality disclosure pertaining to the TCFD recommendation point.","The sustainability report of KB Financial Group provides a comprehensive disclosure of its climate change risk management activities, including its greenhouse gas emissions target and performance, SBTi methodology, and reduction target and pathways of financed emissions. The report also describes the organization's key climate-related targets, such as achieving net-zero operational emissions by 2040 and net-zero financed emissions by 2050. The report meets most of the requirements, including the description of the targets, whether they are absolute or intensity-based, time frames, base year, and KPIs used to assess progress against targets. However, the report lacks details on the methodologies used to calculate targets and measures. Overall, the report scores 85 out of 100."
SCORE,50,80,85,60,85,85,90,100,90,70,85
