,"Company name: DuPont de Nemours, Inc.
Company sector: Mobility & Materials
Company location: Headquartered in Wilmington, Delaware, USA with subsidiaries in about 60 countries
Pages: 117","Company name: DuPont de Nemours, Inc.
Company sector: Mobility & Materials
Company location: Headquartered in Wilmington, Delaware, USA with subsidiaries in about 60 countries
Pages: 117","Company name: DuPont de Nemours, Inc.
Company sector: Mobility & Materials
Company location: Headquartered in Wilmington, Delaware, USA with subsidiaries in about 60 countries
Pages: 117","Company name: DuPont de Nemours, Inc.
Company sector: Mobility & Materials
Company location: Headquartered in Wilmington, Delaware, USA with subsidiaries in about 60 countries
Pages: 117","Company name: DuPont de Nemours, Inc.
Company sector: Mobility & Materials
Company location: Headquartered in Wilmington, Delaware, USA with subsidiaries in about 60 countries
Pages: 117","Company name: DuPont de Nemours, Inc.
Company sector: Mobility & Materials
Company location: Headquartered in Wilmington, Delaware, USA with subsidiaries in about 60 countries
Pages: 117","Company name: DuPont de Nemours, Inc.
Company sector: Mobility & Materials
Company location: Headquartered in Wilmington, Delaware, USA with subsidiaries in about 60 countries
Pages: 117","Company name: DuPont de Nemours, Inc.
Company sector: Mobility & Materials
Company location: Headquartered in Wilmington, Delaware, USA with subsidiaries in about 60 countries
Pages: 117","Company name: DuPont de Nemours, Inc.
Company sector: Mobility & Materials
Company location: Headquartered in Wilmington, Delaware, USA with subsidiaries in about 60 countries
Pages: 117","Company name: DuPont de Nemours, Inc.
Company sector: Mobility & Materials
Company location: Headquartered in Wilmington, Delaware, USA with subsidiaries in about 60 countries
Pages: 117","Company name: DuPont de Nemours, Inc.
Company sector: Mobility & Materials
Company location: Headquartered in Wilmington, Delaware, USA with subsidiaries in about 60 countries
Pages: 117"
,tcfd_1,tcfd_2,tcfd_3,tcfd_4,tcfd_5,tcfd_6,tcfd_7,tcfd_8,tcfd_9,tcfd_10,tcfd_11
ANSWER,"The Board of Directors oversees the company's strategic direction, including the integration of ESG risks and opportunities. Climate-related risks and opportunities are part of the responsibility of the Environment, Health, Safety & Sustainability  Committee. The Board Committees manage ESG-related risks and opportunities. The company conducted climate screening workshops to review and prioritize climate-related risks and opportunities. However, the report lacks specific details on how the board identifies, assesses, and manages climate-related risks and opportunities.","DuPont conducted climate screening workshops to identify and prioritize climate-related physical and transition risks and opportunities. Management is responsible for integrating climate-related risks and opportunities into the company's overall risk management. The company recognizes the unique and evolving characteristics of climate risk, which may require differential assessment and management strategies for each of its businesses and industry verticals.","DuPont has identified acute and chronic physical risks such as extreme weather events, rising temperatures, sea levels, and changes in precipitation patterns over medium to long term horizons. The company recognizes the importance of climate-focused innovation, disaster preparedness, and a multi-pronged approach to the supply of key raw materials. However, the report lacks specific metrics and targets used to assess and manage relevant climate-related risks and opportunities.","DuPont has identified climate-related risks and opportunities over the short, medium, and long term. The company recognizes the unique characteristics of climate risk and may require differential assessment and management strategies for each of its businesses and industry verticals. DuPont integrates climate risks and opportunities with business strategy and enterprise risk management. The company plans to identify and monitor key risk indicators, identify intersections across risk topics, and develop additional coordination with other risk assessment functions to strengthen the fabric of its enterprise risk view.","DuPont integrates climate risks and opportunities with business strategy and enterprise risk management. The company conducted climate screening workshops to identify priority risks and opportunities. In 2022, DuPont intends to develop climate-related financial risk models against future climate scenarios and integrate the results of the climate risk workshops within its enterprise risk management process. However, the report lacks specific metrics and targets used to assess and manage relevant climate-related risks and opportunities.","DuPont conducted a series of climate screening workshops in 2021 to review and prioritize climate-related physical and transition risks, as well as corresponding opportunities. The company's climate risk screening and initial assessment showed the strategic importance of climate-focused innovation, disaster preparedness, and a multi-pronged approach to the supply of key raw materials. The same process for identifying climate risk was used across all stakeholder groups to reduce biases and organizational fragmentation. The climate screening and risk assessment work was supported by external climate consultants. The company intends to further integrate the results of the climate risk workshops within its enterprise risk management process in 2022 to identify high priority climate scenarios.","DuPont conducted climate screening workshops to identify and prioritize climate-related physical and transition risks and opportunities. The company integrates climate-related risks and opportunities into its ERM process and intends to develop climate-related financial risk models against future climate scenarios. However, the report lacks specific details on the metrics and targets used to assess and manage relevant climate-related risks and opportunities.","DuPont integrates climate-related risks and opportunities into its ERM process, which includes identifying and managing such risks and opportunities across business and functional teams. The company conducted climate screening workshops in 2021 to prioritize climate-related risks and opportunities, and intends to integrate the results within its ERM process in 2022. However, the report lacks specific metrics and targets used to assess and manage relevant climate-related risks and opportunities.",DuPont uses metrics to understand its exposure to physical and transition climate-related risks and opportunities. The company conducted climate screening workshops to identify priority climate risks and opportunities for further analysis. The results of the workshops will be integrated into its enterprise risk management process. The Chief Technology and Sustainability Officer is responsible for sustainability strategy. The report lacks concrete data and relies on vague statements.,"DuPont discloses its Scope 1 and Scope 2 GHG emissions, but only Scope 3 downstream emissions. The 2021 emissions were 1,870,260.90 MT CO2e  and 1,274,420.50 MT CO2e . The related risks are not specified in the report.","DuPont has established an Acting on Climate goal to achieve a 30% absolute reduction of Scope 1 and 2 GHG emissions by 2030 from a base year of 2019 and source 60% of electricity for DuPont global operations from renewable energy by 2030. However, the report lacks concrete data on the company's performance against these targets."
SOURCES,"[56, 583, 584, 587]","[616, 630, 594, 602, 613, 627, 51, 596, 626, 589, 583, 621, 628, 49, 619, 595, 617, 575, 56]","[594, 597, 602, 613, 616, 627, 596, 629, 622]","[594, 602, 51, 613, 627, 616, 596, 630, 617, 611, 50, 612, 583, 619, 595, 49, 629, 632, 628, 621]","[612, 594, 613, 51, 630, 629, 616, 627, 50, 632, 595, 596, 626, 617, 621]","[616, 613, 626, 596, 619]","[616, 594, 613, 627, 51, 602, 621, 628, 50, 49, 595, 632, 612, 629, 597]","[616, 626, 627, 621, 613, 630, 602, 619, 617, 49, 595, 622, 612]","[630, 594, 616, 632, 602, 622, 627, 613, 621, 596, 583, 626, 619, 125, 628, 49, 617, 589, 612]","[703, 631, 266]",[639]
PAGE,"[89, 9]","[8, 9, 87, 89, 90, 91, 92, 93]","[90, 91, 92, 93]","[8, 89, 90, 91, 92, 93]","[8, 90, 92, 93]","[90, 92, 93]","[8, 90, 91, 92, 93]","[8, 90, 91, 92, 93]","[8, 18, 89, 90, 91, 92, 93]","[39, 93, 111]",[95]
ANALYSIS,"The disclosure provides some information on the board's oversight of climate-related risks and opportunities. It mentions that the board is responsible for overseeing the company's strategic direction, including the integration of ESG risks and opportunities, and that oversight of ESG-related risks and opportunities is assigned across all four board sub-committees. However, the disclosure lacks specific details on how the board is informed about climate-related issues, whether the board considers climate-related issues when reviewing and guiding strategy, and how the board monitors and oversees progress against goals and targets for addressing climate-related issues. The disclosure also lacks information on the metrics and targets used to assess and manage relevant climate-related risks and opportunities. Overall, the disclosure is insufficient in meeting the TCFD guidelines.","The sustainability report of DuPont provides a comprehensive disclosure of management's role in assessing and managing climate-related risks and opportunities. The report describes the organizational structure, processes, and management committees responsible for climate-related issues. It also provides details on how management is informed about climate-related issues and how it monitors them. The report discloses the metrics and targets used to assess and manage relevant climate-related risks and opportunities. However, the report lacks specific details on whether the management positions or committees report to the board or a committee of the board. Overall, the report meets most of the requirements for high-quality disclosure pertaining to the critical element of management's role in assessing and managing climate-related risks and opportunities.","The sustainability report provides a detailed description of the climate-related risks and opportunities that DuPont has identified over the short, medium, and long term. The report describes the specific climate-related issues potentially arising in each time horizon that could have a material financial impact on the organization. The report also provides a description of the process used to determine which risks and opportunities could have a material financial impact on the organization. However, the report does not provide a description of the risks and opportunities by sector and/or geography, as appropriate. Overall, the report provides a comprehensive analysis of the climate-related risks and opportunities that DuPont has identified, but there is room for improvement in terms of sector and/or geography-specific disclosures.","The sustainability report provides a comprehensive discussion of the impact of climate-related risks and opportunities on the organization's businesses, strategy, and financial planning. The report describes the climate-related risks and opportunities identified over the short, medium, and long term, and how these risks and opportunities affect the organization's businesses, strategy, and financial planning. The report also describes the company's processes for identifying, assessing, and managing climate-related risks, and the metrics and targets used to assess and manage relevant climate-related risks and opportunities. However, the report could have provided more specific details on the impact of climate-related issues on the organization's financial performance and financial position, and how these risks and opportunities are prioritized.","The sustainability report of DuPont provides a comprehensive disclosure on the resilience of the organization's strategy when considering different climate-related scenarios, including a 2°C target or lower scenario. The report describes how the company's strategies might change to address potential risks and opportunities, the potential impact of climate-related issues on financial performance and position, and the climate-related scenarios and associated time horizons considered. The report also discloses the metrics and targets used to assess and manage relevant climate-related risks and opportunities. However, the report lacks specific details on how the company identifies, assesses, and manages climate-related risks. Overall, the report provides a satisfactory level of disclosure on the TCFD recommendation point.","DuPont's sustainability report provides a detailed description of the company's processes for identifying and assessing climate-related risks. The report describes the company's risk management processes for identifying and assessing climate-related risks, including how the company determines the relative significance of climate-related risks in relation to other risks. The report also discloses that the company considers existing and emerging regulatory requirements related to climate change, as well as other relevant factors. However, the report could have provided more details on the processes for assessing the potential size and scope of identified climate-related risks and definitions of risk terminology used or references to existing risk classification frameworks used. Overall, the report provides a comprehensive disclosure of the company's processes for identifying and assessing climate-related risks.","DuPont's sustainability report provides a comprehensive disclosure of its processes for managing climate-related risks. The report describes the company's processes for identifying and assessing climate-related risks, including how materiality determinations are made within the organization. The report also describes the impact of climate-related risks and opportunities on the company's businesses, strategy, and financial planning. The report further discloses the metrics and targets used to assess and manage relevant climate-related risks and opportunities. However, the report lacks specific details on how the company makes decisions to mitigate, transfer, accept, or control those risks. Overall, the report provides a detailed description of the company's processes for managing climate-related risks, but could benefit from more specific details on decision-making processes.","DuPont's sustainability report provides a comprehensive disclosure on how the company identifies, assesses, and manages climate-related risks. The report describes the company's processes for identifying and assessing climate-related risks, and how these risks are integrated into the company's overall risk management. The report also discloses the metrics and targets used to assess and manage relevant climate-related risks and opportunities. However, the report lacks specific details on how the company manages climate-related risks and opportunities. The report could have provided more information on the impact of climate-related risks and opportunities on the company's businesses, strategy, and financial planning. Overall, the report provides a good level of disclosure on the TCFD recommendation point.","The sustainability report provides some information on the metrics used to assess climate-related risks and opportunities. The report mentions that DuPont conducted climate screening workshops to review and prioritize climate-related physical and transition risks, as well as corresponding opportunities. The report also mentions that DuPont uses metrics to help understand its exposure to physical and transition climate-related risks and opportunities. However, the report lacks specific details on the metrics used and how they help ensure that the performance is in line with its strategy and risk management process. The report also does not provide information on whether and how related performance metrics are incorporated into remuneration policies. While the report provides some information on the processes for identifying, assessing, and managing climate-related risks, it lacks specific details on the methodologies used to calculate or estimate climate-related metrics. Overall, the report partially meets the TCFD guidelines.","DuPont's sustainability report provides a comprehensive disclosure of its Scope 1 and Scope 2 GHG emissions, as well as its renewable electricity procurement. The report also includes a description of the organizational boundary, review period, and verification standard. However, the report lacks a clear disclosure of its Scope 3 GHG emissions and related risks. While the report mentions that DuPont conducted an enterprise-wide Scope 3 GHG emissions assessment, it does not provide specific details on the emissions and risks. Additionally, the report does not provide GHG efficiency ratios or a description of the methodologies used to calculate or estimate the metrics. Overall, the report partially meets the TCFD guidelines, but there is room for improvement in disclosing Scope 3 GHG emissions and providing additional details on the methodologies used.","The sustainability report provides some information on the targets used by DuPont to manage climate-related risks and opportunities and performance against these targets. The report discloses the company's Acting on Climate goal, which includes targets for reducing GHG emissions and sourcing renewable energy. However, the report lacks specific details on the time frames, base year, and key performance indicators used to assess progress against these targets. The report also does not provide a description of the methodologies used to calculate targets and measures. While the report describes the company's processes for identifying and assessing climate-related risks, it does not provide sufficient information on how the company manages these risks. Overall, the disclosure quality on this critical element is moderate."
SCORE,40,90,90,85,85,90,90,85,60,75,60
