,"Company name: Chunghwa Telecom Co., Ltd.
Company sector: Telecommunications
Company location: Taipei City, Taiwan
Pages: 87","Company name: Chunghwa Telecom Co., Ltd.
Company sector: Telecommunications
Company location: Taipei City, Taiwan
Pages: 87","Company name: Chunghwa Telecom Co., Ltd.
Company sector: Telecommunications
Company location: Taipei City, Taiwan
Pages: 87","Company name: Chunghwa Telecom Co., Ltd.
Company sector: Telecommunications
Company location: Taipei City, Taiwan
Pages: 87","Company name: Chunghwa Telecom Co., Ltd.
Company sector: Telecommunications
Company location: Taipei City, Taiwan
Pages: 87","Company name: Chunghwa Telecom Co., Ltd.
Company sector: Telecommunications
Company location: Taipei City, Taiwan
Pages: 87","Company name: Chunghwa Telecom Co., Ltd.
Company sector: Telecommunications
Company location: Taipei City, Taiwan
Pages: 87","Company name: Chunghwa Telecom Co., Ltd.
Company sector: Telecommunications
Company location: Taipei City, Taiwan
Pages: 87","Company name: Chunghwa Telecom Co., Ltd.
Company sector: Telecommunications
Company location: Taipei City, Taiwan
Pages: 87","Company name: Chunghwa Telecom Co., Ltd.
Company sector: Telecommunications
Company location: Taipei City, Taiwan
Pages: 87","Company name: Chunghwa Telecom Co., Ltd.
Company sector: Telecommunications
Company location: Taipei City, Taiwan
Pages: 87"
,tcfd_1,tcfd_2,tcfd_3,tcfd_4,tcfd_5,tcfd_6,tcfd_7,tcfd_8,tcfd_9,tcfd_10,tcfd_11
ANSWER,"The Board of Directors receives a report every half year on the links between climate change topics and their responsibility in oversight. The Sustainable Development Committee, led by the Chairman and President, oversees the strategic planning for environmental sustainability, climate change, carbon management, and environmental protection actions. The Risk Management Committee, led by the President, ensures that risks and opportunities related to climate change are fully deliberated and reviewed in the Sustainable Development Committee and the Board of Directors. The Board of Directors also oversees the attainment of net-zero emissions and the improvement of climate resilience for the infrastructure and communication equipment of the Company.","Management is responsible for identifying, assessing, and managing climate-related risks and opportunities. The company employs a Risk Management Committee and an Environmental Group to oversee climate change-related risks and opportunities. The company uses the Risk Analysis Matrix to assess climate-related risks and employs the Sustainable Development Scenario to analyze the future impacts of climate change on the company. The company also reviews risk assessment results yearly to adjust climate change strategies, reduce risk impacts, and seize climate opportunities.","Chunghwa Telecom Co., Ltd. identified 15 climate-related risks, including 10 transition risks and 5 physical risks, in 2021. The company aims to elevate the climate resiliency of facilities/equipment to reduce threats from extreme weather events. The short-term is 2021-2025, the mid-term is 2026-2030, and the long-term is 2031-2050. The company employs the Sustainable Development Scenario  to analyze the future impacts of climate change on the company.","Chunghwa Telecom Co., Ltd. identifies and manages climate-related risks and opportunities to improve its climate resiliency and financial performance. The company employs the Sustainable Development Scenario  and the RCP 2.6 scenario to analyze future impacts of climate change. It also enhances the performance of sensitivity analysis and pressure tests for major operational items and ESG issues, including climate-related risks. However, the report lacks concrete data and may contain cheap talks.","Chunghwa Telecom Co., Ltd. has identified material and potential climate risks and opportunities and has employed Sustainable Development Scenario  and RCP 2.6 scenario to analyze the future impacts of climate change on the company. However, the report lacks specific details on how resilient the organization's strategy is when considering different climate-related scenarios, including a 2°C target or lower scenario, and climate physical risks.","The company uses ISO 31000 guidelines and Delphi method to assess climate-related risks. They also review risk assessment results yearly to adjust climate change strategies, reduce risk impacts, and seize climate opportunities. The Sustainable Development Scenario  is used to analyze future impacts of climate change on the company. The company also identifies 15 risk topics, including 10 transition risks and 5 physical risks, and uses the Risk Analysis Matrix as an assessment tool.","Chunghwa Telecom manages climate-related risks by identifying and supervising material and potential climate risk topics, reviewing risk assessment results yearly, and elevating the climate resiliency of facilities and equipment. The company also employs the Sustainable Development Scenario to analyze future impacts of climate change and uses the Risk Analysis Matrix to assess risks. However, the report lacks concrete data on the metrics and targets used to manage climate-related risks and the effectiveness of the company's climate adaptation strategy.","Chunghwa Telecom Co., Ltd. integrates the processes for identifying, assessing, and managing climate-related risks into its overall risk management. The company employs ISO 31000 guidelines and the Risk Analysis Matrix to assess climate-related risks. The Risk Management Committee supervises risk management throughout the organization and reports to the board of directors. The company also uses the Sustainable Development Scenario to analyze the future impacts of climate change on the company.","Chunghwa Telecom uses Scope 1, 2, and 3 greenhouse gas emissions as metrics to assess climate-related risks and opportunities. The company employs the Sustainable Development Scenario  to analyze future impacts of climate change. The metrics help ensure that the performance is in line with its strategy and risk management process by enhancing sensitivity analysis and stress tests for focused businesses, and reducing potential losses through risk acceptance, transfer, reduction, and avoidance.","Chunghwa Telecom Co., Ltd. discloses its Scope 1 and Scope 2 greenhouse gas emissions, but not its Scope 3 emissions. The report identifies the risks associated with increased costs from GHG emissions and sustainability laws and regulations. However, the report lacks concrete data and specific figures on emissions, and some statements may be considered cheap talks.","Chunghwa Telecom Co., Ltd. uses the Sustainable Development Scenario  to analyze future impacts of climate change. The company aims to attain net-zero emissions and improve climate resilience for infrastructure and communication equipment. However, no specific targets were mentioned in the report to quantify or benchmark climate-related risks and opportunities."
SOURCES,"[246, 247, 248, 250, 251, 252, 258, 260, 243, 244, 245]","[247, 251, 252, 253, 258, 260]","[251, 260, 258, 215, 261, 262, 244, 265, 257, 238, 8, 266, 259]","[208, 215, 238, 243, 244, 251, 252, 253, 257, 258, 259, 260, 261, 265, 268, 270, 296]","[251, 258, 252, 253, 260, 261, 215, 257, 243, 244, 268, 265, 266, 247, 259, 254, 238]","[251, 260, 258, 261, 215, 252, 208, 214, 246, 247, 253, 217, 257, 248, 244, 570, 166, 160]","[251, 258, 252, 260, 247, 208, 246, 244, 261, 215, 946, 214, 250, 268, 732]","[251, 261, 252, 208, 247, 215, 246, 570, 207]","[251, 252, 214, 215, 243, 244, 246, 247, 253, 258, 259, 260, 261, 268]","[215, 283, 263]","[252, 243, 244]"
PAGE,"[25, 26]","[25, 26]","[1, 23, 24, 25, 26]","[22, 23, 24, 25, 26, 27, 29]","[23, 24, 25, 26, 27]","[17, 18, 53, 22, 23, 25, 26]","[64, 85, 22, 23, 25, 26, 27]","[53, 22, 23, 25, 26]","[25, 26, 27, 23]","[26, 28, 23]",[25]
ANALYSIS,"The disclosure provides some information on the board's oversight of climate-related risks and opportunities. It mentions that the board is informed about climate-related issues every half year, and that the Sustainable Development Committee is responsible for strategic planning for environmental sustainability, climate change, carbon management, and environmental protection actions. The disclosure also mentions that the board considers climate-related issues when reviewing and guiding strategy, major plans of action, risk management policies, annual budgets, and business plans. However, the disclosure lacks specific details on the processes and frequency by which the board and/or board committees are informed about climate-related issues, and how the board monitors and oversees progress against goals and targets for addressing climate-related issues. Overall, the disclosure partially meets the requirements for high-quality disclosure pertaining to the critical element.","The sustainability report provides some information on management's role in assessing and managing climate-related risks and opportunities. It mentions the existence of an Environmental Group responsible for strategic planning related to environmental sustainability, climate change, carbon management, and environmental protection actions. The report also describes the Risk Management Committee, which governs every business decision made by employees and supervises risk management throughout the organization. However, the report lacks specific details on the organizational structure, processes by which management is informed about climate-related issues, and how management monitors climate-related issues. Therefore, the report partially meets the TCFD guidelines for high-quality disclosure pertaining to the TCFD recommendation point.","The sustainability report provides a comprehensive description of the climate-related risks and opportunities that the organization has identified over the short, medium, and long term. The report describes the relevant time horizons, specific climate-related issues, and the processes used to determine which risks and opportunities could have a material financial impact on the organization. The report also considers risks and opportunities by sector and/or geography, as appropriate. However, the report lacks specific details on the metrics used by the organization to assess climate-related risks and opportunities, and the targets used to manage them. Overall, the report provides a good level of disclosure quality on the critical element.","The sustainability report provides a comprehensive discussion of the impact of climate-related risks and opportunities on the organization's businesses, strategy, and financial planning. The report describes the Company's processes for identifying and assessing climate-related risks and how they are integrated into the Company's overall risk management. The report also includes metrics and targets used by the Company to assess climate-related risks and opportunities. However, the report lacks specific details on how climate-related issues serve as an input to the Company's financial planning process, the time period used, and how these risks and opportunities are prioritized. Additionally, the report does not describe the impact of climate-related issues on the Company's financial performance and financial position. Overall, the report provides a good level of disclosure, but there is room for improvement.","The sustainability report provides a comprehensive disclosure of the organization's resilience strategy to climate-related risks and opportunities. The report discusses the potential impact of climate-related issues on financial performance and position, and the climate-related scenarios considered. The report also describes the Company's processes for identifying, assessing, and managing climate-related risks. The report uses the Sustainable Development Scenario  and the RCP 2.6 scenario to analyze the future impacts of climate change on the Company. However, the report lacks specific details on how the Company's strategies might change to address potential risks and opportunities. Overall, the report meets most of the requirements, but some areas could be more detailed.","The sustainability report provides a comprehensive description of the organization's processes for identifying and assessing climate-related risks. The report describes the risk management processes for identifying and assessing climate-related risks, including the determination of the relative significance of climate-related risks in relation to other risks. The report also considers existing and emerging regulatory requirements related to climate change and other relevant factors. The report discloses the processes for assessing the potential size and scope of identified climate-related risks and definitions of risk terminology used. However, the report could have provided more details on the risk classification frameworks used. Overall, the report meets most of the requirements, and the disclosure is of high quality.","The sustainability report provides a comprehensive disclosure of the organization's processes for managing climate-related risks. The report describes the Company's processes for identifying and assessing climate-related risks, prioritizing climate-related risks, and managing climate-related risks. The report also includes metrics and targets used by the organization to manage climate-related risks and their implementation. The Company's climate change scenarios for mitigation and adaptation are also presented. However, the report lacks specific details on how materiality determinations are made within the organization. Overall, the report provides a good level of disclosure on the organization's processes for managing climate-related risks, but there is room for improvement in terms of providing more specific details on materiality determinations.","The sustainability report provides a comprehensive disclosure of the processes for identifying, assessing, and managing climate-related risks and how they are integrated into the organization's overall risk management. The report describes the impact of climate-related risks and opportunities on the Company's businesses, strategy, and financial planning. It also presents the potential impact of the Company's businesses, strategy, and financial planning in different scenarios. The report includes metrics and targets used by the organization to manage climate-related risks and their implementation. However, the report lacks specific details on how the organization integrates its processes for identifying, assessing, and managing climate-related risks into its overall risk management. Overall, the report provides a satisfactory level of disclosure on the TCFD recommendation point.","The sustainability report provides some information on the metrics used to assess climate-related risks and opportunities. The report mentions the scope 1, 2, and 3 greenhouse gas emissions, targets used to manage climate-related risks, and the Sustainable Development Scenario  used to analyze the future impacts of climate change on the company. However, the report lacks details on the specific metrics used to measure and manage climate-related risks and opportunities, and whether and how related performance metrics are incorporated into remuneration policies. The report also does not provide internal carbon prices or climate-related opportunity metrics. While the report mentions the processes for identifying and assessing climate-related risks, it does not describe the methodologies used to calculate or estimate climate-related metrics. Overall, the report partially meets the TCFD guidelines and scores 60 out of 100.","The sustainability report provides some information on the organization's Scope 1, Scope 2, and Scope 3 greenhouse gas  emissions and related risks. The report discloses the direct  and energy indirect  GHG emissions, as well as other indirect  GHG emissions. However, the report does not provide GHG emissions for historical periods, nor does it describe the methodologies used to calculate or estimate the metrics. The report mentions the use of the GHG Protocol methodology, but it is unclear if this was used to calculate the disclosed emissions. The report also lacks generally accepted industry-specific GHG efficiency ratios. Overall, the report partially meets the TCFD guidelines, but there is room for improvement.","The sustainability report provides some information on the targets used by the organization to manage climate-related risks and opportunities. The report mentions the metrics used to assess climate-related risks and opportunities, including Scope 1, Scope 2, and Scope 3 greenhouse gas emissions. The report also mentions the Sustainable Development Scenario  used to analyze the future impacts of climate change on the Company. However, the report lacks specific details on the targets used by the organization, such as whether the targets are absolute or intensity-based, time frames over which the targets apply, base year from which progress is measured, and key performance indicators used to assess progress against targets. The report also lacks information on associated interim targets and methodologies used to calculate targets and measures."
SCORE,70,60,85,85,85,90,85,80,60,60,50
