,"Company name: FLEX LNG LTD.
Company sector: Liquefied Natural Gas Shipping
Company location: {'BERMUDA': {'ADDRESS': 'Par-La-Ville Place, 14 Par-La-Ville Road, Hamilton'}, 'NORWAY': {'ADDRESS': 'Bryggegata 3, 0250 Oslo'}, 'UNITED KINGDOM': [{'ADDRESS': '3rd Floor, 183 St Vincent Street, Glasgow G2 5QD'}, {'ADDRESS': '4th Floor, 10 Eastcheap, London, EC3M 1AJ'}]}
Pages: 13","Company name: FLEX LNG LTD.
Company sector: Liquefied Natural Gas Shipping
Company location: {'BERMUDA': {'ADDRESS': 'Par-La-Ville Place, 14 Par-La-Ville Road, Hamilton'}, 'NORWAY': {'ADDRESS': 'Bryggegata 3, 0250 Oslo'}, 'UNITED KINGDOM': [{'ADDRESS': '3rd Floor, 183 St Vincent Street, Glasgow G2 5QD'}, {'ADDRESS': '4th Floor, 10 Eastcheap, London, EC3M 1AJ'}]}
Pages: 13","Company name: FLEX LNG LTD.
Company sector: Liquefied Natural Gas Shipping
Company location: {'BERMUDA': {'ADDRESS': 'Par-La-Ville Place, 14 Par-La-Ville Road, Hamilton'}, 'NORWAY': {'ADDRESS': 'Bryggegata 3, 0250 Oslo'}, 'UNITED KINGDOM': [{'ADDRESS': '3rd Floor, 183 St Vincent Street, Glasgow G2 5QD'}, {'ADDRESS': '4th Floor, 10 Eastcheap, London, EC3M 1AJ'}]}
Pages: 13","Company name: FLEX LNG LTD.
Company sector: Liquefied Natural Gas Shipping
Company location: {'BERMUDA': {'ADDRESS': 'Par-La-Ville Place, 14 Par-La-Ville Road, Hamilton'}, 'NORWAY': {'ADDRESS': 'Bryggegata 3, 0250 Oslo'}, 'UNITED KINGDOM': [{'ADDRESS': '3rd Floor, 183 St Vincent Street, Glasgow G2 5QD'}, {'ADDRESS': '4th Floor, 10 Eastcheap, London, EC3M 1AJ'}]}
Pages: 13","Company name: FLEX LNG LTD.
Company sector: Liquefied Natural Gas Shipping
Company location: {'BERMUDA': {'ADDRESS': 'Par-La-Ville Place, 14 Par-La-Ville Road, Hamilton'}, 'NORWAY': {'ADDRESS': 'Bryggegata 3, 0250 Oslo'}, 'UNITED KINGDOM': [{'ADDRESS': '3rd Floor, 183 St Vincent Street, Glasgow G2 5QD'}, {'ADDRESS': '4th Floor, 10 Eastcheap, London, EC3M 1AJ'}]}
Pages: 13","Company name: FLEX LNG LTD.
Company sector: Liquefied Natural Gas Shipping
Company location: {'BERMUDA': {'ADDRESS': 'Par-La-Ville Place, 14 Par-La-Ville Road, Hamilton'}, 'NORWAY': {'ADDRESS': 'Bryggegata 3, 0250 Oslo'}, 'UNITED KINGDOM': [{'ADDRESS': '3rd Floor, 183 St Vincent Street, Glasgow G2 5QD'}, {'ADDRESS': '4th Floor, 10 Eastcheap, London, EC3M 1AJ'}]}
Pages: 13","Company name: FLEX LNG LTD.
Company sector: Liquefied Natural Gas Shipping
Company location: {'BERMUDA': {'ADDRESS': 'Par-La-Ville Place, 14 Par-La-Ville Road, Hamilton'}, 'NORWAY': {'ADDRESS': 'Bryggegata 3, 0250 Oslo'}, 'UNITED KINGDOM': [{'ADDRESS': '3rd Floor, 183 St Vincent Street, Glasgow G2 5QD'}, {'ADDRESS': '4th Floor, 10 Eastcheap, London, EC3M 1AJ'}]}
Pages: 13","Company name: FLEX LNG LTD.
Company sector: Liquefied Natural Gas Shipping
Company location: {'BERMUDA': {'ADDRESS': 'Par-La-Ville Place, 14 Par-La-Ville Road, Hamilton'}, 'NORWAY': {'ADDRESS': 'Bryggegata 3, 0250 Oslo'}, 'UNITED KINGDOM': [{'ADDRESS': '3rd Floor, 183 St Vincent Street, Glasgow G2 5QD'}, {'ADDRESS': '4th Floor, 10 Eastcheap, London, EC3M 1AJ'}]}
Pages: 13","Company name: FLEX LNG LTD.
Company sector: Liquefied Natural Gas Shipping
Company location: {'BERMUDA': {'ADDRESS': 'Par-La-Ville Place, 14 Par-La-Ville Road, Hamilton'}, 'NORWAY': {'ADDRESS': 'Bryggegata 3, 0250 Oslo'}, 'UNITED KINGDOM': [{'ADDRESS': '3rd Floor, 183 St Vincent Street, Glasgow G2 5QD'}, {'ADDRESS': '4th Floor, 10 Eastcheap, London, EC3M 1AJ'}]}
Pages: 13","Company name: FLEX LNG LTD.
Company sector: Liquefied Natural Gas Shipping
Company location: {'BERMUDA': {'ADDRESS': 'Par-La-Ville Place, 14 Par-La-Ville Road, Hamilton'}, 'NORWAY': {'ADDRESS': 'Bryggegata 3, 0250 Oslo'}, 'UNITED KINGDOM': [{'ADDRESS': '3rd Floor, 183 St Vincent Street, Glasgow G2 5QD'}, {'ADDRESS': '4th Floor, 10 Eastcheap, London, EC3M 1AJ'}]}
Pages: 13","Company name: FLEX LNG LTD.
Company sector: Liquefied Natural Gas Shipping
Company location: {'BERMUDA': {'ADDRESS': 'Par-La-Ville Place, 14 Par-La-Ville Road, Hamilton'}, 'NORWAY': {'ADDRESS': 'Bryggegata 3, 0250 Oslo'}, 'UNITED KINGDOM': [{'ADDRESS': '3rd Floor, 183 St Vincent Street, Glasgow G2 5QD'}, {'ADDRESS': '4th Floor, 10 Eastcheap, London, EC3M 1AJ'}]}
Pages: 13"
,tcfd_1,tcfd_2,tcfd_3,tcfd_4,tcfd_5,tcfd_6,tcfd_7,tcfd_8,tcfd_9,tcfd_10,tcfd_11
ANSWER,"The Board of Directors oversees the ESG strategy, including ESG priorities, ensures that appropriate and effective related risk management and internal control systems are in place, and that the corporate governance framework is reviewed annually. The Board has considered important ESG matters throughout the year, reviewed the annual ESG report, and considered climate-related risks as a material issue. However, the report lacks specific details on the Board's direct actions and responsibilities pertaining to climate issues.","FLEX LNG has established policies and control processes to manage their material climate-related risks and opportunities. They have integrated ESG management within their business and set targets for their material risks and opportunities with associated KPIs for the short, medium, and long term. The Board of Directors oversees the strategy, ensures appropriate and effective related risk management and internal control systems are in place, and reviews their corporate governance framework annually.","Flex LNG has identified climate-related risks and opportunities in the short, medium, and long term. In the short to medium term, decarbonization is positive for the company. However, in the long term, climate change and air emissions are shaping the course of the shipping industry. The company recognizes its responsibility to manage its environmental impact and has implemented a thorough system for incident reporting and fleet management. The company also participates in initiatives such as the Neptune Declaration and the Clean Shipping Alliance.","Flex LNG acknowledges climate-related risks and opportunities and aims to reduce CO2 emissions per transport work compared to 2008 levels by at least 40% by 2030. The company believes that decarbonization is positive for its business in the short to medium term. However, the report lacks concrete data on the impact of climate-related risks and opportunities on the company's financial performance and planning.","The report mentions that the company's strategy is positive for decarbonization in the short to medium term, but it is unclear how resilient the strategy is in different climate-related scenarios, including a 2°C target or lower scenario. The report does mention that the company has set targets for material risks and opportunities, but it is unclear if these targets are aligned with a 2°C target or lower scenario. The report does mention that the company has implemented a system for incident reporting and is ISO9001/ISO 14001 certified, which may indicate some level of resilience to climate physical risks.","The report mentions that the company uses a set of stringent monitoring and management tools to cover all of Flex LNG’s activities related to climate-related risks, ensuring compliance with international and local regulations. However, the report does not provide specific details on the processes used to identify and assess climate-related risks.","FLEX LNG manages climate-related risks by implementing a set of stringent monitoring and management tools covering all of its activities related to such risks, ensuring compliance with international and local regulations. The company also relies on data-driven sustainability management and uses its digital ESG management system to collect and use data to make decisions that support sustainable business practices. FLEX LNG's policies and procedures were updated in 2021, and the company provides training to all employees and management to follow laws, reduce risks of corporate and personal liability, and operate effectively.","FLEX LNG has established policies and control processes to manage material risks and ensure compliance with all applicable international and local laws and regulations. The company has integrated ESG management within its business and has laid the foundation for setting targets for material risks and opportunities with associated KPIs for the short, medium, and long term. However, the report lacks specific information on how climate-related risks are integrated into the overall risk management.","The company uses a digital ESG management system to collect and use data to make decisions that support sustainable business practices. The SASB Marine Transportation Standard  guides the company in considering financially material ESG priorities. The report mentions climate-related risks as a material topic, but does not provide specific metrics used to assess these risks or how they help ensure performance is in line with strategy and risk management process.","Yes, FLEX LNG LTD. discloses its Scope 1 and Scope 2 greenhouse gas emissions. The Scope 1 emissions are based on fuel consumption for the year, while the Scope 2 emissions are based on electricity consumption. The report does not provide information on Scope 3 emissions. The related risks are not explicitly stated in the report.","FLEX LNG LTD. uses materiality assessment to set targets for their material risks and opportunities with associated KPIs for the short, medium, and long term. However, the report does not provide specific targets or performance against these targets for climate-related risks and opportunities."
SOURCES,"[22, 25, 31]","[22, 31, 43, 55]","[22, 31, 41, 43, 55, 60, 63, 73]","[22, 31, 43, 41]","[22, 43, 55, 79]",[55],"[55, 30, 28]","[31, 22, 55]","[22, 30]","[84, 79, 78]",[21]
PAGE,"[3, 4]","[3, 4, 6, 7]","[3, 4, 6, 7, 8, 9]","[3, 4, 6]","[10, 3, 6, 7]",[7],"[4, 7]","[3, 4, 7]","[3, 4]","[10, 11]",[3]
ANALYSIS,"The disclosure provides some information on the board's oversight of climate-related risks and opportunities. It mentions that the board oversees ESG priorities, ensures that appropriate and effective related risk management and internal control systems are in place, and that our corporate governance framework is reviewed annually. However, the disclosure lacks specific details on the processes and frequency by which the board and/or board committees are informed about climate-related issues. It also does not provide information on whether the board and/or board committees consider climate-related issues when reviewing and guiding strategy, major plans of action, risk management policies, annual budgets, and business plans. Additionally, the disclosure does not provide information on how the board monitors and oversees progress against goals and targets for addressing climate-related issues. Overall, the disclosure is insufficient in meeting the TCFD guidelines.","The sustainability report provides limited information on management's role in assessing and managing climate-related risks and opportunities. The report does not mention whether the organization has assigned climate-related responsibilities to management-level positions or committees, nor does it describe the associated organizational structure. The report briefly mentions processes by which management is informed about climate-related issues, but it does not provide any details on how management monitors climate-related issues. Overall, the report lacks specific information on management's role in assessing and managing climate-related risks and opportunities, and therefore, it does not meet the TCFD guidelines.","The sustainability report provides some information on climate-related risks and opportunities, but it does not meet the TCFD guidelines in full. The report mentions the short, medium, and long-term time horizons, but it does not provide a clear description of specific climate-related issues that could have a material financial impact on the organization. The report also lacks information on the process used to determine which risks and opportunities could have a material financial impact on the organization. While the report mentions climate change and the Paris Agreement, it does not provide a comprehensive analysis of the most relevant climate-related risks and opportunities. The report could benefit from providing a description of risks and opportunities by sector and/or geography. Overall, the report provides some information but lacks specificity and detail.","The sustainability report of Flex LNG provides some information on climate-related risks and opportunities, but it lacks specific details on how these issues impact the organization's businesses, strategy, and financial planning. The report mentions the IMO's strategy to reduce CO2 emissions and the company's aim to reduce harmful emissions, but it does not provide any information on how these goals are integrated into the company's financial planning process. The report also lacks information on the impact of climate-related issues on the company's financial performance and position. While the report mentions some material topics, it does not provide a holistic picture of the interdependencies among the factors that affect the company's ability to create value over time. Overall, the report's disclosure quality on the given TCFD recommendation point is insufficient.","The sustainability report lacks sufficient disclosure on the resilience of the organization's strategy when considering different climate-related scenarios, including a 2°C target or lower scenario, and climate physical risks. The report does not provide any information on how the organization's strategies might change to address potential risks and opportunities, the potential impact of climate-related issues on financial performance, and the climate-related scenarios and associated time horizon considered. While the report mentions the IMO strategy towards 2030 in line with the Paris Agreement to combat climate change, it does not provide any specific details on how the organization plans to align with the strategy. The report does not meet the majority of the TCFD guidelines.","The sustainability report provides limited information on the processes used by the organization to identify and assess climate-related risks. While the report mentions climate-related risks as a material issue, it does not provide a detailed description of the risk management processes used to identify and assess these risks. The report does not disclose how the organization determines the relative significance of climate-related risks in relation to other risks. The report does not disclose whether the organization considers existing and emerging regulatory requirements related to climate change. The report does not disclose the processes used to assess the potential size and scope of identified climate-related risks or definitions of risk terminology used or references to existing risk classification frameworks used. Therefore, the report does not meet most of the TCFD guidelines.","The sustainability report provides some information on how the organization manages climate-related risks. The report mentions that the company has implemented a system for incident reporting, has a set of monitoring and management tools to minimize environmental impact, and follows international and local regulations. The report also mentions that the company considers climate-related risks as material and follows the SASB Marine Transportation Standard. However, the report lacks specific details on how the company makes decisions to mitigate, transfer, accept, or control climate-related risks and how materiality determinations are made. Therefore, the report partially meets the requirements for high-quality disclosure pertaining to the critical element of managing climate-related risks.","The report provides some information on how climate-related risks are integrated into the organization's overall risk management. The report mentions that the company has established a comprehensive Compliance Program and implemented policies and procedures outlining how they manage ESG issues to help mitigate potential risks. The report also mentions that the company has established policies and control processes to manage their material risks and to ensure compliance with all applicable international and local laws and regulations. However, the report lacks specific details on how the company identifies, assesses, and manages climate-related risks. The report does not provide any information on the processes used by the company to integrate climate-related risks into their overall risk management. Therefore, the report does not fully meet the TCFD guidelines.","The sustainability report provides some information on the metrics used to assess climate-related risks and opportunities. The report mentions the SASB Marine Transportation Standard and the IMO strategy to reduce CO2 emissions. However, the report lacks specific details on the metrics used to measure and manage climate-related risks and opportunities. The report does not provide metrics on climate-related risks associated with water, energy, land use, and waste management. The report does not describe whether and how related performance metrics are incorporated into remuneration policies. The report does not provide internal carbon prices or climate-related opportunity metrics. The report does not provide forward-looking metrics for the cross-industry. Overall, the report lacks sufficient detail to meet the TCFD guidelines.","The disclosure provides some information on Scope 1 and Scope 2 GHG emissions, but it is unclear whether Scope 3 emissions have been disclosed. The methodology used to calculate GHG emissions is not clearly described, and there is no information on historical emissions or industry-specific GHG efficiency ratios. The report does not provide any information on GHG emissions reduction targets or performance against those targets. While the report mentions climate-related risks, it does not provide a detailed analysis of the related risks and how they differ depending on the scope. Overall, the disclosure is insufficient in meeting the TCFD guidelines for high-quality disclosure pertaining to the TCFD recommendation point.","The sustainability report provides some information on the targets used by the organization to manage climate-related risks and opportunities and performance against targets. The report mentions some key climate-related targets such as those related to GHG emissions, energy usage, and marine transportation. However, the report lacks specific details on the targets, such as whether they are absolute or intensity-based, time frames over which the target applies, base year from which progress is measured, and key performance indicators used to assess progress against targets. The report also does not disclose associated interim targets in aggregate or by business line, where available. Overall, the disclosure is insufficient to meet the TCFD guidelines."
SCORE,30,20,60,40,20,20,60,50,30,30,40
