,"Company name: Nordstrom
Company sector: Fashion Retailer
Company location: Global
Pages: 43","Company name: Nordstrom
Company sector: Fashion Retailer
Company location: Global
Pages: 43","Company name: Nordstrom
Company sector: Fashion Retailer
Company location: Global
Pages: 43","Company name: Nordstrom
Company sector: Fashion Retailer
Company location: Global
Pages: 43","Company name: Nordstrom
Company sector: Fashion Retailer
Company location: Global
Pages: 43","Company name: Nordstrom
Company sector: Fashion Retailer
Company location: Global
Pages: 43","Company name: Nordstrom
Company sector: Fashion Retailer
Company location: Global
Pages: 43","Company name: Nordstrom
Company sector: Fashion Retailer
Company location: Global
Pages: 43","Company name: Nordstrom
Company sector: Fashion Retailer
Company location: Global
Pages: 43","Company name: Nordstrom
Company sector: Fashion Retailer
Company location: Global
Pages: 43","Company name: Nordstrom
Company sector: Fashion Retailer
Company location: Global
Pages: 43"
,tcfd_1,tcfd_2,tcfd_3,tcfd_4,tcfd_5,tcfd_6,tcfd_7,tcfd_8,tcfd_9,tcfd_10,tcfd_11
ANSWER,"The sustainability report does not provide specific information on how the company's board oversees climate-related risks and opportunities. However, the report mentions that the company conducts regular materiality assessments with input from human rights and sustainability experts to identify and prioritize risks and opportunities related to social responsibility and environmental sustainability impacts in its operations and supply chain.","Nordstrom works with external experts to identify and prioritize climate-related risks and opportunities in their operations and supply chain. They conduct regular materiality assessments with input from human rights and sustainability experts, customers, employees, and other stakeholders. They have set a 2025 goal to establish a science-based target to reduce Scope 1, 2, and 3 emissions and contribute $250,000 in corporate grants to help slow and prevent climate change. They also have an internal working group to support the development of circular Nordstrom Made products.","Nordstrom has identified climate change as a long-term crisis and set a 2025 goal to reduce Scope 1, 2, and 3 emissions. They plan to establish a science-based target and implement a supplier engagement program. Nordstrom also aims to contribute $250,000 in corporate grants to help slow and prevent climate change. However, the report lacks specific details on the identified climate-related risks and opportunities over the short, medium, and long term.","Nordstrom aims to reduce its greenhouse gas emissions and contribute $250,000 in corporate grants to help slow and prevent climate change. The company also works to reduce the environmental impact of its products and services, and accelerate circularity. However, the report lacks concrete data on the company's progress towards its goals and the extent of its impact on environmental sustainability.","Nordstrom's sustainability report does not provide sufficient information to determine the resilience of the organization's strategy when considering different climate-related scenarios or physical risks. While the report mentions goals to reduce emissions and contribute to climate change prevention, it lacks specific details on how the company plans to achieve these goals and mitigate climate risks. Additionally, the report contains several cheap talks and vague statements that do not provide concrete data or verifiable information.","Nordstrom conducts regular materiality assessments with input from human rights and sustainability experts to identify and prioritize risks and opportunities related to their social responsibility and environmental sustainability impacts in their operations and supply chain. They plan to establish a science-based target to reduce Scope 1, 2 and 3 emissions and implement a supplier engagement program with tools and training to enable their suppliers to complete their own emissions inventories.","Nordstrom aims to reduce its greenhouse gas emissions by establishing a science-based target to reduce Scope 1, 2 and 3 emissions, and offsetting 100% of the carbon emissions of all stores. The company also plans to implement a supplier engagement program to enable suppliers to complete their own emissions inventories. Nordstrom is a founding member of the Sustainable Apparel Coalition and is making improvements in its Nordstrom Made supply chain and across its business by using the Higg Index Facility Environmental Module and the Higg Index Brand and Retail Module.","Nordstrom conducts regular materiality assessments with input from human rights and sustainability experts to identify and prioritize risks and opportunities related to social responsibility and environmental sustainability impacts in their operations and supply chain. However, the report lacks specific information on how climate-related risks are integrated into the organization's overall risk management.","Nordstrom aims to establish a science-based target to reduce Scope 1, 2 and 3 emissions and contribute $250,000 in corporate grants to help slow and prevent climate change. The company also has a goal to ensure that 100% of Nordstrom Made strategic suppliers pay a living wage. However, the report lacks specific metrics used to assess climate-related risks and opportunities and how they help ensure performance is in line with the company's strategy and risk management process.","Yes, Nordstrom discloses its Scope 1 and Scope 2 greenhouse gas emissions in its 2020 CDP Climate Change disclosure. However, there is no specific data on Scope 3 emissions. The report does not provide any information on the related risks of GHG emissions.","Nordstrom aims to establish a science-based target to reduce Scope 1, 2 and 3 emissions by 2025. The company also plans to contribute $250,000 in corporate grants to help slow and prevent climate change. However, there is no information available on how the company is performing against these targets."
SOURCES,[132],"[132, 26, 21, 27, 20, 44, 23, 13, 185, 71, 30, 70, 72, 56, 130]","[21, 26, 23, 27]","[26, 132, 20, 21, 27, 12, 44, 14, 185, 133, 179, 184, 8, 117]","[21, 26, 132, 185, 27, 14, 15, 187]","[132, 26, 23, 21]","[21, 26, 71]",[132],"[26, 21, 23, 133]","[21, 185]",[26]
PAGE,[29],"[5, 8, 9, 10, 40, 13, 15, 17, 28, 29]","[9, 10]","[4, 5, 38, 39, 8, 9, 10, 40, 13, 26, 29]","[5, 6, 40, 9, 10, 29]","[9, 29]","[9, 17]",[29],"[9, 29]","[40, 9]",[9]
ANALYSIS,"The sustainability report does not provide sufficient information on how the company's board oversees climate-related risks and opportunities. The report does not discuss the processes and frequency by which the board and/or board committees are informed about climate-related issues. There is no mention of whether the board and/or board committees consider climate-related issues when reviewing and guiding strategy, major plans of action, risk management policies, annual budgets, and business plans. The report does not provide information on how the board monitors and oversees progress against goals and targets for addressing climate-related issues. The report only provides information on the company's goals and initiatives related to climate change and environmental sustainability.","The sustainability report does not provide sufficient information on management's role in assessing and managing climate-related risks and opportunities. The report does not mention whether the organization has assigned climate-related responsibilities to management-level positions or committees, nor does it describe the associated organizational structure. The report does not provide information on how management is informed about climate-related issues or how it monitors climate-related issues. While the report mentions the organization's efforts to identify and prioritize risks and opportunities related to social responsibility and environmental sustainability impacts, it does not provide specific details on how management is involved in these efforts. Overall, the report lacks the necessary components for high-quality disclosure pertaining to the critical element of management's role in assessing and managing climate-related risks and opportunities.","The sustainability report provides some information on climate-related risks and opportunities, but it does not meet the TCFD guidelines in a comprehensive manner. The report mentions the company's 2025 goals to reduce greenhouse gas emissions and contribute to slowing climate change, but it does not provide a clear description of the specific climate-related issues that could have a material financial impact on the organization over the short, medium, and long term. The report also lacks information on the process used to determine which risks and opportunities could have a material financial impact on the organization. While the report provides some quantitative data on emissions, it does not provide a detailed analysis of the risks and opportunities associated with climate change.","The sustainability report provides limited information on how climate-related risks and opportunities impact the organization's business strategy, economic and financial performance, and financial planning. The report mentions the company's goals to reduce emissions and contribute to climate change prevention, but it does not provide any specific details on how climate-related issues have affected their businesses, strategy, and financial planning. The report does not describe the impact of climate-related issues on their financial performance and financial position. The report does not provide any information on how climate-related issues serve as an input to their financial planning process, the time period used, and how these risks and opportunities are prioritized. Overall, the report lacks the necessary components for high-quality disclosure pertaining to the critical element.","The sustainability report lacks sufficient disclosure on the resilience of the organization's strategy to climate-related risks and opportunities. The report does not provide any information on how the organization's strategy might change to address potential risks and opportunities, the potential impact of climate-related issues on financial performance and position, or the climate-related scenarios and associated time horizon considered. The report only mentions the establishment of a science-based target to reduce Scope 1, 2, and 3 emissions and a corporate grant to help slow and prevent climate change. The report does not provide any information on how the organization's strategy is resilient to climate physical risks. Therefore, the report does not meet the TCFD guidelines for high-quality disclosure pertaining to the TCFD recommendation point.","The sustainability report provides some information on the organization's processes for identifying and assessing climate-related risks. The report mentions that the organization works with external experts to identify and prioritize risks and opportunities related to social responsibility and environmental sustainability impacts. However, the report lacks specific details on how the organization determines the relative significance of climate-related risks in relation to other risks. The report also does not disclose whether the organization considers existing and emerging regulatory requirements related to climate change. Additionally, the report does not provide information on the processes for assessing the potential size and scope of identified climate-related risks or definitions of risk terminology used or references to existing risk classification frameworks used. Therefore, the report does not fully satisfy the TCFD guidelines for high-quality disclosure pertaining to the TCFD recommendation point.","The sustainability report provides some information on how the organization manages climate-related risks. It mentions that the organization works with external experts to identify and prioritize risks and opportunities related to social responsibility and environmental sustainability impacts. The report also states that the organization conducts regular materiality assessments. However, the report lacks specific details on how the organization makes decisions to mitigate, transfer, accept, or control climate-related risks. It also does not provide information on how materiality determinations are made within the organization. Therefore, while the report provides some information on how the organization manages climate-related risks, it does not fully satisfy the requirements for high-quality disclosure.","The sustainability report provides some information on how the organization integrates processes for identifying, assessing, and managing climate-related risks into its overall risk management. The report mentions that the organization works with external experts to identify and prioritize risks and opportunities related to social responsibility and environmental sustainability impacts. The report also states that the organization conducts regular materiality assessments with input from human rights and sustainability experts. However, the report lacks specific details on how the organization integrates climate-related risks into its overall risk management. The report does not provide information on the organization's risk management framework or how climate-related risks are assessed and managed. Therefore, the report does not fully satisfy the TCFD guidelines.","The sustainability report provides limited information on the metrics used to assess climate-related risks and opportunities. While the report mentions the establishment of a science-based target to reduce Scope 1, 2, and 3 emissions, it does not provide any specific details on the metrics used to measure and manage climate-related risks and opportunities. The report also lacks information on the incorporation of climate-related performance metrics into remuneration policies. However, the report does mention the provision of internal carbon prices and climate-related opportunity metrics. The report does not provide any historical metrics for trend analysis or forward-looking metrics for the cross-industry. Overall, the report lacks specificity and detail on the metrics used to assess climate-related risks and opportunities.","The sustainability report partially meets the requirements for disclosing Scope 1, Scope 2, and Scope 3 greenhouse gas emissions. The report provides Scope 1 and Scope 2 emissions for owned and operated facilities, but it is unclear whether these emissions are independent of a materiality assessment. The report mentions plans to establish a supplier engagement program to enable suppliers to complete their own emissions inventories, but it is unclear whether this program will cover Scope 3 emissions. The report also mentions plans to establish a science-based target to reduce Scope 1, 2, and 3 emissions, but it does not provide any historical data or industry-specific GHG efficiency ratios. Overall, the report lacks specific details and does not fully meet the requirements for high-quality disclosure.","The sustainability report provides some information on the targets used by the organization to manage climate-related risks and opportunities and performance against targets. The report mentions the establishment of a science-based target to reduce Scope 1, 2 and 3 emissions, and the contribution of $250,000 in corporate grants to help slow and prevent climate change. However, the report lacks specific details on the targets, such as whether they are absolute or intensity-based, time frames over which the target applies, base year from which progress is measured, and key performance indicators used to assess progress against targets. The report also does not provide a description of the methodologies used to calculate targets and measures. Overall, the disclosure quality on this critical element is insufficient."
SCORE,10,20,40,20,10,40,60,50,40,60,40
