,"Company name: Freeport-McMoRan
Company sector: Mining and Metals
Company location: ['Indonesia', 'North America', 'South America', 'Europe/Other']
Pages: 40","Company name: Freeport-McMoRan
Company sector: Mining and Metals
Company location: ['Indonesia', 'North America', 'South America', 'Europe/Other']
Pages: 40","Company name: Freeport-McMoRan
Company sector: Mining and Metals
Company location: ['Indonesia', 'North America', 'South America', 'Europe/Other']
Pages: 40","Company name: Freeport-McMoRan
Company sector: Mining and Metals
Company location: ['Indonesia', 'North America', 'South America', 'Europe/Other']
Pages: 40","Company name: Freeport-McMoRan
Company sector: Mining and Metals
Company location: ['Indonesia', 'North America', 'South America', 'Europe/Other']
Pages: 40","Company name: Freeport-McMoRan
Company sector: Mining and Metals
Company location: ['Indonesia', 'North America', 'South America', 'Europe/Other']
Pages: 40","Company name: Freeport-McMoRan
Company sector: Mining and Metals
Company location: ['Indonesia', 'North America', 'South America', 'Europe/Other']
Pages: 40","Company name: Freeport-McMoRan
Company sector: Mining and Metals
Company location: ['Indonesia', 'North America', 'South America', 'Europe/Other']
Pages: 40","Company name: Freeport-McMoRan
Company sector: Mining and Metals
Company location: ['Indonesia', 'North America', 'South America', 'Europe/Other']
Pages: 40","Company name: Freeport-McMoRan
Company sector: Mining and Metals
Company location: ['Indonesia', 'North America', 'South America', 'Europe/Other']
Pages: 40","Company name: Freeport-McMoRan
Company sector: Mining and Metals
Company location: ['Indonesia', 'North America', 'South America', 'Europe/Other']
Pages: 40"
,tcfd_1,tcfd_2,tcfd_3,tcfd_4,tcfd_5,tcfd_6,tcfd_7,tcfd_8,tcfd_9,tcfd_10,tcfd_11
ANSWER,"The board of directors oversees the company's risk management processes and considers potential rewards and risks of business opportunities and challenges. The Corporate Responsibility Committee assists the board in fulfilling its oversight responsibilities, including with respect to the company's environmental policy and implementation. The board believes that full and open communication between senior management and the board is essential to effective risk oversight.","The board oversees the strategic direction of the company, considers the potential rewards and risks of business opportunities and challenges, and monitors the managing and mitigating of material risks. Management attends regularly scheduled board meetings to conduct presentations on various strategic matters involving operations and are available to address any questions or concerns raised by the board on risk management-related or any other matters. The board reviews, evaluates and discusses with members of management whether the risk management processes designed and implemented by management are adequate in identifying, assessing, development and management of risks that impact strategic goals.","Freeport-McMoRan's sustainability report does not provide a clear identification of climate-related risks and opportunities over the short, medium, and long term. The report only mentions that the company prioritizes risks related to health and safety, respect for human rights, the environment, and community stability and economic impacts. However, it is unclear whether these risks are associated with a specific horizon.","Freeport-McMoRan acknowledges the potential negative consequences of climate-related risks to its business and stakeholders. The company has modeled multiple carbon tax scenarios to understand the range of potential increases to its operating costs. However, the report lacks concrete data on the impact of climate-related risks and opportunities on the company's financial performance and planning.","The report does not provide sufficient information to determine the resilience of Freeport-McMoRan's strategy to different climate-related scenarios or physical risks. While the report mentions scenario planning for water availability and extreme precipitation events, it does not provide any specific information on how the company's strategy would perform under a 2°C target or lower scenario. Additionally, the report lacks concrete data on the company's carbon footprint and emissions reduction targets, making it difficult to assess the effectiveness of its sustainability efforts.","Freeport-McMoRan uses the Sustainable Development Risk Register process to prioritize risks that could have negative consequences to their business and stakeholders. They also conduct assessments based on ISO 31000:2009 principles and guidelines. The company coordinates with operations to ensure alignment of priorities and mitigation plans. The Sustainable Development Leadership Team reviews sustainability focus areas annually. The company also monitors implementation of action plans to investigate, mitigate, and/or remedy adverse human rights impacts identified in the 2015 TFM Human Rights Impact Assessment via the site's risk register process.","Freeport-McMoRan manages climate-related risks through modeling carbon tax scenarios, purchasing low carbon power, and conducting annual scenario planning for hypothetical reductions in total water availability and extreme precipitation events. However, the report lacks concrete data on the effectiveness of these measures.","The report states that the company coordinates with operations to ensure prioritization processes are consistent with corporate procedures and provide guidance to ensure alignment of priorities and mitigation plans. Sustainability focus areas identified through this process at the global level are reviewed annually by the Sustainable Development Leadership Team and communicated to members of the board. However, the report lacks specific information on how climate-related risks are integrated into the overall risk management process.","The report does not provide specific metrics used to assess climate-related risks and opportunities. However, the company claims to prioritize sustainability focus areas identified through a global prioritization process and reviewed annually by the Sustainable Development Leadership Team. The report does not provide evidence of how these metrics help ensure performance is in line with the company's strategy and risk management process.","Freeport-McMoRan discloses its Scope 1 and Scope 2 greenhouse gas emissions, but not Scope 3. The report mentions risks associated with changes in energy sources and GHG emissions, but does not provide specific details on these risks.",The report does not provide specific targets used to understand/quantify/benchmark climate-related risks and opportunities. The report only mentions that the company uses a Sustainable Development Risk Register process to prioritize risks that could have negative consequences to their business and stakeholders. There is no information on how the company is performing against these targets.
SOURCES,"[40, 41, 42, 43]","[41, 42, 43, 208]",[64],[64],"[211, 70, 64, 11, 59, 65, 37, 274, 48, 121, 55, 61, 67, 71, 43, 41, 54, 137, 31]","[64, 274, 61, 65, 134, 37, 273, 246, 48, 141, 271]","[26, 211]",[65],"[11, 37, 41, 55, 64, 70]","[266, 204, 64, 65, 61]","[55, 64]"
PAGE,[8],"[8, 29]",[10],[10],"[2, 38, 7, 8, 9, 10, 11, 18, 20, 29]","[33, 37, 38, 7, 8, 10, 20, 21]","[29, 6]",[10],"[2, 7, 8, 9, 10, 11]","[10, 28, 37]","[9, 10]"
ANALYSIS,"The sustainability report provides some information on the board's oversight of climate-related risks and opportunities. It mentions that the board oversees the strategic direction of the company and considers the potential rewards and risks of business opportunities and challenges. However, the report lacks specific details on the processes and frequency by which the board and/or board committees are informed about climate-related issues. It also does not provide information on whether the board and/or board committees consider climate-related issues when reviewing and guiding strategy, major plans of action, risk management policies, annual budgets, and business plans. The report does mention that the board reviews, evaluates, and discusses with members of management whether the risk management processes designed and implemented by management are adequate in identifying, assessing, and managing material risks. However, it does not provide information on how the board monitors and oversees progress against goals and targets for addressing climate-related issues.","The disclosure provided in the sustainability report is insufficient to meet the requirements for this critical element. The report does not provide any information on whether the organization has assigned climate-related responsibilities to management-level positions or committees, nor does it describe the associated organizational structure. The report does not provide any information on how management is informed about climate-related issues or how management monitors climate-related issues. While the report mentions the board's oversight responsibilities, it does not provide any information on management's role in assessing and managing climate-related risks and opportunities. Overall, the disclosure is too general and lacks specific details to meet the requirements for this critical element.","The sustainability report provides some information on the climate-related risks and opportunities that the organization has identified over the short, medium, and long term. However, the report lacks specific details on the risks and opportunities that could have a material financial impact on the organization. The report does not provide a clear description of the process used to determine which risks and opportunities could have a material financial impact on the organization. The report does not provide a description of the relevant short-, medium-, and long-term time horizons. The report does not provide a description of the risks and opportunities by sector and/or geography. Overall, the report provides insufficient information to assess the organization's disclosure quality on this critical element.","The sustainability report provides limited information on how climate-related risks and opportunities impact the organization's business strategy, economic and financial performance, and financial planning. The report mentions that the company models multiple carbon tax scenarios and has purchased low carbon power, but it does not provide a holistic picture of the interdependencies among the factors that affect the company's ability to create value over time. The report does not describe the impact of climate-related issues on the company's financial performance and financial position. The report does not describe the company's plans for transitioning to a low-carbon economy. Overall, the report lacks specific details and does not meet most of the requirements for high-quality disclosure pertaining to the critical element.","The sustainability report provides limited information on the resilience of the organization's strategy to climate-related risks and opportunities. While the report mentions scenario planning to evaluate hypothetical reductions in total water availability and extreme precipitation events, it does not provide any information on how the organization's strategies might change to address potential risks and opportunities. The report also lacks information on the potential impact of climate-related issues on financial performance and the climate-related scenarios considered. Therefore, the report does not meet most of the TCFD guidelines outlined for this TCFD recommendation point. However, the report does mention that approximately 63% of the purchased power was from low carbon sources, including natural gas and renewable energy, and that the organization has modeled multiple carbon tax scenarios to understand the range of potential increases to operating costs.","The sustainability report provides some information on the organization's processes for identifying and assessing climate-related risks. The report mentions the Sustainable Development Risk Register process, which prioritizes risks that could have negative consequences to the business and stakeholders. The report also mentions the use of ISO 31000:2009, Risk management – Principles and guidelines. However, the report does not provide sufficient information on how the organization determines the relative significance of climate-related risks in relation to other risks. The report does not disclose the processes for assessing the potential size and scope of identified climate-related risks or definitions of risk terminology used or references to existing risk classification frameworks used. Overall, the disclosure is insufficient and lacks specific details.","The sustainability report provides some information on the organization's processes for managing climate-related risks. The report mentions the Sustainable Development Risk Register process, which prioritizes risks that could have negative consequences to the business and stakeholders. The report also mentions that the organization models multiple carbon tax scenarios to understand the range of potential increases to operating costs. However, the report lacks specific details on how the organization makes decisions to mitigate, transfer, accept, or control climate-related risks. The report also lacks information on how materiality determinations are made within the organization. Overall, the disclosure provides some information on the organization's processes for managing climate-related risks, but it lacks specific details on key aspects of these processes.","The report provides some information on how the processes for identifying, assessing, and managing climate-related risks are integrated into the organization's overall risk management. The report mentions that sustainability focus areas are reviewed annually by the Sustainable Development Leadership Team and communicated to members of the board. The Sustainable Development Risk Register process prioritizes risks that could have the potential for negative consequences to the business and stakeholders. The report also mentions that the risk assessment methodology is based on ISO 31000:2009, Risk management – Principles and guidelines. However, the report lacks specific details on how the processes are integrated into the overall risk management. The report could provide more information on how the processes are coordinated with operations and how the risks are mitigated. Overall, the disclosure is partially satisfactory.","The sustainability report does not provide sufficient information on the metrics used to assess climate-related risks and opportunities. The report does not provide key metrics used to measure and manage climate-related risks and opportunities, nor does it provide metrics consistent with the cross-industry. The report does not include metrics on climate-related risks associated with water, energy, land use, and waste management where relevant and applicable. The report does not describe whether and how related performance metrics are incorporated into remuneration policies. The report does not provide internal carbon prices as well as climate-related opportunity metrics such as revenue from products and services designed for a low-carbon economy. The report does not provide forward-looking metrics for the cross-industry, consistent with their business or strategic planning time horizons. The report does not provide a description of the methodologies used to calculate or estimate climate-related metrics.","The sustainability report provides some information on greenhouse gas  emissions, but it does not meet the requirements for high-quality disclosure. The report does not disclose Scope 1, Scope 2, and Scope 3 GHG emissions independently of a materiality assessment, nor does it provide GHG emissions and associated metrics for historical periods. The report does not provide a description of the methodologies used to calculate or estimate the metrics. The report does not provide generally accepted industry-specific GHG efficiency ratios. The report does not consider disclosing Scope 3 GHG emissions. However, the report calculates GHG emissions in line with the GHG Protocol methodology. The report provides some information on related risks, but it does not differentiate risks depending on the scope.","The sustainability report does not provide any information on the targets used by the organization to manage climate-related risks and opportunities and performance against targets. The report does not describe any key climate-related targets such as those related to GHG emissions, water usage, energy usage, etc. The report does not provide any information on whether the target is absolute or intensity based, time frames over which the target applies, base year from which progress is measured, and key performance indicators used to assess progress against targets. The report does not disclose associated interim targets in aggregate or by business line, where available. The report does not provide a description of the methodologies used to calculate targets and measures. Therefore, the report does not meet the TCFD guidelines."
SCORE,50,10,30,20,20,40,60,60,0,40,0
