,"Company name: Coeur Mining, Inc.
Company sector: Precious Metals Producer
Company location: Chicago, IL
Pages: 44","Company name: Coeur Mining, Inc.
Company sector: Precious Metals Producer
Company location: Chicago, IL
Pages: 44","Company name: Coeur Mining, Inc.
Company sector: Precious Metals Producer
Company location: Chicago, IL
Pages: 44","Company name: Coeur Mining, Inc.
Company sector: Precious Metals Producer
Company location: Chicago, IL
Pages: 44","Company name: Coeur Mining, Inc.
Company sector: Precious Metals Producer
Company location: Chicago, IL
Pages: 44","Company name: Coeur Mining, Inc.
Company sector: Precious Metals Producer
Company location: Chicago, IL
Pages: 44","Company name: Coeur Mining, Inc.
Company sector: Precious Metals Producer
Company location: Chicago, IL
Pages: 44","Company name: Coeur Mining, Inc.
Company sector: Precious Metals Producer
Company location: Chicago, IL
Pages: 44","Company name: Coeur Mining, Inc.
Company sector: Precious Metals Producer
Company location: Chicago, IL
Pages: 44","Company name: Coeur Mining, Inc.
Company sector: Precious Metals Producer
Company location: Chicago, IL
Pages: 44","Company name: Coeur Mining, Inc.
Company sector: Precious Metals Producer
Company location: Chicago, IL
Pages: 44"
,tcfd_1,tcfd_2,tcfd_3,tcfd_4,tcfd_5,tcfd_6,tcfd_7,tcfd_8,tcfd_9,tcfd_10,tcfd_11
ANSWER,"The board receives regular updates on all matters related to the environment, including climate change, and exercises active oversight of the company's environmental strategy, key initiatives, risks, and mitigation. The EHSCR Committee of the Board primarily oversees ESG activities and receives an update on progress of ESG initiatives at every meeting. Coeur's Climate Working Group established in 2021 leads the climate strategy, including scenario analysis and the identification of risks and opportunities, and helps carry the analysis through to organizational planning and strategy. However, the report lacks concrete information on the board's direct actions and responsibilities pertaining to climate issues.","Coeur Mining's Climate Working Group leads the climate strategy, including scenario analysis and risk identification. Management reports key findings on a regular basis directly to the Board on all matters related to the environment, including climate change. Coeur's ERM framework includes climate change within its scope of factors analyzed and allows management to identify and manage the most significant risks to the Company. Coeur tracks several climate-related metrics to inform our assessment of climate risks and opportunities. Coeur has established a 35% reduction in net intensity of GHG emissions by end of 2024 compared to base-year as a target.","Coeur Mining has identified climate-related risks and opportunities in the short, medium, and long term. Immediate risks include growing water scarcity, more frequent extreme weather events, increasing energy prices, and potential climate-related regulation. The company tracks several climate-related metrics, including energy and water usage, Scopes 1 and 2 emissions, and assesses opportunities by potential impacts on revenue growth and cost savings. The report includes a scenario analysis and a GHG emissions reduction target. However, the report lacks concrete data on the company's progress towards achieving its targets.""","Coeur Mining, Inc. has identified climate-related risks and opportunities over the short, medium, and long-term. The company has established goals and targets to manage climate-related risks and opportunities, including a 35% reduction in net intensity of GHG emissions by the end of 2024. Coeur's ERM framework includes climate change within its scope of factors analyzed and allows management to identify and manage the most significant risks to the Company. The company's climate strategy centers on four main pillars: knowing and understanding risks and opportunities, managing and mitigating impact, producing raw materials essential for clean energy production and infrastructure, and measuring and reporting metrics and targets with increasing transparency and accountability. However, the report lacks concrete data on the impact of climate-related risks and opportunities on the company's financial performance and planning.","Coeur Mining, Inc. conducted a scenario analysis in 2021 using the reference scenarios compiled by the Network for the Greening of the Financial System  to understand the potential climate-related risks and opportunities. The report mentions that the company's climate strategy centers on four main pillars, including managing and mitigating impact, producing raw materials essential for clean energy production, and measuring and reporting metrics and targets with increasing transparency and accountability. However, the report lacks concrete data on the resilience of the organization's strategy in different climate-related scenarios.","Coeur Mining, Inc. identifies and assesses climate-related risks through scenario analysis, tracking climate-related metrics, and evaluating physical and transitional risks. The report mentions that the company's Enterprise Risk Management framework includes climate change within its scope of factors analyzed and allows management to identify and manage the most significant risks to the Company. However, the report lacks specific details on the processes used to identify and assess climate-related risks.""","Coeur Mining, Inc. has established a Climate Working Group to lead its climate strategy, including scenario analysis and identification of risks and opportunities. The company's ERM framework includes climate change within its scope of factors analyzed and allows management to identify and manage the most significant risks to the Company. Coeur tracks several climate-related metrics to inform its assessment of climate risks and opportunities. The company has set a target of 35% reduction in net intensity of GHG emissions by end of 2024 compared to base-year and has tied 20% of its annual executive long-term performance share award to achieving this goal.","Coeur Mining, Inc. integrates climate-related risks into its Enterprise Risk Management  framework, which evaluates risks at both corporate and site levels. The company tracks several climate-related metrics, including energy and water usage, and has set a GHG net intensity reduction target. Coeur has established a Climate Working Group to lead its climate strategy, including scenario analysis and identification of risks and opportunities. However, the report lacks concrete information on how the processes for identifying, assessing, and managing climate-related risks are integrated into the organization's overall risk management.""","Coeur Mining tracks several climate-related metrics including energy and water usage, Scopes 1 and 2 emissions to assess climate-related risks and opportunities. These metrics help ensure that the performance is in line with its strategy and risk management process by informing the assessment of climate risks and opportunities and potential impacts on traditional business and financial drivers.","Yes, Coeur Mining, Inc. discloses its Scope 1 and Scope 2 GHG emissions, but there is no information on Scope 3 emissions. The related risks include potential tariffs on Scope 1 emissions, rising costs of water, and regulatory compliance risks. However, the report lacks specific figures on emissions and the risks are not specific to GHG emissions.""","Coeur Mining, Inc. has set a target of 35% reduction in net intensity of GHG emissions by end of 2024 compared to base-year. The report states that in 2022, 20% of the annual executive long term performance share award is tied to achieving this goal. No information is provided on how the organization is performing against this target."
SOURCES,"[23, 24, 33, 75, 294, 295, 296, 297, 298, 299, 300, 302]","[295, 299, 296, 297, 298, 80, 91, 108, 301, 79, 95, 70, 78, 37]","[1, 2, 23, 24, 25, 26, 73, 76, 81, 84, 89, 91, 95, 296, 297, 298, 299, 300, 301, 302]","[22, 23, 24, 25, 26, 27, 28, 29, 33, 73, 74, 75, 76, 79, 80, 81, 84, 86, 89, 90, 91, 95, 104, 108, 295, 296, 297, 298, 299, 300, 301, 302]","[23, 24, 25, 26, 81]","[24, 25, 26, 299, 297, 80, 298, 91, 300, 296, 81, 23, 73, 76, 301, 104, 79, 95, 89, 78, 66, 76, 71, 70]","[295, 297, 299, 300, 301]","[23, 24, 25, 26, 71, 73, 76, 80, 89, 90, 91, 95, 104, 105, 296, 297, 298, 299, 300, 301, 302]","[299, 300]","[1, 2, 3, 1, 22, 26, 27, 28, 29, 33, 73, 74, 75, 76, 78, 97, 104, 117, 118, 299, 300, 301, 304, 305, 1, 307, 297, 296, 360, 364]","[299, 22]"
PAGE,"[35, 12, 5, 6]","[35, 6, 11, 12, 13]","[1, 2, 35, 5, 11, 12, 13]","[35, 4, 5, 6, 11, 12, 13]","[12, 5]","[35, 5, 11, 12, 13]",[35],"[35, 5, 11, 12, 13]",[35],"[1, 2, 35, 4, 5, 6, 36, 42, 11, 12, 13, 15]","[35, 4]"
ANALYSIS,"The report provides some information on the board's oversight of climate-related risks and opportunities. It mentions that the management reports key findings on all matters related to the environment, including climate change, to the board. The report also describes the role of the Climate Working Group in leading the climate strategy and scenario analysis. However, the report lacks specific details on the processes and frequency by which the board and/or board committees are informed about climate-related issues. It also does not provide enough information on whether the board and/or board committees consider climate-related issues when reviewing and guiding strategy, risk management policies, and business plans. The report does mention that the board oversees ESG-related strategies, issues, and risks, but it does not provide enough information on how the board monitors and oversees progress against goals and targets for addressing climate-related issues.","The disclosure provides some information on management's role in assessing and managing climate-related risks and opportunities. It mentions the establishment of a Climate Working Group responsible for leading the climate strategy, scenario analysis, and identification of risks and opportunities. The report also describes the organization's processes for identifying, assessing, and managing climate-related risks, including the integration of climate change within the scope of factors analyzed in the Enterprise Risk Management framework. However, the disclosure lacks specific details on the organizational structure, processes by which management is informed about climate-related issues, and how management monitors climate-related issues. The report also does not disclose the metrics used by the organization to assess climate-related risks and opportunities. Overall, the disclosure partially meets the requirements, but there is room for improvement.","The report provides some information on climate-related risks and opportunities over the short, medium, and long term. The report identifies specific climate-related issues that could have a material financial impact on the organization. However, the report does not provide a clear description of the relevant short-, medium-, and long-term time horizons. The report does not provide a clear description of the process used to determine which risks and opportunities could have a material financial impact on the organization. The report does not provide a description of risks and opportunities by sector and/or geography. Overall, the report provides some information on climate-related risks and opportunities, but it lacks specificity and detail in meeting the TCFD guidelines.","The sustainability report provides some information on how climate-related risks and opportunities impact the organization's businesses strategy, economic and financial performance, and financial planning. The report discusses the organization's processes for identifying and assessing climate-related risks, and the metrics used to assess climate-related risks and opportunities. The report also describes the impact of climate-related risks and opportunities on the organization's financial performance and position. However, the report lacks specific details on how identified climate-related issues have affected the organization's businesses, strategy, and financial planning. The report does not provide a holistic picture of the interdependencies among the factors that affect the organization's ability to create value over time. The report also does not describe how climate-related issues serve as an input to the organization's financial planning process, the time period used, and how these risks and opportunities are prioritized.","The sustainability report provides some information on the organization's resilience to climate-related risks and opportunities, including a 2°C or lower scenario. The report describes the organization's processes for identifying and assessing climate-related risks and opportunities, and how these processes are integrated into the organization's overall risk management. The report also discloses some metrics used by the organization to assess climate-related risks and opportunities. However, the report lacks specific details on how the organization's strategies might change to address potential risks and opportunities, and the potential impact of climate-related issues on financial performance and financial position. Additionally, the report does not provide information on the climate-related scenarios and associated time horizon considered. Overall, the report partially meets the TCFD guidelines, and the <SCORE> is 60.","The sustainability report provides some information on the organization's processes for identifying and assessing climate-related risks. The report describes the organization's risk management processes for identifying and assessing climate-related risks and how they are integrated into the overall risk management. The report also discloses some processes for assessing the potential size and scope of identified climate-related risks. However, the report lacks specific details on how the organization determines the relative significance of climate-related risks in relation to other risks and whether they consider existing and emerging regulatory requirements related to climate change. The report also does not provide definitions of risk terminology used or references to existing risk classification frameworks used. Overall, the report partially meets the TCFD guidelines for high-quality disclosure pertaining to the TCFD recommendation point.","The sustainability report provides a comprehensive description of the organization's processes for managing climate-related risks. The report describes how the organization makes decisions to mitigate, transfer, accept, or control those risks and how materiality determinations are made within the organization. The report also describes how processes for identifying, assessing, and managing climate-related risks are integrated into the organization's overall risk management. The report discloses the metrics used by the organization to assess climate-related risks and opportunities in line with its strategy and risk management process. The report describes the resilience of the organization's strategy, taking into consideration different climate-related scenarios, including a 2°C or lower scenario. The report also describes the climate-related risks and opportunities the organization has identified over the short-, medium-, and long-term. However, the report lacks specific details on how the organization prioritizes climate-related risks.","The sustainability report provides some information on the processes for identifying, assessing, and managing climate-related risks and how they are integrated into the organization's overall risk management. The report describes the organization's processes for identifying and assessing climate-related risks, and how they are evaluated at the corporate and site levels. The report also discloses the metrics used to assess climate-related risks and opportunities, and the targets used to manage them. However, the report lacks specific details on how the organization manages climate-related risks and opportunities, and how it integrates them into its overall risk management. The report also lacks information on the impact of climate-related risks and opportunities on the organization's strategy. Overall, the report partially meets the TCFD guidelines, and the score is 60.","The sustainability report provides some information on the metrics used to assess climate-related risks and opportunities. The report mentions key metrics such as energy and water usage, Scopes 1 and 2 emissions, and revenue growth. However, the report lacks details on the methodologies used to calculate or estimate these metrics. The report also does not provide metrics for historical periods to allow for trend analysis. While the report mentions the need to consider including metrics on climate-related risks associated with water, energy, land use, and waste management, it does not provide such metrics. The report does not mention whether and how related performance metrics are incorporated into remuneration policies. Overall, the report partially meets the TCFD guidelines.","The report partially meets the requirements for disclosing Scope 1, Scope 2, and Scope 3 GHG emissions and related risks. The report provides some data on GHG emissions and related risks, but it lacks detail on the methodologies used to calculate or estimate the metrics. The report does not provide GHG emissions for historical periods, which is necessary for trend analysis. The report does not provide generally accepted industry-specific GHG efficiency ratios. The report does not disclose Scope 3 GHG emissions independent of a materiality assessment, which is a requirement. However, the report does state that all organizations should consider disclosing Scope 3 GHG emissions.","The report provides some information on the targets used by the organization to manage climate-related risks and opportunities and performance against targets. The report discloses the GHG emissions target, which is intensity-based, and includes the base year and the time frame. The report also mentions the key performance indicators used to assess progress against targets. However, the report lacks information on other targets related to water usage, energy usage, and other goals. The report does not provide a description of the methodologies used to calculate targets and measures. The report does not disclose associated interim targets in aggregate or by business line, where available. Overall, the report partially meets the requirements for high-quality disclosure pertaining to the critical element."
SCORE,60,70,60,60,60,60,90,60,60,60,60
