,"Company name: DXC Technology
Company sector: IT services
Company location: Headquarters: Ashburn, VA, USA. Countries of operation: Argentina, Australia, Austria, Belgium, Brazil, Brunei, Bulgaria, Canada, Chile, China, Colombia, Costa Rica, Croatia, Czechia, Denmark, Egypt, Fiji, Finland, France, Germany, Hong Kong, Hungary, India, Indonesia, Ireland, Israel, Italy, Japan, Jordan, Republic of Korea, Lithuania, Luxembourg, Malaysia, Mexico, Morocco, Netherlands
Pages: 60","Company name: DXC Technology
Company sector: IT services
Company location: Headquarters: Ashburn, VA, USA. Countries of operation: Argentina, Australia, Austria, Belgium, Brazil, Brunei, Bulgaria, Canada, Chile, China, Colombia, Costa Rica, Croatia, Czechia, Denmark, Egypt, Fiji, Finland, France, Germany, Hong Kong, Hungary, India, Indonesia, Ireland, Israel, Italy, Japan, Jordan, Republic of Korea, Lithuania, Luxembourg, Malaysia, Mexico, Morocco, Netherlands
Pages: 60","Company name: DXC Technology
Company sector: IT services
Company location: Headquarters: Ashburn, VA, USA. Countries of operation: Argentina, Australia, Austria, Belgium, Brazil, Brunei, Bulgaria, Canada, Chile, China, Colombia, Costa Rica, Croatia, Czechia, Denmark, Egypt, Fiji, Finland, France, Germany, Hong Kong, Hungary, India, Indonesia, Ireland, Israel, Italy, Japan, Jordan, Republic of Korea, Lithuania, Luxembourg, Malaysia, Mexico, Morocco, Netherlands
Pages: 60","Company name: DXC Technology
Company sector: IT services
Company location: Headquarters: Ashburn, VA, USA. Countries of operation: Argentina, Australia, Austria, Belgium, Brazil, Brunei, Bulgaria, Canada, Chile, China, Colombia, Costa Rica, Croatia, Czechia, Denmark, Egypt, Fiji, Finland, France, Germany, Hong Kong, Hungary, India, Indonesia, Ireland, Israel, Italy, Japan, Jordan, Republic of Korea, Lithuania, Luxembourg, Malaysia, Mexico, Morocco, Netherlands
Pages: 60","Company name: DXC Technology
Company sector: IT services
Company location: Headquarters: Ashburn, VA, USA. Countries of operation: Argentina, Australia, Austria, Belgium, Brazil, Brunei, Bulgaria, Canada, Chile, China, Colombia, Costa Rica, Croatia, Czechia, Denmark, Egypt, Fiji, Finland, France, Germany, Hong Kong, Hungary, India, Indonesia, Ireland, Israel, Italy, Japan, Jordan, Republic of Korea, Lithuania, Luxembourg, Malaysia, Mexico, Morocco, Netherlands
Pages: 60","Company name: DXC Technology
Company sector: IT services
Company location: Headquarters: Ashburn, VA, USA. Countries of operation: Argentina, Australia, Austria, Belgium, Brazil, Brunei, Bulgaria, Canada, Chile, China, Colombia, Costa Rica, Croatia, Czechia, Denmark, Egypt, Fiji, Finland, France, Germany, Hong Kong, Hungary, India, Indonesia, Ireland, Israel, Italy, Japan, Jordan, Republic of Korea, Lithuania, Luxembourg, Malaysia, Mexico, Morocco, Netherlands
Pages: 60","Company name: DXC Technology
Company sector: IT services
Company location: Headquarters: Ashburn, VA, USA. Countries of operation: Argentina, Australia, Austria, Belgium, Brazil, Brunei, Bulgaria, Canada, Chile, China, Colombia, Costa Rica, Croatia, Czechia, Denmark, Egypt, Fiji, Finland, France, Germany, Hong Kong, Hungary, India, Indonesia, Ireland, Israel, Italy, Japan, Jordan, Republic of Korea, Lithuania, Luxembourg, Malaysia, Mexico, Morocco, Netherlands
Pages: 60","Company name: DXC Technology
Company sector: IT services
Company location: Headquarters: Ashburn, VA, USA. Countries of operation: Argentina, Australia, Austria, Belgium, Brazil, Brunei, Bulgaria, Canada, Chile, China, Colombia, Costa Rica, Croatia, Czechia, Denmark, Egypt, Fiji, Finland, France, Germany, Hong Kong, Hungary, India, Indonesia, Ireland, Israel, Italy, Japan, Jordan, Republic of Korea, Lithuania, Luxembourg, Malaysia, Mexico, Morocco, Netherlands
Pages: 60","Company name: DXC Technology
Company sector: IT services
Company location: Headquarters: Ashburn, VA, USA. Countries of operation: Argentina, Australia, Austria, Belgium, Brazil, Brunei, Bulgaria, Canada, Chile, China, Colombia, Costa Rica, Croatia, Czechia, Denmark, Egypt, Fiji, Finland, France, Germany, Hong Kong, Hungary, India, Indonesia, Ireland, Israel, Italy, Japan, Jordan, Republic of Korea, Lithuania, Luxembourg, Malaysia, Mexico, Morocco, Netherlands
Pages: 60","Company name: DXC Technology
Company sector: IT services
Company location: Headquarters: Ashburn, VA, USA. Countries of operation: Argentina, Australia, Austria, Belgium, Brazil, Brunei, Bulgaria, Canada, Chile, China, Colombia, Costa Rica, Croatia, Czechia, Denmark, Egypt, Fiji, Finland, France, Germany, Hong Kong, Hungary, India, Indonesia, Ireland, Israel, Italy, Japan, Jordan, Republic of Korea, Lithuania, Luxembourg, Malaysia, Mexico, Morocco, Netherlands
Pages: 60","Company name: DXC Technology
Company sector: IT services
Company location: Headquarters: Ashburn, VA, USA. Countries of operation: Argentina, Australia, Austria, Belgium, Brazil, Brunei, Bulgaria, Canada, Chile, China, Colombia, Costa Rica, Croatia, Czechia, Denmark, Egypt, Fiji, Finland, France, Germany, Hong Kong, Hungary, India, Indonesia, Ireland, Israel, Italy, Japan, Jordan, Republic of Korea, Lithuania, Luxembourg, Malaysia, Mexico, Morocco, Netherlands
Pages: 60"
,tcfd_1,tcfd_2,tcfd_3,tcfd_4,tcfd_5,tcfd_6,tcfd_7,tcfd_8,tcfd_9,tcfd_10,tcfd_11
ANSWER,"DXC Technology recognizes current climate risks and updates climate risk assessments every 6 months. The Board of Directors oversees the ESG program, including climate-related objectives, and receives quarterly updates on sustainability. The COO is responsible for executing the ESG program, including climate-related initiatives. The highest governance body reviews the effectiveness of the organization's processes for managing impacts on the economy, environment, and people.","DXC Technology's management identifies, assesses, and manages climate-related risks and opportunities within acceptable levels to achieve the organization's strategy and objectives. Climate risks are identified, rated, and reviewed alongside other risks identified during the enterprise risk assessment process. Risks are evaluated based on their likelihood of occurrence and potential impact. The highest governance body oversees the management of the organization's impacts on the economy, environment, and people, and senior regional executives drive global environmental priorities in their areas.","DXC Technology has identified climate-related risks and opportunities in the short, medium, and long term. Short-term risks include regulatory compliance, increasing energy costs, and weather disruptions. Medium-term risks include the introduction of carbon tax and achieving climate goals. Long-term risks include lack of competitive sustainable offerings and achieving a carbon-neutral business model. Opportunities include virtual-first business model, data center optimization, expansion of sustainable offerings, and development of innovative technologies. Risks are associated with a horizon. However, the report lacks concrete data to support the identified risks and opportunities.","DXC Technology identifies and rates climate-related risks and opportunities in short-term  and medium-term  time horizons. The company recognizes the need to measure, interpret, and analyze climate risks and opportunities to inform its efforts to combat environmental degradation, both internally and for its customers. DXC offers sustainable products and services to help customers achieve their climate-related goals. The company aims to achieve a carbon-neutral business model in the long term .","DXC Technology recognizes climate-related risks and opportunities in both short-term and long-term time horizons. Climate risk assessments are updated every 6 months. The company is committed to reducing its carbon footprint and offers products and services to help customers achieve their own climate-related goals. However, the report lacks specific information on how resilient the organization's strategy is when considering different climate-related scenarios or physical risks.","DXC Technology identifies and assesses climate-related risks through a risk assessment process that includes short-term, medium-term, and long-term time horizons. Climate risk assessments are updated every 6 months, and risks are evaluated based on their likelihood of occurrence and potential impact. The company recognizes the need to measure, interpret, and analyze climate risks and opportunities to inform its efforts to combat environmental degradation, both internally and for its customers.","DXC Technology identifies, assesses, and manages climate-related risks within acceptable levels to achieve its objectives. Climate risks are updated every 6 months and evaluated based on their likelihood of occurrence and potential impact. DXC offers products and services to help customers achieve their climate-related goals. The company reports annually on its global footprint and practices. Noncompliance is a short-term risk, but managing it through the ESG program reduces residual risk to the business.","DXC Technology integrates climate-related risks into its overall risk management through its ERM program, which identifies, rates, and reviews climate risks alongside other risks. Climate risk assessments are updated every 6 months, and risks are evaluated based on likelihood and potential impact. Risks that meet the enterprise-level impact threshold are reported to the Board of Directors, and mitigation plans are developed and monitored for each enterprise-level risk.","DXC Technology identifies and rates climate-related risks and opportunities in short-term  and medium-term  time horizons. Climate risk assessments are updated every 6 months. The company reports annually on its global footprint and practices. DXC is committed to reducing its energy consumption and carbon footprint through its ESG program, but the report lacks specific metrics on how the company ensures its performance is in line with its strategy and risk management process.","DXC Technology discloses its Scope 1, Scope 2, and Scope 3 GHG emissions. The related risks are not specified in the report. The emissions are based on meter readings, supplier invoices, and supply logs wherever possible. External verification has been provided by Carbon Intelligence Energy Services Ltd for FY21 GHG emissions, and limited assurance of GHG emissions was provided by Lloyd’s Register for FY19 and FY20 emissions.","DXC Technology identifies and assesses climate-related risks and opportunities in short-term , medium-term , and long-term  time horizons. The risks and opportunities are summarized in the sustainability report. However, there is no information on specific targets or the organization's performance against them."
SOURCES,"[163, 160, 91, 166, 79, 78, 162, 65, 80, 154, 67, 68, 71, 77, 63, 56, 152, 70, 226]","[162, 163, 165, 200, 215, 249, 63, 64, 65, 77]","[162, 166, 163, 160, 165, 200, 226, 167, 154, 164, 152, 204, 2, 249, 282]","[162, 163, 154, 27, 167]","[162, 163, 166, 200]","[162, 163, 160]","[162, 163, 166, 154, 226, 165, 200]","[162, 163, 165]","[162, 166, 160, 163, 16, 165, 200, 152, 27, 282, 154, 2, 17, 204, 98, 64, 77, 80, 328]","[27, 26, 230, 258, 262, 246, 251, 254, 6, 253, 257, 249, 204, 202]","[162, 166, 165]"
PAGE,"[32, 9, 10, 11, 12, 13, 22, 24]","[36, 10, 12, 24, 29, 31]","[32, 1, 36, 40, 22, 24, 25, 29]","[24, 25, 4, 22]","[24, 29]",[24],"[24, 32, 29, 22]",[24],"[1, 2, 4, 40, 10, 12, 14, 46, 22, 24, 29]","[33, 1, 35, 4, 37, 36, 29]",[24]
ANALYSIS,"The sustainability report provides some information on the board's oversight of climate-related risks and opportunities. It mentions that the board receives quarterly updates on sustainability, and the COO regularly updates the committee on ESG status. The report also describes the risk management process, which includes monitoring and reporting on the carbon footprint. However, the report lacks specific details on how the board considers climate-related issues when reviewing and guiding strategy, risk management policies, and business plans. It also does not provide information on how the board monitors and oversees progress against goals and targets for addressing climate-related issues. Overall, the disclosure is insufficient in meeting the TCFD guidelines.","The sustainability report provides some information on management's role in assessing and managing climate-related risks and opportunities. It mentions that climate-related risks are identified, rated, and reviewed alongside other risks identified during the enterprise risk assessment process. The report also describes the organizational structure and processes by which management is informed about climate-related issues. However, it does not provide information on whether the organization has assigned climate-related responsibilities to management-level positions or committees, and if so, whether such management positions or committees report to the board or a committee of the board. The report also lacks details on how management monitors climate-related issues. Overall, the disclosure is partially satisfactory, but it could be more comprehensive.","The sustainability report provides a comprehensive description of the climate-related risks and opportunities that the organization has identified over the short, medium, and long term. The report includes a clear definition of risk time horizons and a detailed description of specific climate-related issues that could have a material financial impact on the organization. The report also describes the process used to determine which risks and opportunities could have a material financial impact on the organization. However, the report could have provided more information on how risks and opportunities are evaluated based on their likelihood of occurrence and potential impact. Overall, the report meets most of the requirements for high-quality disclosure pertaining to the critical element.","The sustainability report provides some information on climate-related risks and opportunities and how they impact the organization's businesses, strategy, and financial planning. The report identifies climate-related risks and opportunities in the short, medium, and long term, and how they are managed. However, the report lacks specific details on how climate-related issues serve as an input to the financial planning process, how these risks and opportunities are prioritized, and how they affect the organization's financial performance and position. The report also does not describe the organization's plans for transitioning to a low-carbon economy. Overall, the report provides some information on the TCFD recommendation point, but it lacks specific details and does not fully meet the TCFD guidelines.","The sustainability report provides some information on climate-related risks and opportunities, but it falls short of meeting the TCFD guidelines for the TCFD recommendation point. The report does not describe how resilient the organization's strategy is to different climate-related scenarios, including a 2°C target or lower scenario. The report does not provide any information on the potential impact of climate-related issues on financial performance and financial position. The report does not discuss the climate-related scenarios and associated time horizon considered. While the report identifies climate-related risks and opportunities, it does not describe how the organization's strategies might change to address such potential risks and opportunities. Overall, the report lacks specificity and detail, resulting in a low score.","The sustainability report provides a comprehensive description of the organization's processes for identifying and assessing climate-related risks. The report describes the risk management processes for identifying and assessing climate-related risks, including how organizations determine the relative significance of climate-related risks in relation to other risks. The report also discloses that the organization considers existing and emerging regulatory requirements related to climate change as well as other relevant factors considered. However, the report lacks specific details on the processes for assessing the potential size and scope of identified climate-related risks and definitions of risk terminology used or references to existing risk classification frameworks used. Overall, the report provides a good level of disclosure on the processes used to identify and assess climate-related risks.","The sustainability report provides a comprehensive overview of the organization's processes for managing climate-related risks. The report describes how climate-related risks are identified, rated, and reviewed alongside other risks identified during the enterprise risk assessment process. The report also describes the time horizons for risk assessment and how risks are evaluated based on their likelihood of occurrence and potential impact. However, the report does not provide specific details on how materiality determinations are made within the organization. Overall, the report meets most of the requirements for high-quality disclosure pertaining to the critical element of managing climate-related risks, but there is room for improvement in providing more specific details on materiality determinations.","The sustainability report provides a comprehensive description of how climate-related risks are integrated into the organization's overall risk management. The report describes the processes for identifying, assessing, and managing climate-related risks, including the time horizons used for risk assessment, the frequency of risk updates, and the evaluation of risks based on their likelihood of occurrence and potential impact. The report also identifies the risks and opportunities caused by climate change and how they are managed. However, the report lacks specific details on how the organization's risk management process aligns with its overall strategy and objectives. Overall, the report provides a good level of disclosure quality on the TCFD recommendation point.","The sustainability report provides some information on the metrics used to assess climate-related risks and opportunities. The report identifies climate-related risks and opportunities and provides a time horizon for risk assessment. The report also mentions the importance of measuring, interpreting, and analyzing climate risks and opportunities. However, the report does not provide specific metrics used to measure and manage climate-related risks and opportunities. The report does not provide metrics on climate-related risks associated with water, energy, land use, and waste management. The report does not provide information on whether and how related performance metrics are incorporated into remuneration policies. The report does not provide internal carbon prices or climate-related opportunity metrics. The report does not provide forward-looking metrics for the cross-industry. The report does not provide a description of the methodologies used to calculate or estimate climate-related metrics.","DXC Technology's sustainability report provides a comprehensive disclosure of its Scope 1 and Scope 2 GHG emissions, as well as its Scope 3 business travel emissions. The report also includes a description of the methodology used to calculate or estimate the metrics. However, the report does not provide a comprehensive disclosure of its Scope 3 GHG emissions and the related risks. While the report mentions that it seeks external assurance for its emissions to ensure accuracy and continuous improvement against its targets, it does not provide any industry-specific GHG efficiency ratios. Overall, the report partially meets the TCFD guidelines for high-quality disclosure pertaining to the TCFD recommendation point.","The sustainability report provides some information on the targets used by the organization to manage climate-related risks and opportunities and performance against targets. The report identifies some climate-related risks and opportunities, but it does not provide specific targets for GHG emissions, water usage, energy usage, or other relevant metrics. The report does not describe whether the targets are absolute or intensity-based, the time frames over which the targets apply, the base year from which progress is measured, or the key performance indicators used to assess progress against targets. The report does not disclose associated interim targets in aggregate or by business line, where available. Overall, the report lacks specific details on the targets used to manage climate-related risks and opportunities and performance against targets."
SCORE,40,60,85,60,30,85,85,85,30,75,40
