,"Company name: Ford Motor Company
Company sector: Automotive
Company location: ['North America', 'Europe', 'Middle East & Africa', 'Asia Pacific']
Pages: 110","Company name: Ford Motor Company
Company sector: Automotive
Company location: ['North America', 'Europe', 'Middle East & Africa', 'Asia Pacific']
Pages: 110","Company name: Ford Motor Company
Company sector: Automotive
Company location: ['North America', 'Europe', 'Middle East & Africa', 'Asia Pacific']
Pages: 110","Company name: Ford Motor Company
Company sector: Automotive
Company location: ['North America', 'Europe', 'Middle East & Africa', 'Asia Pacific']
Pages: 110","Company name: Ford Motor Company
Company sector: Automotive
Company location: ['North America', 'Europe', 'Middle East & Africa', 'Asia Pacific']
Pages: 110","Company name: Ford Motor Company
Company sector: Automotive
Company location: ['North America', 'Europe', 'Middle East & Africa', 'Asia Pacific']
Pages: 110","Company name: Ford Motor Company
Company sector: Automotive
Company location: ['North America', 'Europe', 'Middle East & Africa', 'Asia Pacific']
Pages: 110","Company name: Ford Motor Company
Company sector: Automotive
Company location: ['North America', 'Europe', 'Middle East & Africa', 'Asia Pacific']
Pages: 110","Company name: Ford Motor Company
Company sector: Automotive
Company location: ['North America', 'Europe', 'Middle East & Africa', 'Asia Pacific']
Pages: 110","Company name: Ford Motor Company
Company sector: Automotive
Company location: ['North America', 'Europe', 'Middle East & Africa', 'Asia Pacific']
Pages: 110","Company name: Ford Motor Company
Company sector: Automotive
Company location: ['North America', 'Europe', 'Middle East & Africa', 'Asia Pacific']
Pages: 110"
,tcfd_1,tcfd_2,tcfd_3,tcfd_4,tcfd_5,tcfd_6,tcfd_7,tcfd_8,tcfd_9,tcfd_10,tcfd_11
ANSWER,"The Sustainability and Innovation Committee at board level has primary responsibility for reviewing strategic sustainability issues, including climate-related risks and opportunities. However, some are also addressed in other committees and by the board as a whole. The Committee evaluates and advises on innovations that improve environmental and social sustainability, enrich customers’ experiences, and increase shareholder value, as well as the strategies to commercialize these technologies.","Ford recognizes the importance of assessing and managing climate-related risks and opportunities. They shape their business strategy with climate change in mind and provide information to investors through their annual reporting and voluntary disclosure. They also assess climate-related risks to their facilities at least annually and work with industry partners, energy companies, consumer groups, and policymakers to advance solutions and establish an effective and predictable market, policy, and technological framework for reducing GHG emissions.","Ford has identified climate-related risks and opportunities in its operations, supply chain, and products. The company recognizes the need for a holistic approach to address these challenges. However, the report lacks specificity on the most relevant risks and opportunities over the short, medium, and long term, and whether risks are associated with a horizon.","Ford recognizes climate-related risks and opportunities and has developed a comprehensive climate change strategy to respond effectively. The company assesses climate-related risks to its facilities annually and works with industry partners, energy companies, consumer groups, and policymakers to advance solutions. Ford's sustainability strategy directs its efforts and resources to help address climate change and other global challenges. However, the report lacks concrete data to support the company's claims.","Ford's sustainability report outlines a comprehensive climate change strategy that aims to reduce GHG emissions and address water impacts. However, the report lacks specific details on the resilience of the strategy to different climate-related scenarios and physical risks. The report also contains cheap talks and vague statements that require further clarification and quantifiable data to verify their authenticity.","Ford Motor Company identifies and assesses climate-related risks by assessing climate-related risks to its facilities at least annually, prioritizing efforts with suppliers located in countries that pose the highest risk for substandard working conditions, and using CDP to benchmark companies’ performance in greenhouse gas emissions reduction and water stewardship.","Ford Motor Company has a comprehensive climate change strategy that assesses physical risks to facilities, works with industry partners, and establishes an effective and predictable market, policy, and technological framework for reducing GHG emissions. The company also manages supply chain risks related to climate change and has implemented preventive measures to create a safer workplace for everyone. Ford aims to reduce GHG emissions from its operational processes and deliver high-quality products that meet consumer demand while also helping to stabilize atmospheric carbon dioxide  at 450 parts per million.","Ford's sustainability report mentions that they shape their business strategy with climate change in mind and provide information to investors through their annual reporting and voluntary disclosure. They also assess climate-related risks to their facilities at least annually and prioritize their efforts with suppliers located in countries that pose the highest risk for substandard working conditions. However, the report lacks specific information on how the processes for identifying, assessing, and managing climate-related risks are integrated into the organization's overall risk management.","Ford uses a comprehensive approach to assess climate-related risks and opportunities. The company monitors progress against objectives throughout the year, using the Business Plan Review and Special Attention Review processes set. Sustainability targets are integral to companywide achievements and are translated into product manufacturing and financial performance metrics. The company uses life cycle assessment and the “scope-based” GHG Protocol to understand its GHG footprint across its value chain.","Yes, Ford Motor Company discloses its Scope 1, Scope 2, and Scope 3 greenhouse gas  emissions. However, specific figures are not provided. Risks associated with GHG emissions include evolving regulation, fuel price volatility, and consumer behavior.","Ford Motor Company uses CDP to benchmark its performance in greenhouse gas emissions reduction and water stewardship. The company reported having an emissions reduction target and integrating climate change into their business strategy. They also reported having a water-related target or goal. However, the report lacks specific information on the targets and their progress."
SOURCES,[1077],"[46, 730, 37, 40, 49, 47, 41, 452, 147, 30, 83, 140, 27, 1096, 157, 32, 513]","[46, 141, 37, 49, 40, 47, 147, 452, 26, 41, 730, 50, 79, 450, 48, 802, 990]","[46, 49, 37, 50, 47, 1096, 41, 1081, 452, 157, 30, 141, 147, 40, 27, 730, 48, 1100, 57, 12]","[30, 40, 46, 47, 48, 49, 50, 860, 1081, 141, 147, 157, 452, 513]","[46, 47, 49, 802]","[46, 37, 49, 47, 141, 730, 50, 990, 27, 48, 802, 40, 147, 513, 30, 157, 140, 860, 1081, 41]","[46, 47, 49, 50, 802, 1097]","[46, 1096, 49, 1100, 70]","[875, 876, 70, 874, 733, 69, 64, 46, 30, 856, 37, 530, 65, 85, 147, 141, 152, 871, 40, 129]","[46, 860]"
PAGE,[106],"[3, 4, 5, 70, 8, 41, 107, 14, 47, 16, 17]","[96, 3, 4, 5, 70, 7, 41, 14, 78, 16]","[2, 3, 4, 5, 70, 41, 106, 107, 108, 14, 16, 17]","[3, 4, 5, 41, 106, 14, 47, 16, 17, 83]","[4, 5, 78]","[96, 3, 4, 5, 70, 106, 14, 78, 16, 47, 17, 83]","[107, 4, 5, 78]","[4, 5, 6, 107, 108]","[3, 4, 70, 6, 8, 13, 14, 16, 49, 83, 84, 85]","[83, 4]"
ANALYSIS,"The disclosure provides some information on the board's oversight of climate-related risks and opportunities. The report mentions that the Sustainability and Innovation Committee has primary responsibility for reviewing strategic sustainability issues, and that some climate-related issues are addressed in other committees and by the board as a whole. However, the report does not provide details on the processes and frequency by which the board and/or board committees are informed about climate-related issues, nor does it discuss whether the board and/or board committees consider climate-related issues when reviewing and guiding strategy, major plans of action, risk management policies, annual budgets, and business plans. The report also does not provide information on how the board monitors and oversees progress against goals and targets for addressing climate-related issues.","The given disclosure does not provide sufficient information to assess the role of management in assessing and managing climate-related risks and opportunities. The disclosure does not provide any information on whether the organization has assigned climate-related responsibilities to management-level positions or committees, the associated organizational structure, processes by which management is informed about climate-related issues, and how management monitors climate-related issues. The disclosure only provides general statements about the importance of addressing climate change and the company's climate change strategy. Therefore, the disclosure does not meet any of the requirements outlined for high-quality disclosure pertaining to the critical element of management's role in assessing and managing climate-related risks and opportunities.","The given disclosure provides some information on climate-related risks and opportunities, but it falls short of meeting the requirements for high-quality disclosure. The report does not provide a clear description of the relevant short-, medium-, and long-term time horizons, nor does it describe the specific climate-related issues that could have a material financial impact on the organization. The report does mention the process used to determine which risks and opportunities could have a material financial impact on the organization, but it does not provide a detailed description of this process. The report could benefit from providing a description of risks and opportunities by sector and/or geography. Overall, the disclosure lacks specificity and detail, making it difficult to assess the organization's climate-related risks and opportunities.","The sustainability report provides some information on how climate-related risks and opportunities impact the organization's businesses strategy, economic and financial performance, and financial planning. The report discusses the impact of climate-related risks and opportunities on products and services, supply chain, adaptation and mitigation activities, operations, acquisitions or divestments, and access to capital. However, the report lacks specific details on how these risks and opportunities are prioritized, how they serve as an input to the financial planning process, and how they impact the financial performance and position of the organization. The report also does not describe the organization's plans for transitioning to a low-carbon economy. Overall, the report provides a limited disclosure on the impact of climate-related risks and opportunities on the organization's businesses strategy, economic and financial performance, and financial planning.","The sustainability report provides some information on the organization's resilience to climate-related risks and opportunities, but it lacks specific details on how the organization's strategy would change to address potential risks and opportunities. The report mentions the organization's climate change strategy, which is based on scientific consensus, and its commitment to reducing greenhouse gas emissions. However, it does not provide information on the potential impact of climate-related issues on financial performance and financial position. The report also mentions that the organization assesses climate-related risks to its facilities at least annually, but it does not provide information on the climate-related scenarios and associated time horizon considered. Overall, the report partially meets the requirements for high-quality disclosure pertaining to the critical element.","The sustainability report provides some information on the organization's processes for identifying and assessing climate-related risks. The report mentions that the company assesses climate-related risks to its facilities at least annually and prioritizes efforts with suppliers located in countries that pose the highest risk for substandard working conditions. However, the report lacks specific details on how the organization determines the relative significance of climate-related risks in relation to other risks and whether it considers existing and emerging regulatory requirements related to climate change. The report also does not disclose the processes for assessing the potential size and scope of identified climate-related risks and definitions of risk terminology used or references to existing risk classification frameworks used.","The disclosure provides some information on how the organization manages climate-related risks. The report mentions that the company shapes its business strategy with climate change in mind and provides information to investors through annual reporting and voluntary disclosure. The report also highlights the company's approach to managing physical and supply chain risks related to climate change. However, the report lacks specific details on how the company makes decisions to mitigate, transfer, accept, or control climate-related risks. The report also does not provide information on how materiality determinations are made within the organization. Overall, the disclosure provides some information on the organization's processes for managing climate-related risks, but it lacks specific details on how the company prioritizes and makes decisions to manage these risks.","The disclosure provides some information on how the company integrates climate-related risks into its overall risk management. The company mentions that it assesses climate-related risks to its facilities annually and that it works with industry partners, energy companies, consumer groups, and policymakers to advance solutions. However, the disclosure lacks specific details on the processes for identifying, assessing, and managing climate-related risks. The company does not describe how it integrates its processes for identifying, assessing, and managing climate-related risks into its overall risk management. Therefore, the disclosure is insufficient to meet the TCFD guidelines for high-quality disclosure pertaining to the TCFD recommendation point.","The sustainability report provides some information on the metrics used to assess climate-related risks and opportunities. The report mentions that the company monitors progress against objectives throughout the year and uses the Business Plan Review and Special Attention Review processes to track and report progress against goals. The report also mentions that the company assesses climate-related risks to its facilities at least annually. However, the report lacks specific details on the metrics used to measure and manage climate-related risks and opportunities. The report does not provide historical metrics for trend analysis or forward-looking metrics for the cross-industry. The report also does not describe the methodologies used to calculate or estimate climate-related metrics. Therefore, the report does not fully satisfy the TCFD guidelines.","The disclosure provides some information on Scope 1 and Scope 2 GHG emissions, but it is not clear if the emissions are independent of materiality assessment. The report mentions the challenges of assessing Scope 3 emissions and provides some information on the GHG Protocol methodology. However, it is not clear if the organization discloses its Scope 3 GHG emissions and related risks. The disclosure provides some historical data on GHG emissions, but it is not clear if the organization provides a description of the methodologies used to calculate or estimate the metrics. Overall, the disclosure partially meets some of the requirements, but it lacks specific details and clarity on several aspects.","The sustainability report provides some information on the targets used by the organization to manage climate-related risks and opportunities and performance against targets. The report mentions that the company has emissions reduction targets and water-related targets. However, the report lacks specific details on the targets such as whether they are absolute or intensity-based, time frames over which the target applies, base year from which progress is measured, and key performance indicators used to assess progress against targets. The report also does not provide a description of the methodologies used to calculate targets and measures. Overall, the disclosure is insufficient to meet the TCFD guidelines."
SCORE,50,0,40,60,60,40,60,40,40,60,40
