,"Company name: Alaska Airlines
Company sector: Aviation
Company location: United States
Pages: 44","Company name: Alaska Airlines
Company sector: Aviation
Company location: United States
Pages: 44","Company name: Alaska Airlines
Company sector: Aviation
Company location: United States
Pages: 44","Company name: Alaska Airlines
Company sector: Aviation
Company location: United States
Pages: 44","Company name: Alaska Airlines
Company sector: Aviation
Company location: United States
Pages: 44","Company name: Alaska Airlines
Company sector: Aviation
Company location: United States
Pages: 44","Company name: Alaska Airlines
Company sector: Aviation
Company location: United States
Pages: 44","Company name: Alaska Airlines
Company sector: Aviation
Company location: United States
Pages: 44","Company name: Alaska Airlines
Company sector: Aviation
Company location: United States
Pages: 44","Company name: Alaska Airlines
Company sector: Aviation
Company location: United States
Pages: 44","Company name: Alaska Airlines
Company sector: Aviation
Company location: United States
Pages: 44"
,tcfd_1,tcfd_2,tcfd_3,tcfd_4,tcfd_5,tcfd_6,tcfd_7,tcfd_8,tcfd_9,tcfd_10,tcfd_11
ANSWER,"The Board created a dedicated Climate Working Group to oversee, with management, climate goals and progress. The Governance, Nominating and Corporate Responsibility Committee reviews ESG/sustainability performance quarterly, including performance on enterprise-wide publicly reported sustainability goals and climate-related issues. Members of the Climate Working Group evaluate and advise on specific pathways and levers to achieve AAG’s ambitious climate goals. The Compensation and Leadership Development Committee of the Board oversees the inclusion of ESG performance metrics into incentive programs, which includes factoring a carbon intensity metric into the company’s all-employee performance-based pay program, and a measure of diverse representation in leadership into executive compensation.","The management of Alaska Airlines is responsible for identifying, assessing, and managing climate-related risks and opportunities. The Senior Vice President of Public Affairs and Sustainability leads the formalized governance and oversight of ESG at the management level. The Executive Committee of senior management engages in sustainability issues on an ongoing basis. Climate-related risks are categorized as a strategic risk and presented to the board quarterly. The Board created a dedicated Climate Working Group to oversee management's climate strategy and path to net zero.","Alaska Airlines has identified physical and transition risks associated with climate change, including extreme weather events, and has categorized them as short-term, medium-term, and long-term. The company's climate opportunities include improving operating efficiency, expanding low-emission services, and improving the resiliency of its facilities and operations. Risks are not clearly associated with a horizon. The report lacks concrete data and relies heavily on vague statements.","Alaska Airlines identifies climate-related risks and opportunities in its Enterprise Risk Management process and integrates responsibility for managing such risks into various business units. The company's climate action focuses on achieving net zero by 2040 through operational efficiency, fleet renewal, sustainable aviation fuel, electrified propulsion, and carbon offsets. Climate risks and opportunities are factored into key business decisions, and the company's strategy considers the climate impact of decisions around fleet and fuel efficiency. However, the report lacks concrete data to support the company's claims.","Alaska Airlines has identified climate-related risks and opportunities that can potentially impact its business over short, medium, and long-term. The company has set ambitious targets to achieve net zero by 2040 and reduce GSE climate emissions by 50%. However, the report lacks specific information on how resilient the organization's strategy is when considering different climate-related scenarios, including a 2°C target or lower scenario, and climate physical risks.","Alaska Airlines identifies and assesses climate-related risks through its Enterprise Risk Management process, which is owned by the internal audit program team. The process is informed by engagement with stakeholders within and beyond the aviation industry. Responsibility for managing such risks is integrated into various business units. The risks are categorized as physical or transition risk, per TCFD guidelines.","Alaska Airlines manages climate-related risks through cross-functional teams, ERM process, and environmental compliance program. The SVP of Public Affairs and Sustainability tracks and manages performance to metrics and targets. The company's climate action focuses on achieving net zero by 2040 through operational efficiency, fleet renewal, SAF, electrified propulsion, and carbon offsets. The company also works to improve the resiliency of its facilities and operations to extreme weather events.","Climate-related risks are integrated into Alaska Airlines' Enterprise Risk Management process, which is owned by the internal audit program team. Responsibility for managing such risks is integrated into various business units. The company works with teams across the company and stakeholders to inform its business strategy, mitigation, and strategic plans.","Alaska Airlines uses metrics such as carbon intensity, Scope 1 & 2 GHG emissions, and targets such as achieving net zero by 2040 to assess climate-related risks and opportunities. These metrics help ensure that the performance is in line with its strategy and risk management process by tracking and managing performance to metrics and targets in partnership with partners across the company and ensuring that understanding of climate risk informs their business strategy, mitigation, and strategic plans.","Alaska Airlines discloses its Scope 1 and Scope 2 GHG emissions, but not its Scope 3 emissions. The risks associated with GHG emissions are not specified in the report.","Alaska Airlines has set targets to be the most fuel-efficient domestic airline, achieve carbon neutral growth through 2025, and achieve net zero in their carbon footprint by 2040. The company tracks and reports an extensive list of energy and carbon metrics annually, and has integrated a carbon intensity metric in their all-employee performance-based pay plan. However, the report lacks specific information on how the company is performing against these targets."
SOURCES,"[148, 149, 150, 179, 180, 181, 182, 183, 187, 211, 212, 213, 215]","[146, 149, 150, 180, 183, 187, 188, 189, 203, 209, 210, 211, 212, 213, 214, 215]","[146, 147, 150, 180, 186, 188, 189, 190, 193, 203, 210, 211, 212, 213, 214, 215, 216]","[209, 211, 188, 214, 203, 187, 189, 150, 160, 212, 147, 180, 146, 191]","[186, 188, 189, 193, 203, 209, 211, 212, 213, 214, 215, 216, 217]","[209, 213, 214, 211, 146, 215, 188, 193, 190, 212, 210, 203, 150, 147, 149, 189, 180, 160, 187, 183]","[209, 211, 212, 213, 214, 215, 183, 187, 188, 189, 190, 193, 146, 147, 149, 150, 160]","[209, 214, 213, 211, 146, 215, 210, 193, 212, 188, 189, 183, 150, 180, 149, 147, 151, 187]","[146, 147, 180, 186, 188, 193, 203, 209, 210, 211, 212, 213, 214, 215, 216, 217]","[128, 129, 216]","[209, 213, 214, 216, 212, 188, 180, 203, 146, 147, 149, 150, 190, 160, 186, 215, 5, 193]"
PAGE,"[40, 42, 36]","[40, 42, 36]","[36, 40, 41, 42, 43]","[36, 37, 40, 41, 42]","[40, 41, 42, 43]","[36, 37, 40, 41, 42]","[36, 37, 40, 41, 42]","[40, 41, 42, 36]","[36, 40, 41, 42, 43]","[32, 43]","[2, 36, 37, 40, 41, 42, 43]"
ANALYSIS,"The sustainability report provides some information on the board's oversight of climate-related risks and opportunities. The report mentions that a dedicated Climate Working Group was created to oversee climate goals and progress, and the Governance, Nominating and Corporate Responsibility Committee reviews ESG/sustainability performance quarterly. However, the report lacks specific details on the processes and frequency by which the board and/or board committees are informed about climate-related issues. The report also does not provide enough information on whether the board and/or board committees consider climate-related issues when reviewing and guiding strategy, major plans of action, risk management policies, annual budgets, and business plans. The report does mention how the board monitors and oversees progress against goals and targets for addressing climate-related issues. Overall, the disclosure quality is moderate.","The report provides a comprehensive description of the role of management in assessing and managing climate-related risks and opportunities. It identifies the management-level positions or committees responsible for climate-related issues and their reporting structure. The report also describes the organizational structure and processes by which management is informed about climate-related issues. The report provides details on how management monitors climate-related issues through specific positions and/or management committees. Overall, the report meets all the requirements for high-quality disclosure pertaining to the critical element of management's role in assessing and managing climate-related risks and opportunities.","The sustainability report provides a comprehensive description of climate-related risks and opportunities that can potentially impact the organization over short, medium, and long-term horizons. The report identifies specific climate-related issues that could have a material financial impact on the organization and provides a description of the process used to determine which risks and opportunities could have a material financial impact. The report also considers providing a description of risks and opportunities by sector and/or geography, as appropriate. However, the report lacks specific details on the useful life of the organization's assets or infrastructure and how climate-related issues often manifest themselves over the medium and longer terms. Therefore, the report partially meets the requirements and scores 80 out of 100.","The sustainability report provides some information on how climate-related risks and opportunities impact the organization's business strategy, economic and financial performance, and financial planning. The report discusses the impact of climate-related risks and opportunities on the organization's business strategy, mitigation, and strategic plans. It also identifies climate-related risks and opportunities that can potentially impact the business over short, medium, and long-term periods. The report describes the organization's approach to physical risk and how it works closely with its airport partners to understand and mitigate risks to infrastructure and protect its assets. However, the report lacks specific details on how climate-related issues serve as an input to the financial planning process, the impact of climate-related issues on the organization's financial performance and financial position, and the organization's plans for transitioning to a low-carbon economy.","The sustainability report provides a comprehensive disclosure of the organization's strategy and its resilience to climate-related risks and opportunities. The report discusses the potential impact of climate-related issues on financial performance and position, and identifies climate-related risks and opportunities that can potentially impact the business over short, medium, and long-term. The report also describes the processes for managing climate-related risks and opportunities, and the organizational integration of risk management practices. However, the report lacks specific details on how the organization's strategy might change to address potential risks and opportunities, and the climate-related scenarios and associated time horizon considered. Overall, the report provides a good level of disclosure, but there is room for improvement in terms of specificity.","The report provides a detailed description of the organization's processes for identifying and assessing climate-related risks. The report describes the risk management processes for identifying and assessing climate-related risks and how the organization determines the relative significance of climate-related risks in relation to other risks. The report also considers existing and emerging regulatory requirements related to climate change. However, the report lacks specific details on the processes for assessing the potential size and scope of identified climate-related risks and definitions of risk terminology used or references to existing risk classification frameworks used. Overall, the report provides a comprehensive overview of the organization's processes for identifying and assessing climate-related risks, but lacks some specific details.","The report provides a comprehensive description of the organization's processes for managing climate-related risks. It describes the cross-functional nature of climate-related risks and how responsibility for managing such risks is integrated into various business units. The report also highlights the processes for prioritizing climate-related risks, including how materiality determinations are made within the organization. The report provides details on how climate-related risks are identified, assessed, and managed through the Enterprise Risk Management process. The report also highlights the role of management in formalizing governance and oversight of ESG at the management level. However, the report lacks specific details on how the organization makes decisions to mitigate, transfer, accept, or control those risks.","The sustainability report provides a comprehensive description of how the organization integrates processes for identifying, assessing, and managing climate-related risks into its overall risk management. The report describes how climate-related risks are integrated into the Enterprise Risk Management process, which is owned by the internal audit program team. The report also highlights the cross-functional nature of climate-related risks and how responsibility for managing such risks is integrated into various business units. The report further describes how the organization's approach to physical risk considers the shift in climate patterns. Overall, the report provides a detailed account of how the organization identifies, assesses, and manages climate-related risks, and how these processes are integrated into its overall risk management.","The sustainability report provides some information on the metrics used to assess climate-related risks and opportunities. The report mentions that climate-related risks are identified and assessed through the Enterprise Risk Management process, and that the environmental affairs team manages climate-related compliance and regulatory risks. The report also mentions that a metric of climate impact is part of the all-employee performance-based pay plan. However, the report lacks specific details on the metrics used to measure and manage climate-related risks and opportunities, and does not provide metrics consistent with the cross-industry. The report does not provide metrics on climate-related risks associated with water, energy, land use, and waste management. The report does not provide internal carbon prices or climate-related opportunity metrics. The report does not provide forward-looking metrics for the cross-industry, consistent with their business or strategic planning time horizons.","The report partially meets the requirements for disclosing Scope 1, Scope 2, and Scope 3 GHG emissions. The report provides Scope 1 and Scope 2 GHG emissions, but it is unclear if Scope 3 GHG emissions have been calculated. The report does not provide a description of the methodologies used to calculate or estimate the metrics. The report provides GHG emissions for historical periods, but it is unclear if the emissions have been calculated in line with the GHG Protocol methodology. The report provides related industry-specific GHG efficiency ratios. The report provides information on the related risks, but it is unclear if the risks differ depending on the scope. The report partially meets the requirements and scores 60 out of 100.","The report provides some information on the targets used by the organization to manage climate-related risks and opportunities and performance against targets. The report mentions the organization's short and long-term commitments to address its climate impact, including being the most fuel-efficient domestic airline, achieving carbon-neutral growth through 2025, and achieving net-zero carbon footprint by 2040. The report also provides some details on the metrics used to track progress against these targets, such as carbon intensity metrics and scope 1 and 2 GHG emissions. However, the report lacks specific details on the time frames over which the targets apply, the base year from which progress is measured, and the key performance indicators used to assess progress against targets. Therefore, the report partially meets the requirements, and the score is 70."
SCORE,60,100,80,70,85,85,85,100,40,60,70
