,"Company name: ADP
Company sector: Business-to-business outsourcers
Company location: Headquartered in New Jersey, with locations worldwide
Pages: 110","Company name: ADP
Company sector: Business-to-business outsourcers
Company location: Headquartered in New Jersey, with locations worldwide
Pages: 110","Company name: ADP
Company sector: Business-to-business outsourcers
Company location: Headquartered in New Jersey, with locations worldwide
Pages: 110","Company name: ADP
Company sector: Business-to-business outsourcers
Company location: Headquartered in New Jersey, with locations worldwide
Pages: 110","Company name: ADP
Company sector: Business-to-business outsourcers
Company location: Headquartered in New Jersey, with locations worldwide
Pages: 110","Company name: ADP
Company sector: Business-to-business outsourcers
Company location: Headquartered in New Jersey, with locations worldwide
Pages: 110","Company name: ADP
Company sector: Business-to-business outsourcers
Company location: Headquartered in New Jersey, with locations worldwide
Pages: 110","Company name: ADP
Company sector: Business-to-business outsourcers
Company location: Headquartered in New Jersey, with locations worldwide
Pages: 110","Company name: ADP
Company sector: Business-to-business outsourcers
Company location: Headquartered in New Jersey, with locations worldwide
Pages: 110","Company name: ADP
Company sector: Business-to-business outsourcers
Company location: Headquartered in New Jersey, with locations worldwide
Pages: 110","Company name: ADP
Company sector: Business-to-business outsourcers
Company location: Headquartered in New Jersey, with locations worldwide
Pages: 110"
,tcfd_1,tcfd_2,tcfd_3,tcfd_4,tcfd_5,tcfd_6,tcfd_7,tcfd_8,tcfd_9,tcfd_10,tcfd_11
ANSWER,"The board of directors at ADP provides oversight with respect to the company's enterprise risk assessment and risk management activities, including risks related to climate change. The board performs this oversight function periodically as part of its meetings and also through three of its committees , each of which examines various components of risk as part of its assigned responsibilities. In addition, the corporate development and technology advisory committee acts in an advisory capacity to the board with respect to certain risks assigned to oversight of the full board. However, the report lacks specific details on how the board oversees climate-related risks and opportunities.","ADP's management is responsible for assessing and managing climate-related risks and opportunities. They evaluate the likelihood and severity of the risk or opportunity, the scope of impact on stakeholders, the investment required to implement changes, and the potential financial and environmental return on investment. The board of directors provides oversight with respect to the company’s enterprise risk assessment and risk management activities. However, the report lacks concrete data and specific actions taken by the company to address climate change issues.","ADP has identified potential business interruption due to weather-related issues, financial implications of increasing energy costs and property damage from weather-related incidents as climate-related risks. The company's long-term climate change objective is to have more clients use paperless services to reduce paper use. However, the report lacks concrete data and specific actions to address these risks and opportunities.","ADP acknowledges potential business interruption due to weather-related issues that can affect the delivery of payroll and financial implications of increasing energy costs and property damage from weather-related incidents. The company aims to reduce carbon emissions from its offices and data centers by improving energy efficiency, consolidating and redesigning workspace to optimize productivity, and selecting renewable energy sources. ADP also aims to have more clients use its paperless services to reduce paper use and associated climate change impacts while improving service to global clients. However, the report lacks concrete data on the investment required to implement changes and the potential financial and environmental return on investment. The report also lacks information on how climate-related risks and opportunities impact the organization's business strategy, economic and financial performance, and financial planning.",ADP's sustainability report does not provide sufficient information to evaluate the resilience of the organization's strategy in different climate-related scenarios or physical risks. The report only mentions potential business interruption due to weather-related issues and the reduction of carbon emissions from offices and data centers. There is no concrete data or information on the company's strategy or actions to address climate risks.,"ADP evaluates the likelihood and severity of climate-related risks based on the nature and size of the risk, the scope of impact on stakeholders, the investment required to implement changes, and the potential financial and environmental return on investment. The enterprise-wide risk management process identifies and assesses critical risks, and mitigation strategies are developed and implemented to reduce overall exposure. ADP also monitors climate-related challenges and opportunities through assessments of all worksites, data centers, and mobile assets.","ADP is focused on reducing carbon emissions from its offices and data centers by improving energy efficiency, consolidating and redesigning workspace to optimize productivity, and selecting renewable energy sources. The company aims to have more clients use its paperless services to reduce paper use and associated climate change impacts. ADP's enterprise risk management team identifies and assesses enterprise-impacting critical risks, coordinates the development of mitigation strategies, and implements action plans to reduce overall exposure. The company also tracks injury data in a risk management database to reduce potential for loss and accidents.","ADP's sustainability report does not provide specific information on how the processes for identifying, assessing, and managing climate-related risks are integrated into the organization's overall risk management. However, the report mentions that ADP takes an integrated, comprehensive approach to risk management, and the enterprise risk management team administers the ERM process, which begins with a risk assessment across all categories of risk. The report also highlights the potential business interruption due to weather-related issues that can affect the delivery of payroll and the financial implications of increasing energy costs and property damage from weather-related incidents.","ADP's sustainability report does not provide specific metrics used to assess climate-related risks and opportunities. However, the report mentions evaluating the likelihood and severity of risks/opportunities, scope of impact on stakeholders, investment required, and potential financial and environmental return on investment. The report does not provide concrete evidence of how these metrics help ensure performance is in line with strategy and risk management process.","ADP reports on GHG emissions from its fleet and facilities, but it is unclear whether it discloses Scope 1, 2, and 3 emissions. The report mentions risks related to potential business interruption due to weather-related issues, increasing energy costs, and property damage from weather-related incidents, but it does not provide specific risks related to GHG emissions.","ADP's sustainability report does not provide specific targets for understanding/quantifying/benchmarking climate-related risks and opportunities. However, the report mentions the company's objective to have more clients use paperless services to reduce paper use and associated climate change impacts. There is no information on how the company is performing against this objective."
SOURCES,"[41, 42, 43, 47, 48]","[52, 41, 74, 75, 70, 72, 71]","[333, 268, 337, 64, 266, 334]","[333, 268, 337, 334]","[333, 337, 268, 334, 62, 72, 75, 44, 52, 65, 77, 45, 64, 63, 275, 54, 262, 29, 73, 78]","[268, 76, 75, 74, 266, 333, 337]","[333, 337, 268, 334, 76, 52, 74, 47, 70, 41, 54, 86, 275, 262, 75, 179, 71, 46]","[70, 73, 76, 333]","[268, 333]","[333, 278, 262, 275, 267, 276, 294, 277, 292, 285, 46]","[333, 337]"
PAGE,"[11, 12]","[19, 11, 20, 13]","[17, 107, 85]","[107, 85]","[8, 11, 107, 13, 14, 16, 17, 20, 85, 21, 87, 84]","[21, 107, 20, 85]","[107, 12, 13, 11, 14, 19, 20, 21, 85, 23, 87, 84, 55]","[107, 19, 20, 21]","[107, 85]","[107, 12, 84, 85, 87, 88, 91, 93, 94]",[107]
ANALYSIS,"The sustainability report provides some information on the board's oversight of climate-related risks and opportunities. The report mentions that the board oversees the company's enterprise risk assessment and risk management activities, which include climate-related risks. However, the report does not provide specific details on how the board is informed about climate-related issues, how it considers climate-related issues when reviewing and guiding strategy, and how it monitors and oversees progress against goals and targets for addressing climate-related issues. The report also does not mention whether the board has a dedicated committee to oversee climate-related risks. Overall, the disclosure is insufficient to fully satisfy the TCFD guidelines.","The disclosure provides some information on management's role in assessing and managing climate-related risks and opportunities. It mentions that the board provides oversight with respect to the company's enterprise risk assessment and risk management activities, and that management is responsible for implementing and supervising day-to-day risk management processes. However, the disclosure lacks specific details on whether the organization has assigned climate-related responsibilities to management-level positions or committees, the associated organizational structure, processes by which management is informed about climate-related issues, and how management monitors climate-related issues. Therefore, the disclosure is insufficient to fully satisfy the TCFD guidelines.","The sustainability report provides some information on climate-related risks and opportunities, but it does not meet the TCFD guidelines in a comprehensive manner. The report mentions some potential risks, such as weather-related issues and increasing energy costs, but it does not provide a clear description of the specific climate-related issues that could have a material financial impact on the organization over the short, medium, and long term. The report also lacks information on the process used to determine which risks and opportunities could have a material financial impact on the organization. While the report mentions the company's long-term climate change objectives, it does not provide a detailed description of the relevant short-, medium-, and long-term time horizons. Overall, the report lacks specificity and detail, resulting in a low score.","The sustainability report provides limited information on how climate-related risks and opportunities impact the organization's business strategy, economic and financial performance, and financial planning. The report mentions potential business interruption due to weather-related issues, increasing energy costs, and property damage from weather-related incidents. However, it does not provide any specific details on how these risks and opportunities have affected the organization's businesses, strategy, and financial planning. The report does not describe how climate-related issues serve as an input to their financial planning process, the time period used, and how these risks and opportunities are prioritized. The report does not describe the impact of climate-related issues on their financial performance and financial position. The report does not describe their plans for transitioning to a low-carbon economy.","The sustainability report provides limited information on the resilience of the organization's strategy to climate-related risks and opportunities. While the report mentions potential business interruption due to weather-related issues and the financial implications of increasing energy costs, it does not provide a comprehensive analysis of the organization's strategy in the context of a 2°C or lower scenario. The report does not discuss the potential impact of climate-related issues on financial performance or the climate-related scenarios and associated time horizon considered. Therefore, the report does not meet the TCFD guidelines for high-quality disclosure pertaining to the TCFD recommendation point.","The sustainability report provides some information on the organization's processes for identifying and assessing climate-related risks. The report mentions the evaluation of likelihood and severity of risks, the scope of impact on stakeholders, and the investment required to implement changes. However, the report lacks details on how the organization determines the relative significance of climate-related risks in relation to other risks. The report does not disclose whether the organization considers existing and emerging regulatory requirements related to climate change. Additionally, the report does not provide information on the processes for assessing the potential size and scope of identified climate-related risks and definitions of risk terminology used or references to existing risk classification frameworks used. Overall, the report provides some information but lacks specific details required to meet the TCFD guidelines.","The sustainability report provides some information on how the organization manages climate-related risks. The report mentions the potential business interruption due to weather-related issues, financial implications of increasing energy costs, and property damage from weather-related incidents. The report also describes the company's long-term climate change objectives, which include having more clients use paperless services to reduce paper use and associated climate change impacts. However, the report lacks details on how the organization makes decisions to mitigate, transfer, accept, or control climate-related risks. The report also does not provide information on how materiality determinations are made within the organization. Overall, the report provides some information on how the organization manages climate-related risks, but it lacks specific details.","The sustainability report provides some information on how climate-related risks are integrated into the organization's overall risk management. The report mentions that the enterprise-wide risk management process is communicated to the executive committee and the audit committee of the board of directors annually. The report also states that all assurance functions share information and are aligned in identifying, assessing, prioritizing, and reporting critical risks. However, the report lacks specific details on how the processes for identifying, assessing, and managing climate-related risks are integrated into the organization's overall risk management. The report does not provide any information on how the organization evaluates the likelihood and severity of the risk or opportunity based on the nature and size of the risk or opportunity. Therefore, the report partially meets the requirements for high-quality disclosure pertaining to the critical element.","The sustainability report provides limited information on the metrics used to assess climate-related risks and opportunities. While the report mentions the evaluation of the likelihood and severity of the risk or opportunity, the scope of impact on stakeholder communities, and the investment required to implement changes, it does not provide specific metrics or methodologies used to calculate or estimate climate-related metrics. The report also lacks historical and forward-looking metrics for the cross-industry. However, the report mentions the company's long-term climate change objectives, including the use of paperless services, and external benchmarking of peers. Overall, the report does not meet most of the TCFD guidelines for high-quality disclosure pertaining to the TCFD recommendation point.","The sustainability report does not provide sufficient information to evaluate the organization's Scope 1, Scope 2, and Scope 3 greenhouse gas  emissions and related risks. The report only mentions GHG emissions in a few instances, such as the Fleet Cumulative Tons CO2 Avoided Over Time and GHG emissions reduction initiatives. However, the report does not provide GHG emissions data for historical periods, nor does it describe the methodologies used to calculate or estimate the metrics. The report also does not provide industry-specific GHG efficiency ratios. Therefore, the report does not meet the TCFD guidelines for high-quality disclosure pertaining to the TCFD recommendation point.","The given disclosure does not provide sufficient information on the targets used by the organization to manage climate-related risks and opportunities and performance against targets. The report only briefly mentions the company's long-term climate change objective of having more clients use paperless services to reduce paper use and associated climate change impacts. However, it does not provide any information on the targets related to GHG emissions, water usage, energy usage, etc. The report also does not describe whether the targets are absolute or intensity-based, time frames over which the target applies, base year from which progress is measured, and key performance indicators used to assess progress against targets. Therefore, the report does not meet the TCFD guidelines for high-quality disclosure pertaining to the TCFD recommendation point."
SCORE,50,50,30,20,20,60,60,60,30,10,10
