,"Company name: European Automotive company
Company sector: Automotive
Company location: ['Luxembourg', 'Frankfurt am Main', 'Zürich', 'United Kingdom', 'Ireland', 'Jersey', 'Guernsey', 'Isle of Man', 'Israel', 'Dubai', 'Belgium', 'Denmark', 'Finland', 'Greece', 'Netherlands', 'Norway', 'Spain', 'Sweden', 'Italy', 'France', 'Hong Kong', 'Japan']
Pages: 43","Company name: European Automotive company
Company sector: Automotive
Company location: ['Luxembourg', 'Frankfurt am Main', 'Zürich', 'United Kingdom', 'Ireland', 'Jersey', 'Guernsey', 'Isle of Man', 'Israel', 'Dubai', 'Belgium', 'Denmark', 'Finland', 'Greece', 'Netherlands', 'Norway', 'Spain', 'Sweden', 'Italy', 'France', 'Hong Kong', 'Japan']
Pages: 43","Company name: European Automotive company
Company sector: Automotive
Company location: ['Luxembourg', 'Frankfurt am Main', 'Zürich', 'United Kingdom', 'Ireland', 'Jersey', 'Guernsey', 'Isle of Man', 'Israel', 'Dubai', 'Belgium', 'Denmark', 'Finland', 'Greece', 'Netherlands', 'Norway', 'Spain', 'Sweden', 'Italy', 'France', 'Hong Kong', 'Japan']
Pages: 43","Company name: European Automotive company
Company sector: Automotive
Company location: ['Luxembourg', 'Frankfurt am Main', 'Zürich', 'United Kingdom', 'Ireland', 'Jersey', 'Guernsey', 'Isle of Man', 'Israel', 'Dubai', 'Belgium', 'Denmark', 'Finland', 'Greece', 'Netherlands', 'Norway', 'Spain', 'Sweden', 'Italy', 'France', 'Hong Kong', 'Japan']
Pages: 43","Company name: European Automotive company
Company sector: Automotive
Company location: ['Luxembourg', 'Frankfurt am Main', 'Zürich', 'United Kingdom', 'Ireland', 'Jersey', 'Guernsey', 'Isle of Man', 'Israel', 'Dubai', 'Belgium', 'Denmark', 'Finland', 'Greece', 'Netherlands', 'Norway', 'Spain', 'Sweden', 'Italy', 'France', 'Hong Kong', 'Japan']
Pages: 43","Company name: European Automotive company
Company sector: Automotive
Company location: ['Luxembourg', 'Frankfurt am Main', 'Zürich', 'United Kingdom', 'Ireland', 'Jersey', 'Guernsey', 'Isle of Man', 'Israel', 'Dubai', 'Belgium', 'Denmark', 'Finland', 'Greece', 'Netherlands', 'Norway', 'Spain', 'Sweden', 'Italy', 'France', 'Hong Kong', 'Japan']
Pages: 43","Company name: European Automotive company
Company sector: Automotive
Company location: ['Luxembourg', 'Frankfurt am Main', 'Zürich', 'United Kingdom', 'Ireland', 'Jersey', 'Guernsey', 'Isle of Man', 'Israel', 'Dubai', 'Belgium', 'Denmark', 'Finland', 'Greece', 'Netherlands', 'Norway', 'Spain', 'Sweden', 'Italy', 'France', 'Hong Kong', 'Japan']
Pages: 43","Company name: European Automotive company
Company sector: Automotive
Company location: ['Luxembourg', 'Frankfurt am Main', 'Zürich', 'United Kingdom', 'Ireland', 'Jersey', 'Guernsey', 'Isle of Man', 'Israel', 'Dubai', 'Belgium', 'Denmark', 'Finland', 'Greece', 'Netherlands', 'Norway', 'Spain', 'Sweden', 'Italy', 'France', 'Hong Kong', 'Japan']
Pages: 43","Company name: European Automotive company
Company sector: Automotive
Company location: ['Luxembourg', 'Frankfurt am Main', 'Zürich', 'United Kingdom', 'Ireland', 'Jersey', 'Guernsey', 'Isle of Man', 'Israel', 'Dubai', 'Belgium', 'Denmark', 'Finland', 'Greece', 'Netherlands', 'Norway', 'Spain', 'Sweden', 'Italy', 'France', 'Hong Kong', 'Japan']
Pages: 43","Company name: European Automotive company
Company sector: Automotive
Company location: ['Luxembourg', 'Frankfurt am Main', 'Zürich', 'United Kingdom', 'Ireland', 'Jersey', 'Guernsey', 'Isle of Man', 'Israel', 'Dubai', 'Belgium', 'Denmark', 'Finland', 'Greece', 'Netherlands', 'Norway', 'Spain', 'Sweden', 'Italy', 'France', 'Hong Kong', 'Japan']
Pages: 43","Company name: European Automotive company
Company sector: Automotive
Company location: ['Luxembourg', 'Frankfurt am Main', 'Zürich', 'United Kingdom', 'Ireland', 'Jersey', 'Guernsey', 'Isle of Man', 'Israel', 'Dubai', 'Belgium', 'Denmark', 'Finland', 'Greece', 'Netherlands', 'Norway', 'Spain', 'Sweden', 'Italy', 'France', 'Hong Kong', 'Japan']
Pages: 43"
,tcfd_1,tcfd_2,tcfd_3,tcfd_4,tcfd_5,tcfd_6,tcfd_7,tcfd_8,tcfd_9,tcfd_10,tcfd_11
ANSWER,"The report does not provide specific information on how the company's board oversees climate-related risks and opportunities. However, the company has set tangible objectives for physical and transition climate risks, and it supports the TCFD and SASB standards. Invesco engages with the company on ESG issues, including climate change, and may hold director nominees accountable for significant climate-related risks. The report also mentions the importance of board independence and responsiveness to investor concerns.","The company's sustainability report does not provide clear information on the role of management in assessing and managing climate-related risks and opportunities. There are only vague statements about the integration of ESG throughout the investment management process and evaluation of climate risks and opportunities at the portfolio and asset level. However, there are no concrete actions or quantifiable data to support these claims.","The report does not provide a clear identification of the most relevant climate-related risks and opportunities that the European Automotive company has identified over the short, medium, and long term. However, the company has set tangible objectives for net zero carbon emissions by 2050 or sooner, 30% reduction in energy intensity and carbon emissions by 2030, and 10% reduction in water consumption by 2030. The report also mentions the consideration of physical and transitional climate risks in investment decisions.","The report mentions that the company integrates ESG considerations and risks into its investment process, documentation process, data platforms, and proxy voting & engagement process. The report also mentions that the company has tangible objectives for physical and transition climate risks, and aims for net-zero carbon emissions by 2050 or sooner. However, the report lacks specific details on how climate-related risks and opportunities impact the organization's business strategy, economic and financial performance, and financial planning.","The report does not provide sufficient information to determine the resilience of the organization's strategy to different climate-related scenarios or physical risks. While the report mentions tangible objectives related to carbon emissions, energy intensity, and water consumption, it lacks specific details on how the company plans to achieve these objectives and how they relate to climate scenarios. Additionally, the report does not provide any information on stress testing or scenario analysis to assess the resilience of the company's strategy.","The report does not provide specific information on the processes used by the European Automotive company to identify and assess climate-related risks. However, it mentions that the company integrates financially material ESG considerations and risks into its investment process and evaluates climate risks and opportunities at the portfolio and asset level.","The company has set tangible objectives to achieve net zero carbon emissions by 2050 or sooner, reduce energy intensity and carbon emissions by 30% by 2030, and reduce water consumption by 10% by 2030. They are involved in Climate Action 100+ and seek commitments from companies regarding implementation of strong governance framework on climate change. They also advise and provide ongoing feedback on the use of the SASB standards and support the TCFD and disclose to stakeholders on their climate-related financial risks in their Climate Change report.","The report mentions that ESG considerations and risks are incorporated into the wider investment process as part of a holistic consideration of the investment risk and opportunity. However, it is unclear how the processes for identifying, assessing, and managing climate-related risks are integrated into the organization's overall risk management.","The report does not provide specific metrics used by the European Automotive company to assess climate-related risks and opportunities. However, it mentions that the company integrates ESG throughout the investment management process and evaluates climate risks and opportunities at the portfolio and asset level. The report does not provide information on how these metrics help ensure that the performance is in line with its strategy and risk management process.","The report does not provide any information on the company's Scope 1, Scope 2, and Scope 3 greenhouse gas emissions. Therefore, no related risks are identified.","The company has set targets of net zero carbon emissions by 2050 or sooner, a 30% reduction in energy intensity and carbon emissions by 2030, and a 10% reduction in water consumption by 2030. There is no information available on how the company is performing against these targets."
SOURCES,"[75, 208, 135, 156, 133]","[75, 73, 162]","[75, 73, 162]","[36, 40, 50, 64, 72, 73, 75, 108, 114, 136, 138, 149, 162, 163, 167, 189, 208]","[75, 189]","[36, 50, 72]","[75, 114, 163, 189, 208]",[36],"[75, 108, 201]","[108, 189, 22, 75, 64, 179, 205, 73, 208, 40, 35, 184, 163, 9, 36, 114, 115, 71]",[75]
PAGE,"[27, 35, 12, 23]","[12, 28]","[12, 28]","[32, 35, 8, 9, 11, 12, 19, 21, 23, 24, 25, 28]","[32, 12]","[8, 9, 12]","[32, 35, 12, 21, 28]",[8],"[34, 19, 12]","[32, 35, 3, 6, 8, 9, 11, 12, 19, 21, 28, 31]",[12]
ANALYSIS,"The sustainability report provides limited information on how the company's board oversees climate-related risks and opportunities. The report does not discuss the processes and frequency by which the board and/or board committees are informed about climate-related issues. While the report mentions that the board considers climate-related issues when reviewing and guiding strategy, major plans of action, risk management policies, annual budgets, and business plans, it does not provide specific details on how this is done. The report also does not discuss how the board monitors and oversees progress against goals and targets for addressing climate-related issues. Overall, the disclosure is insufficient to meet the requirements for high-quality disclosure pertaining to the critical element of how the company's board oversees climate-related risks and opportunities.","The sustainability report lacks sufficient information on management's role in assessing and managing climate-related risks and opportunities. The report does not provide details on whether the organization has assigned climate-related responsibilities to management-level positions or committees, the associated organizational structure, processes by which management is informed about climate-related issues, and how management monitors climate-related issues. While the report mentions the integration of ESG throughout the investment management process and evaluation of climate risks and opportunities at the portfolio and asset level, it does not provide specific details on management's role in these processes. Overall, the report does not meet the TCFD guidelines for high-quality disclosure pertaining to the TCFD recommendation point.","The sustainability report provides some information on climate-related risks and opportunities, but it lacks specificity and detail. The report does not provide a clear description of the relevant short-, medium-, and long-term time horizons, nor does it describe the specific climate-related issues that could have a material financial impact on the organization. The report does mention the process used to determine which risks and opportunities could have a material financial impact on the organization, but it does not provide a sector or geography-specific description of risks and opportunities. Overall, the report lacks the necessary components for high-quality disclosure pertaining to the critical element of climate-related risks and opportunities.","The given disclosure does not provide sufficient information to rate the organization's disclosure quality on the critical element of how climate-related risks and opportunities impact the organization's business strategy, economic and financial performance, and financial planning. The disclosure does not discuss how identified climate-related issues have affected their businesses, strategy, and financial planning. The disclosure does not reflect a holistic picture of the interdependencies among the factors that affect their ability to create value over time. The disclosure does not describe the impact of climate-related issues on their financial performance and financial position. The disclosure does not describe how climate-related issues serve as an input to their financial planning process, the time period used, and how these risks and opportunities are prioritized.","The sustainability report provides limited information on the resilience of the organization's strategy to climate-related risks and opportunities. While the report mentions the organization's commitment to net-zero carbon emissions by 2050 and reduction targets for energy intensity, carbon emissions, and water consumption, it does not provide a detailed discussion of how the organization's strategy will change to address potential climate-related risks and opportunities. The report also does not discuss the potential impact of climate-related issues on financial performance and position. The report mentions climate-related scenarios and associated time horizons considered but does not provide any specific details. Overall, the report lacks the necessary components for high-quality disclosure pertaining to the critical element.","The sustainability report provides limited information on the processes used by the organization to identify and assess climate-related risks. While the report mentions the integration of ESG considerations and risks into the investment process, it does not provide specific details on how the organization determines the relative significance of climate-related risks in relation to other risks. The report also lacks information on whether the organization considers existing and emerging regulatory requirements related to climate change. The report does not disclose the processes for assessing the potential size and scope of identified climate-related risks or definitions of risk terminology used or references to existing risk classification frameworks used. Overall, the report does not meet the majority of the TCFD guidelines.","The disclosure provides some information on how the organization manages climate-related risks. It mentions the integration of ESG throughout the investment management process and evaluation of climate risks and opportunities at the portfolio and asset level. The report also includes tangible objectives related to physical and transition climate risks. However, it lacks details on how the organization makes decisions to mitigate, transfer, accept, or control those risks. The report does not describe the organization's processes for prioritizing climate-related risks or how materiality determinations are made within the organization. Overall, the disclosure partially meets the requirements for high-quality disclosure pertaining to the critical element of how the organization manages climate-related risks.","The disclosure provides some information on how the organization integrates climate-related risks into its overall risk management. The report mentions that ESG considerations and risks are incorporated into the wider investment process as part of a holistic consideration of the investment risk and opportunity. The report also highlights the integration of ESG throughout the investment management process and evaluation of climate risks and opportunities at the portfolio and asset level. However, the disclosure lacks specific details on the processes for identifying, assessing, and managing climate-related risks. The report does not provide a clear description of how the organization integrates climate-related risks into its overall risk management. Therefore, the disclosure is insufficient to meet the TCFD guidelines.","The sustainability report provides limited information on the metrics used to assess climate-related risks and opportunities. While the report mentions the organization's objectives related to carbon emissions, energy intensity, and water consumption, it does not provide any specific metrics or methodologies used to measure and manage climate-related risks and opportunities. The report also lacks information on whether and how related performance metrics are incorporated into remuneration policies. However, the report mentions the organization's support for the TCFD and its commitment to disclosing climate-related financial risks. Overall, the report does not meet most of the TCFD guidelines for high-quality disclosure pertaining to the TCFD recommendation point.","The sustainability report does not provide any information on the organization's Scope 1, Scope 2, and Scope 3 greenhouse gas  emissions. There is no mention of the related risks and how they differ depending on the scope. The report does not meet any of the TCFD guidelines outlined for high-quality disclosure pertaining to the TCFD recommendation point. The report provides information on the organization's governance, ESG integration, and industry engagement, but it does not provide any information on the organization's environmental impact. The report does not provide any historical data or methodology used to calculate or estimate the metrics. Overall, the report lacks transparency and does not provide sufficient information to assess the organization's sustainability performance.","The sustainability report provides some information on the targets used by the organization to manage climate-related risks and opportunities and performance against targets. The report mentions the organization's targets related to net zero carbon emissions, energy intensity, carbon emissions, and water consumption. However, the report lacks details on the time frames over which the targets apply, the base year from which progress is measured, and the key performance indicators used to assess progress against targets. The report also does not provide a description of the methodologies used to calculate targets and measures. Overall, the disclosure is insufficient in meeting the TCFD guidelines for high-quality disclosure pertaining to the TCFD recommendation point."
SCORE,30,20,30,0,30,20,60,50,30,0,50
