,"Company name: AvalonBay Communities Inc.
Company sector: Real Estate
Company location: Arlington, VA
Pages: 41","Company name: AvalonBay Communities Inc.
Company sector: Real Estate
Company location: Arlington, VA
Pages: 41","Company name: AvalonBay Communities Inc.
Company sector: Real Estate
Company location: Arlington, VA
Pages: 41","Company name: AvalonBay Communities Inc.
Company sector: Real Estate
Company location: Arlington, VA
Pages: 41","Company name: AvalonBay Communities Inc.
Company sector: Real Estate
Company location: Arlington, VA
Pages: 41","Company name: AvalonBay Communities Inc.
Company sector: Real Estate
Company location: Arlington, VA
Pages: 41","Company name: AvalonBay Communities Inc.
Company sector: Real Estate
Company location: Arlington, VA
Pages: 41","Company name: AvalonBay Communities Inc.
Company sector: Real Estate
Company location: Arlington, VA
Pages: 41","Company name: AvalonBay Communities Inc.
Company sector: Real Estate
Company location: Arlington, VA
Pages: 41","Company name: AvalonBay Communities Inc.
Company sector: Real Estate
Company location: Arlington, VA
Pages: 41","Company name: AvalonBay Communities Inc.
Company sector: Real Estate
Company location: Arlington, VA
Pages: 41"
,tcfd_1,tcfd_2,tcfd_3,tcfd_4,tcfd_5,tcfd_6,tcfd_7,tcfd_8,tcfd_9,tcfd_10,tcfd_11
ANSWER,"AvalonBay's board of directors oversees climate-related risks and opportunities. The board receives periodic reports from management on these matters and meets with relevant personnel. The company conducted a comprehensive review of its portfolio in 2017 to consider matters relating to climate change, stronger storms, and other natural disasters. In 2019, the Science Based Targets initiative approved two targets addressing Scope 1 and 2, and Scope 3 emissions. The company has a Climate and Emissions Risk Dashboard that addresses climate risk factors and was first completed in 2020 when 274 existing buildings in its portfolio were assessed.","AvalonBay's management has processes for identifying, assessing, and managing climate-related risks. They have integrated climate-related risks into their overall risk management, and they have a Climate and Emissions Risk Dashboard to understand their physical exposure risks. They have identified climate-related risks and opportunities over the short, medium, and long term and have incorporated their Climate and Emissions Risk Dashboard into their investment, divestiture, and capital improvement decisions. The Board oversees climate-related risks and opportunities, and management has a role in assessing and managing them.","AvalonBay Communities Inc. has identified climate-related risks and opportunities over the short, medium, and long term. Risks are categorized into physical or transitional and mapped according to time horizon. The company plans to re-run its climate risk assessment across its portfolio in 2022, having refined some of the indicators listed above while adding three more indicators: FEMA NRI, Wildfire, and Tsunami. The company has integrated its Climate and Emissions Risk Dashboard into its investment, divestiture, and capital improvement decisions to understand its physical exposures risks more fully.","AvalonBay Communities Inc. has identified climate-related risks and opportunities over the short, medium, and long term. The company has incorporated its Climate and Emissions Risk Dashboard into its investment, divestiture, and capital improvement decisions to understand its physical exposures risks more fully. The company has implemented a process that provides continual feedback from its Climate and Emissions Risk Dashboard, generating a portfolio, neighborhood, and building level perspective. The company has implemented a comprehensive climate and emissions assessment of all new acquisitions. The company has set Science-Based Targets addressing Scope 1 and 2, and Scope 3 emissions. The company has a Climate and Emissions Risk Dashboard that addresses climate risk factors. The company has a Climate Resiliency Policy that requires a 3rd party resiliency risk assessment that evaluates the climate risk associated with a particular location across fourteen different categories. The company has a process for identifying, assessing, and managing climate-related risks that are integrated into the organization's overall risk management. The company has a board's oversight of climate-related risks and opportunities. The company has a process for identifying risks and opportunities that includes a periodic survey of Company officers and less frequent surveys of a wider group of Company stakeholders, including customers, associates, suppliers, investors, and Board members, among others.","AvalonBay has identified climate-related risks and opportunities over the short, medium, and long term, and has incorporated a Climate and Emissions Risk Dashboard into investment, divestiture, and capital improvement decisions to understand physical exposure risks more fully. The company plans to re-run this climate risk assessment across its portfolio in 2022, having refined some of the indicators listed above while adding three more indicators: FEMA NRI, Wildfire, and Tsunami. However, the report lacks concrete data on the resilience of the organization's strategy in different climate-related scenarios.","AvalonBay Communities Inc. identifies and assesses climate-related risks through a periodic survey of officers and stakeholders, a comprehensive review of its portfolio, and a climate and emissions risk dashboard. The company considers different climate-related scenarios, including a 2°C or lower scenario, and has established 14 climate risks to highlight possible physical risks of each investment decision. The metrics and targets used to assess climate-related risks and opportunities are disclosed in the company's 2021 Public CDP Response: Section C4 & C6.","AvalonBay has incorporated its Climate and Emissions Risk Dashboard into its investment, divestiture, and capital improvement decisions to understand its physical exposure risks more fully. The company has implemented a process that provides continual feedback from the dashboard, generating a portfolio, neighborhood, and building-level perspective of climate risks, which it factors into its portfolio management and capital allocation decision-making frameworks. The company plans to rerun this climate risk assessment across its portfolio in 2022, having refined some of the indicators listed above while adding three more indicators: FEMA NRI, Wildfire, and Tsunami.","AvalonBay Communities Inc. has integrated processes for identifying, assessing, and managing climate-related risks into its overall risk management. The company has incorporated its Climate and Emissions Risk Dashboard into its investment, divestiture, and capital improvement decisions to understand its physical exposure risks more fully. The company has also implemented a policy to ensure that all new developments and acquisitions are assessed for the fourteen climate risks identified in its climate and emissions risk dashboard.","AvalonBay Communities Inc. discloses the metrics used to assess climate-related risks and opportunities in line with its strategy and risk management process in its 2021 Public CDP Response: Section C4 & C6. The organization uses its Climate and Emissions Risk Dashboard to understand its physical exposures risks more fully and has incorporated it into its investment, divestiture, and capital improvement decisions. The company has identified climate-related risks and opportunities over the short, medium, and long term in its 2021 Public CDP Response: Section C2 and has described the impact of climate-related risks and opportunities on its businesses, strategy, and financial planning in its 2021 Public CDP Response: Section C3.","Yes, AvalonBay Communities Inc. discloses its Scope 1, Scope 2, and Scope 3 greenhouse gas  emissions in its Environmental Performance report on pages 74-75. The report also identifies the related risks, but they are not specific to the GHG emissions.","AvalonBay Communities Inc. discloses its Science-Based Targets for GHG emissions reduction and water-use-intensity reduction. The company also describes the targets used to manage climate-related risks and opportunities and its performance against these targets. The relevant sections are AvalonBay’s Science-Based Targets: ESG Goals , 2021 Environmental Sustainability Highlights  and Climate and Emissions ."
SOURCES,"[64, 372, 366]","[63, 479, 478, 67, 477, 476, 372, 371, 427, 413, 366, 360, 111, 62, 85, 64, 480, 366]","[67, 476, 479, 66, 63]","[63, 67, 64, 476, 366, 371, 360, 431, 85, 373, 66, 62, 65, 415]","[477, 63, 64, 67, 372, 65, 31, 111]","[479, 67, 63, 64, 366, 360, 477, 371, 372, 476, 18, 373, 66, 427, 57, 431]","[63, 67, 62]","[63, 64, 67, 360, 366, 371, 372, 427, 479, 480]","[479, 480, 63, 366, 64, 477]",[435],"[31, 32, 372, 413]"
PAGE,"[9, 29]","[33, 37, 9, 11, 28, 29, 31]","[9, 37]","[32, 33, 37, 9, 28, 29]","[4, 37, 9, 11, 29]","[33, 3, 37, 8, 9, 28, 29]",[9],"[33, 37, 9, 28, 29]","[9, 29, 37]",[34],"[4, 29, 31]"
ANALYSIS,"AvalonBay's sustainability report provides a comprehensive disclosure on the board's oversight of climate-related risks and opportunities. The report describes the processes and frequency by which the board and/or board committees are informed about climate-related issues. It also highlights that the board and/or board committees consider climate-related issues when reviewing and guiding strategy, risk management policies, annual budgets, and business plans. The report further explains how the board monitors and oversees progress against goals and targets for addressing climate-related issues. However, the report lacks specific details on how the board oversees major capital expenditures, acquisitions, and divestitures. Overall, the report meets most of the requirements and provides sufficient details, resulting in a score of 90.","The disclosure provides some information on management's role in assessing and managing climate-related risks and opportunities. It describes the processes for identifying and assessing climate-related risks and the metrics used to assess them. It also mentions the incorporation of climate and emissions risk dashboard into investment, divestiture, and capital improvement decisions. However, the disclosure lacks information on whether the organization has assigned climate-related responsibilities to management-level positions or committees, the associated organizational structure, and how management monitors climate-related issues. The disclosure also does not provide details on how management is informed about climate-related issues. Overall, the disclosure partially meets the requirements, but there is room for improvement.","The disclosure provides some information on the climate-related risks and opportunities that the organization has identified over the short, medium, and long term. The report describes the specific climate-related issues potentially arising in each time horizon that could have a material financial impact on the organization. However, the report lacks a clear description of the relevant short-, medium-, and long-term time horizons, and the process used to determine which risks and opportunities could have a material financial impact on the organization. The report also fails to provide a description of risks and opportunities by sector and/or geography, as appropriate. Overall, the disclosure provides some information but lacks specificity and detail, resulting in a score of 60.","The disclosure provides some information on the impact of climate-related risks and opportunities on the organization's businesses, strategy, and financial planning. The report discusses the identified climate-related risks and opportunities and how they affect the organization's businesses, strategy, and financial planning. The report also describes the organization's processes for identifying, assessing, and managing climate-related risks. However, the report lacks specific details on the impact of climate-related issues on the organization's financial performance and financial position. The report also does not provide information on how climate-related issues serve as an input to the organization's financial planning process. The report does not describe the organization's plans for transitioning to a low-carbon economy, which could include GHG emissions targets and specific activities intended to reduce GHG emissions in their operations and value chain or to otherwise support the transition.","AvalonBay's sustainability report provides a comprehensive disclosure on how resilient their strategy is when considering different climate-related scenarios, including a 2°C target or lower scenario. The report describes the organization's processes for identifying and assessing climate-related risks, managing them, and integrating them into the overall risk management. The report also discusses the potential impact of climate-related issues on financial performance and position. AvalonBay has identified climate-related risks and opportunities over the short, medium, and long term and has described the impact of these risks and opportunities on the organization's businesses, strategy, and financial planning. The report also discloses the metrics and targets used by the organization to assess climate-related risks and opportunities. However, the report could have provided more details on the climate-related scenarios and associated time horizon considered.","The sustainability report provides a comprehensive description of AvalonBay's processes for identifying and assessing climate-related risks. The report describes the organization's risk management processes for identifying and assessing climate-related risks, including how they determine the relative significance of climate-related risks in relation to other risks. The report also discloses the processes for assessing the potential size and scope of identified climate-related risks and definitions of risk terminology used. However, the report does not provide specific details on whether the organization considers existing and emerging regulatory requirements related to climate change as well as other relevant factors considered. Overall, the report meets most of the requirements and provides sufficient details to assess the organization's processes for identifying and assessing climate-related risks.","AvalonBay's sustainability report provides a comprehensive disclosure of its processes for managing climate-related risks. The report describes the organization's processes for identifying and assessing climate-related risks, prioritizing them, and integrating them into the overall risk management process. The report also discloses the metrics used to assess climate-related risks and opportunities and the targets used to manage them. However, the report lacks specific details on how the organization makes decisions to mitigate, transfer, accept, or control those risks. Additionally, the report does not provide a clear description of the materiality determinations made within the organization. Overall, the report provides a good level of disclosure on the management of climate-related risks, but there is room for improvement in terms of providing more specific details.","AvalonBay's sustainability report provides a comprehensive disclosure on how the organization identifies, assesses, and manages climate-related risks. The report describes the processes for identifying and assessing climate-related risks, including the use of a Climate and Emissions Risk Dashboard, which is integrated into the organization's overall risk management. The report also discloses the metrics used to assess climate-related risks and opportunities, including Scope 1, Scope 2, and Scope 3 greenhouse gas emissions. However, the report lacks specific details on the targets used to manage climate-related risks and opportunities and performance against targets. Overall, the report provides a detailed disclosure on the integration of climate-related risks into the organization's overall risk management, but there is room for improvement in disclosing specific targets and performance against targets.","The sustainability report of AvalonBay provides a comprehensive disclosure of the metrics used to assess climate-related risks and opportunities. The report includes the key metrics used to measure and manage climate-related risks and opportunities, as well as metrics consistent with the cross-industry. The report also provides metrics on climate-related risks associated with water, energy, land use, and waste management where relevant and applicable. The report describes whether and how related performance metrics are incorporated into remuneration policies. The report provides internal carbon prices as well as climate-related opportunity metrics such as revenue from products and services designed for a low-carbon economy. However, the report does not provide forward-looking metrics for the cross-industry, consistent with their business or strategic planning time horizons. In addition, the report does not provide a description of the methodologies used to calculate or estimate climate-related metrics.","The sustainability report partially meets the requirements for disclosing Scope 1, Scope 2, and Scope 3 GHG emissions and related risks. The report discloses the required GRI indicators and provides some historical data for trend analysis. However, the report lacks details on the methodologies used to calculate or estimate the metrics, and it does not provide generally accepted industry-specific GHG efficiency ratios. The report mentions the Science-Based Targets initiative approved two targets addressing Scope 1 and 2, and Scope 3 emissions, but it does not provide the targets' details. The report also lacks information on how the organization calculates GHG emissions in line with the GHG Protocol methodology.","The report provides a comprehensive description of the targets used by the organization to manage climate-related risks and opportunities and performance against targets. The report discloses the organization's key climate-related targets such as those related to GHG emissions, water usage, energy usage, etc. The report also describes the time frames over which the targets apply, the base year from which progress is measured, and the key performance indicators used to assess progress against targets. The report provides a description of the methodologies used to calculate targets and measures. However, the report does not disclose associated interim targets in aggregate or by business line, where available. Overall, the report provides a detailed description of the targets used by the organization to manage climate-related risks and opportunities and performance against targets."
SCORE,90,60,60,70,90,85,85,85,90,70,90
