,"Company name: City Office REIT, Inc.
Company sector: Real Estate
Company location: Southern and Western United States
Pages: 18","Company name: City Office REIT, Inc.
Company sector: Real Estate
Company location: Southern and Western United States
Pages: 18","Company name: City Office REIT, Inc.
Company sector: Real Estate
Company location: Southern and Western United States
Pages: 18","Company name: City Office REIT, Inc.
Company sector: Real Estate
Company location: Southern and Western United States
Pages: 18","Company name: City Office REIT, Inc.
Company sector: Real Estate
Company location: Southern and Western United States
Pages: 18","Company name: City Office REIT, Inc.
Company sector: Real Estate
Company location: Southern and Western United States
Pages: 18","Company name: City Office REIT, Inc.
Company sector: Real Estate
Company location: Southern and Western United States
Pages: 18","Company name: City Office REIT, Inc.
Company sector: Real Estate
Company location: Southern and Western United States
Pages: 18","Company name: City Office REIT, Inc.
Company sector: Real Estate
Company location: Southern and Western United States
Pages: 18","Company name: City Office REIT, Inc.
Company sector: Real Estate
Company location: Southern and Western United States
Pages: 18","Company name: City Office REIT, Inc.
Company sector: Real Estate
Company location: Southern and Western United States
Pages: 18"
,tcfd_1,tcfd_2,tcfd_3,tcfd_4,tcfd_5,tcfd_6,tcfd_7,tcfd_8,tcfd_9,tcfd_10,tcfd_11
ANSWER,"City Office REIT has a CSR Committee that reports to the CEO, who is also a Company director and maintains oversight over the CSR Committee. The Board provides guidance and oversight with respect to ESG guidelines, operations, investments, financial reporting, strategic plans, key corporate policies, decisions, and enterprise risk management. The compensation program for executives is designed to align with the enhancement of ESG initiatives over time.","City Office REIT aims to assess climate-related risks and opportunities in their acquisition due diligence and make it a part of their overall investment process. They utilize third-party resources to conduct investigations when necessary. They also aim to increase climate risk awareness, regularly measure their buildings' sustainability performance, and pursue third-party sustainable building certifications where applicable. However, there is no concrete data on how they manage climate-related risks and opportunities.","City Office REIT aims to assess physical climate risks in their portfolio and mitigate them at both corporate and property levels. They aim to assess risk exposure in their acquisition due diligence and make it part of their overall investment process. They have implemented water conservation procedures and benchmarking usage to manage water use. They have systems in place to increase energy efficiency and have installed solar panels at one of their properties. They plan to optimize energy and water consumption, manage waste and emissions, and increase their use of renewable energy resources. However, the report lacks concrete data and specific targets to measure progress towards their goals.","City Office REIT aims to assess climate-related risks in their acquisition due diligence and utilize third-party resources to conduct investigations. They also track and analyze energy efficiency efforts at a property level and implement water conservation procedures. However, the report lacks concrete data on the company's actual performance and progress towards reducing their environmental impact.","City Office REIT aims to assess risk exposure in their acquisition due diligence and make it a part of their overall investment process. They utilize third party resources to conduct investigations when necessary. They also aim to better assess the physical climate risks throughout their portfolio to measure the level of risks and opportunities to them. However, the report lacks concrete data on how resilient their strategy is in different climate-related scenarios.","City Office REIT aims to assess risk exposure in their acquisition due diligence and make it a part of their overall investment process. They also utilize third party resources to conduct investigations. They increase climate risk awareness, regularly measure their buildings' sustainability performance, pursue third-party sustainable building certifications, conduct health, safety and environmental assessments, and provide detailed reports surrounding any potential environmental, topographical and seismic risks.","City Office REIT aims to assess risk exposure in acquisition due diligence and make it a part of their overall investment process. They utilize third-party resources to conduct investigations when necessary. They increase climate risk awareness, regularly measure their buildings' sustainability performance, pursue third-party sustainable building certifications, and conduct health, safety, and environmental assessments. They aim to optimize the efficiency of their energy and water consumption, manage waste and emissions, and increase their use of renewable energy resources. They have installed solar panels at one of their properties. They purchase 100% renewable energy at another property to reduce their dependence on fossil fuels. However, the report lacks concrete data to support their claims.","City Office REIT aims to assess risk exposure in acquisition due diligence and make it a part of the overall investment process. Third-party resources are utilized when necessary. The company also aims to increase climate risk awareness, regularly measure building sustainability performance, and pursue third-party sustainable building certifications. However, the report lacks concrete information on how climate-related risks are integrated into the organization's overall risk management.","City Office REIT aims to assess risk exposure in acquisition due diligence and make it a part of their overall investment process. They utilize third-party resources to conduct investigations when necessary. They also measure their buildings' sustainability performance, pursue third-party sustainable building certifications, and conduct health, safety, and environmental assessments. They aim to increase energy efficiency and track it through ENERGY STAR Portfolio Manager. They also aim to reduce water usage and greenhouse gas emissions through benchmarking, upgrading to low-flow and high-efficiency fixtures and equipment, and monitoring for trends. However, the report lacks specific and quantifiable data to support their claims.","City Office REIT's sustainability report mentions managing greenhouse gas emissions as a critical element of preserving the health of the environment and communities. However, there is no specific mention of disclosing Scope 1, Scope 2, and Scope 3 GHG emissions. The report mentions reducing GHG emissions by purchasing 100% renewable energy and installing solar panels. The related risks are not specified.","The report mentions that City Office REIT aims to assess risk exposure in their acquisition due diligence and make it a part of their overall investment process. However, there is no mention of specific targets used to understand/quantify/benchmark climate-related risks and opportunities, nor is there any information on how the organization is performing against these targets."
SOURCES,"[16, 58, 61]","[21, 25, 26]","[26, 27, 21, 25, 29, 18, 19, 20]","[21, 25, 26, 27, 28]",[26],"[21, 25, 26, 27, 28]","[21, 25, 26, 27, 28, 29, 31]","[21, 25, 26]","[21, 25, 26, 27, 28]","[26, 28, 31]",[26]
PAGE,"[2, 13]","[3, 4]","[3, 4]","[3, 4]",[4],"[3, 4]","[3, 4, 5]","[3, 4]","[3, 4]","[4, 5]",[4]
ANALYSIS,"The sustainability report provides limited information on the board's oversight of climate-related risks and opportunities. While the report mentions the existence of a Corporate Social Responsibility Committee and the CEO's oversight of the committee, it does not provide any details on the processes and frequency by which the board is informed about climate-related issues. The report also does not mention whether the board considers climate-related issues when reviewing and guiding strategy, risk management policies, and business plans. Additionally, there is no information on how the board monitors and oversees progress against goals and targets for addressing climate-related issues. Overall, the disclosure is insufficient to meet the TCFD guidelines.","The given disclosure provides some information on management's role in assessing and managing climate-related risks and opportunities. It mentions that the organization aims to assess risk exposure in its acquisition due diligence and make it a part of its overall investment process. It also describes processes by which management is informed about climate-related issues. However, the disclosure lacks specific details on whether the organization has assigned climate-related responsibilities to management-level positions or committees, the associated organizational structure, and how management monitors climate-related issues. Therefore, the disclosure partially meets the requirements for high-quality disclosure pertaining to the critical element.","The sustainability report provides some information on climate-related risks and opportunities, but it lacks specificity and detail. The report mentions that the organization aims to assess risk exposure and implement water conservation procedures, but it does not provide a clear description of the specific climate-related issues that could have a material financial impact on the organization. Additionally, the report does not describe the process used to determine which risks and opportunities could have a material financial impact on the organization. While the report mentions some relevant time horizons, it does not provide a comprehensive description of the relevant short-, medium-, and long-term time horizons. Overall, the disclosure is insufficiently detailed and lacks specificity.","The sustainability report provides some information on how climate-related risks and opportunities impact the organization's businesses strategy, economic and financial performance, and financial planning. The report mentions that the organization aims to assess risk exposure in its acquisition due diligence and make it a part of its overall investment process. It also discusses the organization's efforts to increase energy efficiency and reduce emissions. However, the report lacks specific details on how climate-related issues serve as an input to the financial planning process, how these risks and opportunities are prioritized, and the impact of climate-related issues on the organization's financial performance and position. Additionally, the report does not describe the organization's plans for transitioning to a low-carbon economy. Overall, the report provides limited disclosure on the TCFD recommendation point.","The sustainability report provides limited information on the resilience of the organization's strategy to climate-related risks and opportunities. While the report mentions assessing physical climate risks and increasing energy efficiency, it does not provide details on how the organization's strategy might change to address potential risks and opportunities, the potential impact of climate-related issues on financial performance and position, or the climate-related scenarios considered. The report also lacks information on how the organization's strategy is resilient to a 2°C or lower scenario. Overall, the report does not meet the TCFD guidelines for this TCFD recommendation point.","The sustainability report provides limited information on the processes used by City Office to identify and assess climate-related risks. While the report mentions that the organization aims to assess risk exposure in its acquisition due diligence and make it a part of its overall investment process, it does not provide any details on how it determines the relative significance of climate-related risks in relation to other risks. The report also does not disclose whether the organization considers existing and emerging regulatory requirements related to climate change. Additionally, the report does not provide any information on the processes used to assess the potential size and scope of identified climate-related risks or definitions of risk terminology used or references to existing risk classification frameworks used.","The sustainability report provides some information on how the organization manages climate-related risks. The report mentions that the organization aims to assess risk exposure in its acquisition due diligence and make it a part of its overall investment process. It also mentions that the organization utilizes third-party resources to conduct investigations when necessary. However, the report lacks specific details on how the organization prioritizes climate-related risks and how materiality determinations are made within the organization. The report also lacks information on how the organization makes decisions to mitigate, transfer, accept, or control climate-related risks. Overall, the disclosure is insufficient in meeting the TCFD guidelines.","The sustainability report provides some information on how the organization integrates processes for identifying, assessing, and managing climate-related risks into its overall risk management. The report mentions that the organization aims to assess risk exposure in its acquisition due diligence and make it a part of its overall investment process. It also utilizes third-party resources to conduct investigations when necessary. However, the report lacks specific details on how the organization integrates climate-related risks into its overall risk management. The report mentions some initiatives related to energy efficiency, sustainable building operations, and environmental stewardship, but it is unclear how these initiatives are integrated into the organization's overall risk management. Therefore, the report partially meets the TCFD guidelines for high-quality disclosure pertaining to the TCFD recommendation point.","The sustainability report provides limited information on the metrics used to assess climate-related risks and opportunities. While the report mentions the organization's aim to assess risk exposure and increase climate risk awareness, it does not provide specific details on the metrics used to measure and manage climate-related risks and opportunities. The report does not include metrics on climate-related risks associated with water, energy, land use, and waste management. There is no mention of whether and how related performance metrics are incorporated into remuneration policies. The report does not provide internal carbon prices or climate-related opportunity metrics. The report does not provide forward-looking metrics for the cross-industry, consistent with their business or strategic planning time horizons. Overall, the report lacks the necessary components for high-quality disclosure pertaining to the critical element.","The sustainability report provides some information on greenhouse gas  emissions and related risks, but it does not meet the TCFD guidelines in full. The report does not disclose Scope 1, Scope 2, and Scope 3 GHG emissions independently of a materiality assessment, nor does it provide GHG emissions and associated metrics for historical periods. The report does not describe the methodologies used to calculate or estimate the metrics. However, the report mentions that the organization aims to assess risk exposure in its acquisition due diligence and make it a part of its overall investment process. The report also mentions that the organization is reducing its GHG emissions by purchasing 100% renewable energy. Overall, the report provides limited information on GHG emissions and related risks.","The sustainability report provides limited information on the targets used by the organization to manage climate-related risks and opportunities and performance against targets. While the report mentions some goals related to energy efficiency, water conservation, and GHG emissions reduction, it does not provide specific details on the targets, such as whether they are absolute or intensity-based, time frames, base year, and key performance indicators. The report also lacks information on the methodologies used to calculate targets and measures. Overall, the disclosure is insufficient to meet the TCFD guidelines for high-quality disclosure pertaining to the TCFD recommendation point."
SCORE,20,60,40,40,20,20,40,60,20,40,30
