,"Company name: Helmerich & Payne
Company sector: Oil and Gas Industry
Company location: Headquarters in Oklahoma, USA with operations in various locations including United Kingdom, France, India, Argentina, and Colombia
Pages: 57","Company name: Helmerich & Payne
Company sector: Oil and Gas Industry
Company location: Headquarters in Oklahoma, USA with operations in various locations including United Kingdom, France, India, Argentina, and Colombia
Pages: 57","Company name: Helmerich & Payne
Company sector: Oil and Gas Industry
Company location: Headquarters in Oklahoma, USA with operations in various locations including United Kingdom, France, India, Argentina, and Colombia
Pages: 57","Company name: Helmerich & Payne
Company sector: Oil and Gas Industry
Company location: Headquarters in Oklahoma, USA with operations in various locations including United Kingdom, France, India, Argentina, and Colombia
Pages: 57","Company name: Helmerich & Payne
Company sector: Oil and Gas Industry
Company location: Headquarters in Oklahoma, USA with operations in various locations including United Kingdom, France, India, Argentina, and Colombia
Pages: 57","Company name: Helmerich & Payne
Company sector: Oil and Gas Industry
Company location: Headquarters in Oklahoma, USA with operations in various locations including United Kingdom, France, India, Argentina, and Colombia
Pages: 57","Company name: Helmerich & Payne
Company sector: Oil and Gas Industry
Company location: Headquarters in Oklahoma, USA with operations in various locations including United Kingdom, France, India, Argentina, and Colombia
Pages: 57","Company name: Helmerich & Payne
Company sector: Oil and Gas Industry
Company location: Headquarters in Oklahoma, USA with operations in various locations including United Kingdom, France, India, Argentina, and Colombia
Pages: 57","Company name: Helmerich & Payne
Company sector: Oil and Gas Industry
Company location: Headquarters in Oklahoma, USA with operations in various locations including United Kingdom, France, India, Argentina, and Colombia
Pages: 57","Company name: Helmerich & Payne
Company sector: Oil and Gas Industry
Company location: Headquarters in Oklahoma, USA with operations in various locations including United Kingdom, France, India, Argentina, and Colombia
Pages: 57","Company name: Helmerich & Payne
Company sector: Oil and Gas Industry
Company location: Headquarters in Oklahoma, USA with operations in various locations including United Kingdom, France, India, Argentina, and Colombia
Pages: 57"
,tcfd_1,tcfd_2,tcfd_3,tcfd_4,tcfd_5,tcfd_6,tcfd_7,tcfd_8,tcfd_9,tcfd_10,tcfd_11
ANSWER,"The Board of Directors oversees climate-related risks and opportunities, with input from management, and receives a quarterly report on sustainability matters. The Audit Committee oversees risk assessment and management, including climate-related risks, and monitors internal controls on climate-related metrics. The Human Resources Committee evaluates compensation plans, including sustainability goals related to the environment. The Nominating and Corporate Governance Committee reviews Board composition and implements employment practices. The Board has identified climate-related risks and opportunities that underpin its climate strategy and quantitative scenario analysis.","The Board oversees the review of climate-related risks and opportunities, and management plays a role in identifying, assessing, and managing these risks. The organization employs a comprehensive approach to climate change, which is overseen at the Board level and with Board specific committees addressing topics relevant to their duties. The report outlines identified climate-related risks and opportunities, but lacks concrete data on metrics used to assess them.","Helmerich & Payne has identified transition to a low-carbon economy, regulatory risks, operational and incident-based risks, and physical risks as the most relevant climate-related risks. The company has also identified commercial-venture new energies businesses as a climate-related opportunity. The report does not clearly associate risks with a horizon, and some statements lack concrete data.","Helmerich & Payne acknowledges climate-related risks and opportunities, including transition to a low-carbon economy, regulatory risks, operational and incident-based risks, and physical risks. The company has identified corresponding potential financial impacts and strategies for mitigation and opportunity capitalization. However, the report lacks concrete data and relies on vague statements, and it is unclear how the company plans to address these risks and opportunities.","The report mentions that Helmerich & Payne has identified climate-related risks, including physical risks, and has integrated them into their ERM. The report also states that the company has performed a quantitative scenario analysis to test their business's resiliency, including a 2°C or lower scenario. However, the report lacks concrete data on the company's strategy and its resilience in different climate-related scenarios.","The report states that the organization identifies and assesses climate-related risks through a comprehensive approach overseen at the Board level and with Board specific committees addressing topics relevant to their duties. The identified climate-related risks, which have been fully integrated into the ERM, include transition to a low-carbon economy, regulatory risks, operational and incident-based risks, and physical risks. The report also discloses the metrics used to assess climate-related risks and opportunities in line with its strategy and risk management process.","The report outlines the identified climate-related risks and opportunities, which are integrated into the organization's broader business strategy. The Board oversees the management of climate-related risks and opportunities, and cross-functional teams provide oversight. The report also provides an outline of each risk, the corresponding potential financial impacts, and examples of strategies that may assist in mitigation. However, the report lacks concrete data on the effectiveness of these strategies.","The report states that the organization employs a comprehensive approach to climate change, overseen at the Board level and with cross-functional oversight through various teams. The identified climate-related risks are integrated into the ERM and underpinned by quantitative scenario analysis. However, the report lacks specific information on how the processes for identifying, assessing, and managing climate-related risks are integrated into the organization's overall risk management.","Helmerich & Payne discloses the metrics used to assess climate-related risks and opportunities, as well as the targets used to manage them. The organization identifies climate-related risks and opportunities, including transition to a low-carbon economy, regulatory risks, operational and incident-based risks, and physical risks. Management's role in assessing and managing climate-related risks and opportunities is also described. However, the report lacks concrete data and examples of how the organization is mitigating these risks and capitalizing on opportunities.""","Yes, Helmerich & Payne discloses its Scope 1 and Scope 2 GHG emissions. However, there is no mention of Scope 3 emissions. The report identifies the risks associated with GHG emissions, including regulatory risks, reputational risks, and physical risks such as extreme weather events. The report lacks specific figures on GHG emissions.","The report does not provide specific targets used by Helmerich & Payne to manage climate-related risks and opportunities, but it mentions that the Board oversaw the review of climate-related risks and opportunities, leveraging internal stakeholder feedback from members across the organization. The report also highlights the identified climate-related risks, which have been fully integrated into the company's ERM, including transition to a low-carbon economy, regulatory risks, operational and incident-based risks, and physical risks. However, the report lacks concrete data on the company's performance against these risks and opportunities."
SOURCES,"[116, 117, 121, 122, 138, 393, 456, 457, 458, 468, 469]","[138, 457, 458, 468, 469, 471, 121, 170, 171, 185, 393, 394, 456, 487, 125, 136, 143, 491, 116]","[27, 138, 143, 144, 170, 171, 393, 456, 457, 458, 459, 468, 469, 470]","[138, 143, 142, 171, 394, 456, 457, 458, 468, 469, 470]","[394, 138, 468, 170, 456, 165, 167, 185, 143]","[456, 457, 458, 468, 469, 470]","[138, 468, 171, 394, 469, 172, 467]","[456, 457, 468, 394, 171, 121, 469]","[456, 457, 458, 459, 468, 469, 470, 493, 171, 172, 170, 185, 138, 121, 122, 394, 490, 116, 117, 102, 56, 103, 2, 102, 29, 102, 30, 102, 31]","[459, 478, 457, 74, 458, 35, 456, 530, 544, 531, 497, 490, 122, 522, 98, 415, 468]","[27, 28, 138, 394, 456, 457, 458, 459, 468, 469, 470]"
PAGE,"[16, 50, 43, 14]","[43, 14, 15, 16, 50, 19, 51, 20, 52]","[5, 43, 16, 50, 19]","[16, 43, 50, 19]","[43, 16, 50, 19, 18, 20]",[50],"[16, 43, 50, 19]","[19, 50, 43, 14]","[1, 6, 9, 43, 13, 14, 16, 50, 19, 52, 20]","[6, 11, 12, 14, 46, 50, 51, 52, 53, 55, 56]","[5, 6, 43, 16, 50]"
ANALYSIS,"The report provides a detailed discussion of the board's oversight of climate-related risks and opportunities. It describes the processes and frequency by which the board and/or board committees are informed about climate-related issues. The report also indicates that the board and/or board committees consider climate-related issues when reviewing and guiding strategy, major plans of action, risk management policies, annual budgets, and business plans. Additionally, the report explains how the board monitors and oversees progress against goals and targets for addressing climate-related issues. Overall, the report meets all the requirements for high-quality disclosure pertaining to the critical element of how the company's board oversees climate-related risks and opportunities.","The report provides some information on management's role in assessing and managing climate-related risks and opportunities. It describes the organizational structure and processes for managing climate-related risks, and the metrics used to assess them. The report also mentions that the Board oversees the review of climate-related risks and opportunities and practices cross-functional oversight of climate change through various teams and committees. However, the report lacks specific details on whether management-level positions or committees have been assigned climate-related responsibilities, and whether those responsibilities include assessing and/or managing climate-related issues. Therefore, the report partially meets the TCFD guidelines for high-quality disclosure pertaining to the TCFD recommendation point.","The sustainability report provides a comprehensive description of the climate-related risks and opportunities that the organization has identified over the short, medium, and long term. The report includes a description of the relevant time horizons, specific climate-related issues, and the process used to determine which risks and opportunities could have a material financial impact on the organization. The report also provides a description of the risks and opportunities by sector and/or geography, as appropriate. However, the report lacks specific details on the metrics used by the organization to assess climate-related risks and opportunities in line with its strategy and risk management process. Overall, the report meets most of the requirements, and the score is 90 out of 100.","The sustainability report provides some information on how climate-related risks and opportunities impact the organization's businesses strategy, economic and financial performance, and financial planning. The report identifies climate-related risks and opportunities and provides some examples of strategies to mitigate risks and capitalize on opportunities. However, the report lacks specific details on the impact of climate-related issues on the organization's financial performance and financial position. The report also does not describe how climate-related issues serve as an input to the organization's financial planning process, the time period used, and how these risks and opportunities are prioritized. Overall, the report provides some information on the TCFD recommendation point, but it lacks specific details and does not fully meet the TCFD guidelines.","The sustainability report provides some information on the organization's resilience to climate-related risks and opportunities, including a 2°C or lower scenario. The report discusses the identified climate-related risks and opportunities, which have been fully integrated into the organization's ERM. The report also describes the organization's processes for managing climate-related risks and opportunities. However, the report lacks specific details on how the organization's strategies might change to address potential risks and opportunities, the potential impact of climate-related issues on financial performance and financial position, and the climate-related scenarios and associated time horizon considered. Overall, the report provides some information on the organization's resilience to climate-related risks and opportunities, but it lacks specific details on some of the TCFD guidelines.","The sustainability report provides a comprehensive description of the organization's processes for identifying and assessing climate-related risks. The report describes the risk management processes for identifying and assessing climate-related risks, including how the organization determines the relative significance of climate-related risks in relation to other risks. The report also discloses the processes for assessing the potential size and scope of identified climate-related risks and definitions of risk terminology used. However, the report does not provide specific details on whether the organization considers existing and emerging regulatory requirements related to climate change as well as other relevant factors considered. Overall, the report meets most of the requirements, but some areas could be more detailed.","The disclosure provides a comprehensive description of the organization's processes for managing climate-related risks. The report describes the organization's processes for identifying, assessing, and managing climate-related risks, including how they make decisions to mitigate, transfer, accept, or control those risks. The report also describes the organization's processes for prioritizing climate-related risks, including how materiality determinations are made within their organizations. The report provides details on the metrics used by the organization to assess climate-related risks and opportunities in line with its strategy and risk management process. The report also describes the impact of climate-related risks and opportunities on the organization's businesses, strategy, and financial planning. However, the report does not provide details on the resilience of the organization's strategy, taking into consideration different climate-related scenarios, including a 2°C or lower scenario.","The disclosure provides a comprehensive description of the organization's processes for identifying, assessing, and managing climate-related risks and how they are integrated into the overall risk management. The report describes the metrics used to assess climate-related risks and opportunities, management's role in assessing and managing climate-related risks and opportunities, and the impact of climate-related risks and opportunities on the organization's businesses, strategy, and financial planning. The report also describes the governance around climate-related risks and opportunities and the resilience of the organization's strategy, taking into consideration different climate-related scenarios. Overall, the disclosure meets all the requirements and provides sufficient details to assess the quality of the organization's processes for identifying, assessing, and managing climate-related risks.","The sustainability report provides some information on the metrics used to assess climate-related risks and opportunities. The report mentions the identification of climate-related risks and opportunities, the processes for managing climate-related risks, and the resilience of the organization's strategy. However, the report lacks specific details on the metrics used to measure and manage climate-related risks and opportunities, and how they help ensure that the performance is in line with its strategy and risk management process. The report does not provide metrics on climate-related risks associated with water, energy, land use, and waste management. The report does not describe whether and how related performance metrics are incorporated into remuneration policies. The report does not provide internal carbon prices as well as climate-related opportunity metrics such as revenue from products and services designed for a low-carbon economy. The report does not provide forward-looking metrics for the cross-industry, consistent with their business or strategic planning time horizons. The report does not provide a description of the methodologies used to calculate or estimate climate-related metrics.","The sustainability report partially satisfies the TCFD recommendation point. The report discloses Scope 1 and Scope 2 GHG emissions, but it is unclear if Scope 3 emissions have been disclosed. The report mentions the GHG Protocol methodology, but it is not clear if the emissions have been calculated in line with it. The report provides historical data for trend analysis, but it is not clear if the emissions have been provided independent of a materiality assessment. The report mentions industry-specific GHG efficiency ratios, but it is not clear if they have been provided. The report mentions related risks, but it is not clear if they differ depending on the scope. Overall, the report lacks specificity and clarity, and the score is 60.","The sustainability report provides some information on the targets used by the organization to manage climate-related risks and opportunities and performance against targets. The report mentions the identification of climate-related risks and opportunities, but it does not provide specific details on the targets used to manage these risks and opportunities. The report does not disclose the metrics used to assess climate-related risks and opportunities, nor does it provide information on the time frames over which the targets apply, the base year from which progress is measured, or the key performance indicators used to assess progress against targets. The report does not disclose associated interim targets in aggregate or by business line, where available. Overall, the disclosure is insufficient to meet the TCFD guidelines."
SCORE,100,75,90,60,70,85,90,100,40,60,30
