,"Company name: Azure Power India Private Limited
Company sector: Renewable Energy
Company location: New Delhi, India
Pages: 81","Company name: Azure Power India Private Limited
Company sector: Renewable Energy
Company location: New Delhi, India
Pages: 81","Company name: Azure Power India Private Limited
Company sector: Renewable Energy
Company location: New Delhi, India
Pages: 81","Company name: Azure Power India Private Limited
Company sector: Renewable Energy
Company location: New Delhi, India
Pages: 81","Company name: Azure Power India Private Limited
Company sector: Renewable Energy
Company location: New Delhi, India
Pages: 81","Company name: Azure Power India Private Limited
Company sector: Renewable Energy
Company location: New Delhi, India
Pages: 81","Company name: Azure Power India Private Limited
Company sector: Renewable Energy
Company location: New Delhi, India
Pages: 81","Company name: Azure Power India Private Limited
Company sector: Renewable Energy
Company location: New Delhi, India
Pages: 81","Company name: Azure Power India Private Limited
Company sector: Renewable Energy
Company location: New Delhi, India
Pages: 81","Company name: Azure Power India Private Limited
Company sector: Renewable Energy
Company location: New Delhi, India
Pages: 81","Company name: Azure Power India Private Limited
Company sector: Renewable Energy
Company location: New Delhi, India
Pages: 81"
,tcfd_1,tcfd_2,tcfd_3,tcfd_4,tcfd_5,tcfd_6,tcfd_7,tcfd_8,tcfd_9,tcfd_10,tcfd_11
ANSWER,"The Board oversees climate-related risks and opportunities through regular risk reporting from projects and functions, quarterly review of the entire risk picture, and approval of projects and geographical locations of CSR activities. The Head of SHES reports directly to the CEO at least bi-monthly, and all climate-related issues are identified and discussed during these meetings. However, the report lacks specific details on the Board's direct responsibilities and actions pertaining to climate issues.","The management of Azure Power India Private Limited is responsible for identifying, reporting, and actively managing climate-related risks and opportunities. The Head of Operations & Maintenance monitors the implementation of climate-related mitigation initiatives and reports to the COO and CEO. The Board of Directors reviews the assessment of potential financial impacts of various risks, and the Executive Management Team performs an annual review of risks based on regular risk reporting from the projects and functions. All projects report status on risk management, which is regularly reviewed by both the top management team and the Board.","Azure Power India Private Limited has identified climate-related risks and opportunities related to the development, construction, and operation of each solar project. The company monitors the implementation of climate-related mitigation initiatives and environmental impact reduction is part of the bonus determination for various senior management. Azure Power has committed to evaluating its progress towards sustainability by reporting its carbon emission to the Carbon Disclosure Project  beginning in August 2020.","Azure Power India Private Limited actively manages climate-related risks and opportunities through quarterly risk reviews, monitoring of climate-related mitigation initiatives, and reporting to the CEO and COO. The company also evaluates progress towards sustainability by reporting carbon emissions to the Carbon Disclosure Project and following the International Finance Corporation's Performance Standards for risk assessment. However, the report lacks specific data on the financial impact of climate-related risks and opportunities on the company's strategy and performance.","The report does not provide sufficient information to determine the resilience of Azure Power India Private Limited's strategy when considering different climate-related scenarios, including a 2°C target or lower scenario. However, the report mentions that the Head of Operations & Maintenance monitors the implementation of climate-related mitigation initiatives, and environmental impact reduction is part of the bonus determination for various senior management. The report also states that Azure Power collaborates with institutes in the solar industry to help drive policies and implement best practices in sustainability.","Azure Power India Private Limited identifies and assesses climate-related risks through a risk review matrix applied to all key risks for the company, which are assessed and mitigation discussed. At a project level, risks are identified, reported, and actively managed through all phases of the projects, including defining potential impact in terms of financial, reputational, or organizational impact measures. The company also follows a six-step rapid cumulative impact assessment to anticipate environmental and social risks posed by its activities and avoid, minimize, and compensate for such impacts as necessary.","Azure Power India actively manages climate-related risks by identifying, reporting, and mitigating risks through all phases of solar projects. The Head of Operations & Maintenance monitors climate-related mitigation initiatives and reports to the COO and CEO. Environmental impact reduction is part of senior management's bonus determination and KPIs. The company follows IFC Performance Standards to identify and mitigate environmental and social risks. Azure Power also participates in carbon offset programs and tracks scope 3 emissions.","Azure Power India Private Limited integrates climate-related risks into its overall risk management through a comprehensive framework for defining, classifying, and managing financial and non-financial risks. The company follows the IFC Performance Standards to identify and mitigate environmental and social risks. The Head of Operations & Maintenance monitors the implementation of climate-related mitigation initiatives, and environmental impact reduction is part of the bonus determination for various senior management. The company also evaluates its progress towards sustainability by reporting its carbon emissions to the Carbon Disclosure Project  and joining the Task Force on Climate-related Financial Disclosures  and the United Nations Global Compact.","Azure Power India Private Limited reports that they monitor the implementation of climate-related mitigation initiatives, and environmental impact reduction is part of the bonus determination for various senior management. They follow the International Finance Corporation's Performance Standards to assess impact risks. They also report their carbon emissions to the Carbon Disclosure Project. However, the report lacks specific metrics used to assess climate-related risks and opportunities.","Yes, Azure Power India Private Limited discloses its Scope 1, Scope 2, and Scope 3 GHG emissions. However, the report only provides data for FY 2019-20. The related risks are not specified in the report.""","Azure Power India Private Limited monitors the implementation of climate-related mitigation initiatives and reduction targets, which are part of the bonus determination for senior management. The company reports its carbon emissions to the Carbon Disclosure Project and plans to make voluntary and consistent climate-related financial risk disclosures under the Task Force on Climate-related Financial Disclosures. However, the report lacks specific targets for quantifying climate-related risks and opportunities."
SOURCES,"[122, 126, 124, 119, 125, 127, 5, 118, 4, 75, 115, 116, 120, 163, 84]","[121, 122, 124, 125, 126, 127]","[126, 121, 125, 4]","[121, 125, 126, 4, 31, 41, 43, 120, 129, 163, 337]","[125, 31, 77]","[121, 124, 125, 126, 127, 128, 129]","[124, 125, 127, 120, 116, 120]","[119, 120, 125, 126, 127, 4, 5, 121]","[125, 126, 4, 127]","[1, 2, 3, 2019, 20, 305, 1, 305, 2, 305, 3, 323]","[125, 4, 5]"
PAGE,"[2, 39, 15, 19, 27, 29, 30]","[29, 30]","[2, 29, 30]","[2, 6, 7, 8, 39, 77, 29, 30]","[15, 30, 6]","[29, 30]","[27, 29, 30]","[2, 29, 30]","[2, 30]","[1, 2, 67, 3, 73]","[2, 30]"
ANALYSIS,"The disclosure provides some information on the board's oversight of climate-related risks and opportunities. It mentions that the board is informed about climate-related issues, and that the CSR committee formulates plans with performance objectives, risk management policies, and sets a budget for investments to accomplish the plan. However, the disclosure lacks details on the frequency and processes by which the board is informed about climate-related issues, and whether the board considers climate-related issues when reviewing and guiding strategy, major plans of action, risk management policies, annual budgets, and business plans. Additionally, the disclosure does not provide information on how the board monitors and oversees progress against goals and targets for addressing climate-related issues. Overall, the disclosure is insufficient to meet the TCFD guidelines.","The disclosure provides some information on management's role in assessing and managing climate-related risks and opportunities. It mentions that the Head of Operations & Maintenance monitors climate-related mitigation initiatives and reports to the COO and CEO, and that various senior management have KPIs related to achieving milestones related to improved environmental impact efficiencies and reductions targets. The disclosure also mentions that the annual review of risks is performed by the Executive Management Team based on regular risk reporting from the projects and functions and reported to the Board of Directors. However, the disclosure lacks specific information on whether the organization has assigned climate-related responsibilities to management-level positions or committees, the associated organizational structure, and processes by which management is informed about climate-related issues. Therefore, the disclosure partially meets the requirements and scores 60 out of 100.","The sustainability report provides some information on climate-related risks and opportunities, but it falls short of meeting the TCFD guidelines. The report does not provide a clear description of the relevant short-, medium-, and long-term time horizons, nor does it identify specific climate-related issues that could have a material financial impact on the organization. The report does mention a process for determining which risks and opportunities could have a material financial impact on the organization, but it lacks detail. The report could benefit from providing a description of risks and opportunities by sector and/or geography. Overall, the report lacks specificity and detail, making it difficult to assess the organization's approach to climate-related risks and opportunities.","The sustainability report provides some information on how climate-related risks and opportunities impact the organization's businesses strategy, economic and financial performance, and financial planning. The report discusses the identification, reporting, and management of risks related to the development, construction, and operation of each solar project. It also mentions the monitoring of climate-related mitigation initiatives and environmental impact reduction. However, the report lacks specific details on the impact of climate-related issues on the organization's financial performance and financial position. It does not describe how climate-related issues serve as an input to their financial planning process, the time period used, and how these risks and opportunities are prioritized. The report also does not describe the organization's plans for transitioning to a low-carbon economy.","The sustainability report provides limited information on the resilience of the organization's strategy to climate-related risks and opportunities. While the report mentions that risks are identified and managed, it does not provide specific details on how the organization's strategy would change to address potential risks and opportunities. Additionally, the report does not discuss the potential impact of climate-related issues on financial performance and position. The report does not mention any climate-related scenarios considered. Overall, the report lacks the necessary components for high-quality disclosure pertaining to the critical element.","The disclosure provides some information on the organization's processes for identifying and assessing climate-related risks. The report mentions that risks are identified, reported, and actively managed through all phases of the projects, and that a quarterly review of the entire risk picture is conducted by the Board. However, the report lacks details on how the organization determines the relative significance of climate-related risks in relation to other risks, and whether they consider existing and emerging regulatory requirements related to climate change. The report also does not disclose the processes for assessing the potential size and scope of identified climate-related risks and definitions of risk terminology used or references to existing risk classification frameworks used. Overall, the disclosure is insufficient in meeting the TCFD guidelines.","The disclosure provides some information on how the organization manages climate-related risks. The report mentions that risks are identified, reported, and actively managed through all phases of the projects, and that the Head of Operations & Maintenance monitors the implementation of climate-related mitigation initiatives. The report also states that the organization follows the IFC Performance Standards to identify and mitigate environmental and social risks. However, the report lacks details on how the organization prioritizes climate-related risks and makes materiality determinations. The report also does not provide information on how the organization makes decisions to mitigate, transfer, accept, or control climate-related risks. Overall, the disclosure is insufficient in meeting the TCFD guidelines.","The sustainability report provides some information on how the organization integrates processes for identifying, assessing, and managing climate-related risks into its overall risk management. The report mentions that risks are identified, reported, and actively managed through all phases of the projects, and that a quarterly review of the entire risk picture is performed. The report also states that the company applies a risk review matrix to assess all key risks and that all projects report status on risk management, which are regularly reviewed by both the top management team and the Board. However, the report lacks specific details on how the organization integrates climate-related risks into its overall risk management, and it does not provide a comprehensive description of the processes for identifying, assessing, and managing climate-related risks.","The given disclosure provides limited information on the metrics used to assess climate-related risks and opportunities. While the report mentions that environmental impact reduction is part of the bonus determination for various senior management, it does not provide any specific metrics or targets. The report also mentions that risks are identified, reported, and actively managed through all phases of the projects, but it does not provide any details on the metrics used to measure and manage these risks. The report does mention that the company started reporting its carbon emissions to the Carbon Disclosure Project  in August 2020, but it does not provide any other forward-looking metrics. Overall, the disclosure does not meet most of the requirements outlined for this critical element.","The sustainability report provides a comprehensive disclosure of Scope 1 and Scope 2 GHG emissions, and a partial disclosure of Scope 3 GHG emissions. The report mentions that the organization will include emissions from purchased goods and services in the next fiscal year. However, the report lacks details on the methodologies used to calculate or estimate the metrics. The report also fails to provide related, generally accepted industry-specific GHG efficiency ratios. The report provides historical data for trend analysis. The report mentions the related risks, but the disclosure lacks details on how the risks differ depending on the scope. Overall, the report partially meets the requirements for high-quality disclosure pertaining to the critical element.","The sustainability report provides limited information on the targets used by the organization to manage climate-related risks and opportunities and performance against targets. The report mentions that the implementation of climate-related mitigation initiatives is monitored and reported to the COO and CEO, and that environmental impact reduction is part of the bonus determination for various senior management. The report also mentions that the company started reporting its carbon emissions to the Carbon Disclosure Project  and is in the process of joining the Task Force on Climate-related Financial Disclosures  and the United Nations Global Compact. However, the report does not provide specific details on the targets, such as whether they are absolute or intensity-based, time frames, base year, and key performance indicators used to assess progress against targets. Therefore, the report does not fully meet the TCFD guidelines."
SCORE,40,60,40,50,20,40,40,60,30,70,40
