,"Company name: Anixter International
Company sector: Electrical and Electronic Manufacturing
Company location: Glenview, Illinois
Pages: 41","Company name: Anixter International
Company sector: Electrical and Electronic Manufacturing
Company location: Glenview, Illinois
Pages: 41","Company name: Anixter International
Company sector: Electrical and Electronic Manufacturing
Company location: Glenview, Illinois
Pages: 41","Company name: Anixter International
Company sector: Electrical and Electronic Manufacturing
Company location: Glenview, Illinois
Pages: 41","Company name: Anixter International
Company sector: Electrical and Electronic Manufacturing
Company location: Glenview, Illinois
Pages: 41","Company name: Anixter International
Company sector: Electrical and Electronic Manufacturing
Company location: Glenview, Illinois
Pages: 41","Company name: Anixter International
Company sector: Electrical and Electronic Manufacturing
Company location: Glenview, Illinois
Pages: 41","Company name: Anixter International
Company sector: Electrical and Electronic Manufacturing
Company location: Glenview, Illinois
Pages: 41","Company name: Anixter International
Company sector: Electrical and Electronic Manufacturing
Company location: Glenview, Illinois
Pages: 41","Company name: Anixter International
Company sector: Electrical and Electronic Manufacturing
Company location: Glenview, Illinois
Pages: 41","Company name: Anixter International
Company sector: Electrical and Electronic Manufacturing
Company location: Glenview, Illinois
Pages: 41"
,tcfd_1,tcfd_2,tcfd_3,tcfd_4,tcfd_5,tcfd_6,tcfd_7,tcfd_8,tcfd_9,tcfd_10,tcfd_11
ANSWER,The sustainability report does not provide any specific information on how the company's board oversees climate-related risks and opportunities. There is no mention of the board's direct involvement in climate issues.,"Anixter's sustainability report does not provide clear information on the role of management in assessing and managing climate-related risks and opportunities. The report mainly focuses on the company's compliance with ISO standards, internal and external audits, and employee training on safety and policy modifications. There is no concrete data or quantifiable information on the company's efforts to address climate change.","Anixter International's sustainability report does not provide a clear identification of climate-related risks and opportunities over the short, medium, and long term. The report only mentions the company's corporate sustainability program, which aims to reduce energy use, minimize waste, and consume fewer materials and natural resources. However, the report lacks specific targets and timelines to measure the effectiveness of the program.","Anixter's sustainability report does not provide a clear and detailed analysis of how climate-related risks and opportunities impact the organization's business strategy, economic and financial performance, and financial planning. The report only mentions that the company balances environmental responsibility and return on investment and seeks to continuously improve business processes to control and reduce the impact associated with its targeted environmental aspects.","The report does not provide sufficient information to determine the resilience of Anixter International's strategy when considering different climate-related scenarios, including a 2°C target or lower scenario, or when considering climate physical risks. The report only mentions Anixter's corporate sustainability program, which seeks to improve business processes to control and reduce the impact associated with its targeted environmental aspects. However, the report does not provide any specific information on how Anixter's strategy would respond to different climate-related scenarios or physical risks.","The report does not provide specific information on the processes used by Anixter International to identify and assess climate-related risks. However, it mentions that the Ethics & Compliance Office, along with the EMEA and APAC regional compliance officers and their respective regional compliance committees, conducted a bribery and corruption risk assessment focused on these regions. The assessments included reviews of business practices of the regional subsidiaries. The results of the assessments will be reported to the Executive Compliance Committee.","Anixter International manages climate-related risks through continuous location management education, equipment safety training, electronic notification and mandatory staff training on policy modifications, certification or compliance to ISO 14001:2004 Environmental Management System and OHSAS 18001 International Occupational Health and Safety Management System, and advancing the use of technology to help fulfill environmental obligations. The company also reduces energy use, minimizes waste, and consumes fewer materials and natural resources by increasing recycled content in consumables while simultaneously pursuing source reduction strategies. However, the report lacks specific and quantifiable data to support the effectiveness of these measures.","The sustainability report does not provide specific information on how the processes for identifying, assessing, and managing climate-related risks are integrated into the organization's overall risk management. However, the report mentions that Anixter seeks to continuously improve business processes to control and reduce the impact associated with its targeted environmental aspects of energy, waste, materials, and natural resources and transportation. The report also highlights the company's compliance with ISO 14001:2004 Environmental Management System and OHSAS 18001 International Occupational Health and Safety Management System.","Anixter International's sustainability report does not provide specific metrics used to assess climate-related risks and opportunities. The report mentions that the company seeks to continuously improve business processes to control and reduce the impact associated with its targeted environmental aspects of energy, waste, materials, natural resources, and transportation. However, the report lacks concrete data to verify the effectiveness of the company's sustainability efforts.","Anixter's sustainability report does not disclose its Scope 1, Scope 2, and Scope 3 greenhouse gas emissions. No specific figures or data are provided. The report only mentions reducing energy use, minimizing waste, and consuming fewer materials and natural resources. The report does not provide any specific risks related to GHG emissions.","Anixter International's sustainability report does not provide specific targets for understanding/quantifying/benchmarking climate-related risks and opportunities. The report only highlights the company's efforts to reduce its environmental impact through its corporate sustainability program, which targets measurable results within each environmental aspect. No information is provided on the organization's performance against these targets."
SOURCES,[173],"[41, 44, 145, 154, 176, 197, 155, 135, 56, 48, 104, 6, 190, 2, 1, 45]","[7, 15, 50]","[1, 48]","[14, 48]",[186],"[41, 44, 48, 50, 145]","[41, 44, 48, 49, 90, 135, 145, 154, 164, 185, 186, 187, 189, 190, 194, 155]","[14, 48, 50, 135, 145, 154, 185, 186, 187, 189, 190, 197]","[48, 50, 155]","[14, 48, 50]"
PAGE,[35],"[32, 1, 2, 35, 3, 37, 39, 11, 12, 13, 15, 21, 28, 29, 31]","[3, 5, 14]","[1, 13]","[13, 5]",[36],"[11, 12, 13, 14, 29]","[32, 34, 36, 37, 11, 12, 13, 19, 28, 29, 31]","[36, 5, 37, 39, 13, 14, 28, 29, 31]","[32, 13, 14]","[13, 5, 14]"
ANALYSIS,"The sustainability report does not provide sufficient information on how the company's board oversees climate-related risks and opportunities. The report does not discuss the processes and frequency by which the board and/or board committees are informed about climate-related issues. There is no mention of whether the board and/or board committees consider climate-related issues when reviewing and guiding strategy, major plans of action, risk management policies, annual budgets, and business plans. The report also does not provide information on how the board monitors and oversees progress against goals and targets for addressing climate-related issues. The report only mentions the Audit Committee of the Board of Directors overseeing the global Compliance program, including the anti-bribery and corruption program.","The sustainability report does not provide any information on management's role in assessing and managing climate-related risks and opportunities. The report does not mention whether the organization has assigned climate-related responsibilities to management-level positions or committees, nor does it describe the associated organizational structure. The report also does not provide any information on the processes by which management is informed about climate-related issues or how management monitors climate-related issues. As a result, the report does not meet any of the requirements for high-quality disclosure pertaining to the critical element of management's role in assessing and managing climate-related risks and opportunities.","The sustainability report does not provide any information on the most relevant climate-related risks and opportunities that the organization has identified over the short, medium, and long term. The report does not meet any of the requirements outlined for this critical element. Instead, the report focuses on the company's corporate responsibility programs, environmental compliance, and sustainability goals. While these are important aspects of sustainability reporting, they do not provide the necessary information to assess the company's climate-related risks and opportunities.","The given disclosure does not satisfy the requirements for the critical element. The report does not provide any information on how climate-related risks and opportunities impact the organization's business strategy, economic and financial performance, and financial planning. The report only discusses the company's sustainability program and its accomplishments in reducing energy use, minimizing waste, and leveraging environmentally friendly technologies. The report does not provide any information on how climate-related issues serve as an input to their financial planning process, the time period used, and how these risks and opportunities are prioritized. The report also does not describe the impact of climate-related issues on their financial performance and financial position. The report does not describe their plans for transitioning to a low-carbon economy.","The sustainability report of Anixter does not provide any information on the resilience of the organization's strategy when considering different climate-related scenarios, including a 2°C target or lower scenario. The report does not discuss how the organization's strategies might change to address potential risks and opportunities. There is no information on the potential impact of climate-related issues on financial performance and financial position. The report does not mention any climate-related scenarios and associated time horizon considered. The report only provides information on the company's efforts to reduce energy use, minimize waste, and control and reduce the impact associated with its targeted environmental aspects. Therefore, the report does not meet the requirements for high-quality disclosure pertaining to the critical element.",The given disclosure does not satisfy the requirements for identifying and assessing climate-related risks. The disclosure does not provide any information on how the organization determines the relative significance of climate-related risks in relation to other risks. There is no mention of existing and emerging regulatory requirements related to climate change. The disclosure does not provide any information on the processes for assessing the potential size and scope of identified climate-related risks or definitions of risk terminology used or references to existing risk classification frameworks used. The information provided in the disclosure is not relevant to the critical element of identifying and assessing climate-related risks.,"The sustainability report does not provide sufficient information on how the organization manages climate-related risks. The report does not describe the organization's processes for managing climate-related risks, including how they make decisions to mitigate, transfer, accept, or control those risks. Additionally, the report does not describe the organization's processes for prioritizing climate-related risks, including how materiality determinations are made within their organizations. The report only provides information on the organization's sustainability program, which focuses on reducing the impact associated with its targeted environmental aspects of energy, waste, materials, natural resources, and transportation. The report also mentions the organization's compliance with ISO 14001:2004 Environmental Management System. However, this information is not sufficient to meet the requirements for high-quality disclosure on the management of climate-related risks.","The given disclosure does not provide any information on how the processes for identifying, assessing, and managing climate-related risks are integrated into the organization's overall risk management. The report mainly focuses on the company's compliance with ISO standards, anti-corruption program, and health and safety measures. Although the report mentions the company's corporate sustainability program, it does not provide any specific details on how the program addresses climate-related risks. Therefore, the report does not meet the TCFD guidelines for high-quality disclosure pertaining to the TCFD recommendation point.","The sustainability report does not provide any information on the metrics used by the organization to assess climate-related risks and opportunities. There is no mention of any key metrics used to measure and manage climate-related risks and opportunities, nor are there any metrics consistent with the cross-industry. The report does not provide any information on climate-related risks associated with water, energy, land use, and waste management. There is no mention of whether and how related performance metrics are incorporated into remuneration policies. The report does not provide any internal carbon prices or climate-related opportunity metrics such as revenue from products and services designed for a low-carbon economy. The report does not provide any historical or forward-looking metrics for the cross-industry, nor does it describe the methodologies used to calculate or estimate climate-related metrics.","The sustainability report does not provide any information on the organization's Scope 1, Scope 2, and Scope 3 greenhouse gas  emissions. The report does not meet any of the requirements for high-quality disclosure pertaining to the critical element. The report does not provide any information on the related risks and how they differ depending on the scope. The report does not provide any information on the methodologies used to calculate or estimate the metrics. The report does not provide any historical data to allow for trend analysis. The report does not provide any industry-specific GHG efficiency ratios. The report does not consider disclosing Scope 3 GHG emissions.","The sustainability report does not provide any information on the targets used by the organization to manage climate-related risks and opportunities and performance against targets. The report only mentions the company's efforts to reduce energy use, minimize waste, and control and reduce the impact associated with its targeted environmental aspects. The report does not provide any information on whether the targets are absolute or intensity-based, time frames over which the target applies, base year from which progress is measured, and key performance indicators used to assess progress against targets. The report also does not provide any description of the methodologies used to calculate targets and measures. As a result, the report does not meet the requirements for high-quality disclosure pertaining to the critical element."
SCORE,10,0,0,0,0,0,10,0,0,0,0
