,"Company name: HF Sinclair
Company sector: Oil and Gas
Company location: 2828 North Harwood, Suite 1300  • Dallas TX, 75201-1507
Pages: 67","Company name: HF Sinclair
Company sector: Oil and Gas
Company location: 2828 North Harwood, Suite 1300  • Dallas TX, 75201-1507
Pages: 67","Company name: HF Sinclair
Company sector: Oil and Gas
Company location: 2828 North Harwood, Suite 1300  • Dallas TX, 75201-1507
Pages: 67","Company name: HF Sinclair
Company sector: Oil and Gas
Company location: 2828 North Harwood, Suite 1300  • Dallas TX, 75201-1507
Pages: 67","Company name: HF Sinclair
Company sector: Oil and Gas
Company location: 2828 North Harwood, Suite 1300  • Dallas TX, 75201-1507
Pages: 67","Company name: HF Sinclair
Company sector: Oil and Gas
Company location: 2828 North Harwood, Suite 1300  • Dallas TX, 75201-1507
Pages: 67","Company name: HF Sinclair
Company sector: Oil and Gas
Company location: 2828 North Harwood, Suite 1300  • Dallas TX, 75201-1507
Pages: 67","Company name: HF Sinclair
Company sector: Oil and Gas
Company location: 2828 North Harwood, Suite 1300  • Dallas TX, 75201-1507
Pages: 67","Company name: HF Sinclair
Company sector: Oil and Gas
Company location: 2828 North Harwood, Suite 1300  • Dallas TX, 75201-1507
Pages: 67","Company name: HF Sinclair
Company sector: Oil and Gas
Company location: 2828 North Harwood, Suite 1300  • Dallas TX, 75201-1507
Pages: 67","Company name: HF Sinclair
Company sector: Oil and Gas
Company location: 2828 North Harwood, Suite 1300  • Dallas TX, 75201-1507
Pages: 67"
,tcfd_1,tcfd_2,tcfd_3,tcfd_4,tcfd_5,tcfd_6,tcfd_7,tcfd_8,tcfd_9,tcfd_10,tcfd_11
ANSWER,"The HF Sinclair Board of Directors and its committees provide board-level oversight over climate-related risks and opportunities. The Nominating, Governance and Social Responsibility Committee discusses potential direct or indirect costs, including the impact of current and potential federal and state regulation of carbon emissions. The Executive Leadership Team has oversight of strategic risks and opportunities at the management level. However, the report lacks concrete data on the board's actions and responsibilities regarding climate issues.","HF Sinclair's Risk Management process and OEMS framework identify climate-related risks, including those resulting from regulatory change. The Risk Committee reviews these risks quarterly, and they are managed by each segment with corporate oversight. The Executive Leadership Team has oversight of strategic risks and opportunities at the management level. The Board of Directors has ultimate oversight responsibility for climate-related risks and opportunities, and additional oversight is provided by the Nominating, Governance and Social Responsibility Committee. HF Sinclair is investing in lower carbon alternatives to diversify its business, but there are increasing risks of litigation related to climate change effects.","HF Sinclair identifies physical risks resulting from climate change, including extreme weather events, and regulatory risks such as carbon emissions regulations. The company acknowledges the potential for increased demand for renewable fuels in the future. However, the report lacks specificity and quantifiable data, and some statements may be considered cheap talks.","HF Sinclair acknowledges climate-related risks and opportunities, including physical, regulatory, litigation, and financial risks. The company is investing in lower carbon alternatives to diversify its business, but its reliance on oil and gas remains. The report lacks concrete data and may contain greenwashing and cheap talks.","HF Sinclair acknowledges climate-related risks and opportunities and has established a risk management process to identify and manage them. The company is investing in lower carbon alternatives to diversify its business. However, the report lacks concrete data on the resilience of the company's strategy in different climate-related scenarios, including a 2°C target or lower scenario, and physical risks. The report also contains cheap talks and vague statements that may not reflect the company's true intentions or future actions.","HF Sinclair relies on its Risk Management process and OEMS framework to identify climate-related risks, which are reviewed quarterly by the Risk Committee. The company also incorporates environmental considerations into projects of all sizes and has established a risk management framework that includes climate-related risks. However, the report lacks specific details on the processes used to identify and assess climate-related risks.","HF Sinclair manages climate-related risks through its Risk Management process and OEMS framework. The Risk Committee reviews these risks quarterly, and they are managed by each segment with corporate oversight. The company is investing in lower carbon alternatives to diversify its business, and it has established an achievable net emissions intensity decrease and a reasonable timeline for achieving it. However, the report lacks concrete data on the company's progress towards these goals.","HF Sinclair integrates climate-related risks into its overall risk management through its Risk Management process and OEMS framework. The Risk Committee reviews these risks quarterly, and they are managed by each segment with corporate oversight. The Board of Directors and Executive Leadership Team oversee strategic risks and opportunities, including climate change-related risks. However, the report lacks concrete data on the integration of climate-related risks into the overall risk management.","HF Sinclair uses its Risk Management process and OEMS framework to identify climate-related risks, which are reviewed quarterly by the Risk Committee. The Executive Leadership Team has oversight of strategic risks and opportunities at the management level. The Board of Directors has ultimate oversight responsibility for climate-related risks and opportunities. The company incorporates environmental considerations into projects of all sizes and establishes Environmental Key Performance Indicators  to monitor and communicate to stakeholders.","HF Sinclair discloses its Scope 1 and Scope 2 GHG emissions, but there is no mention of Scope 3 emissions. The company has set a target to decrease its net emissions intensity by 25% by 2030, but it is unclear how it plans to achieve this. The report identifies regulatory risks and potential costs associated with emissions reduction, but lacks specific information on related risks. The report contains some cheap talks and vague statements.","HF Sinclair has not provided any specific targets to understand/quantify/benchmark climate-related risks and opportunities. However, the company has set a target to decrease its net emissions intensity by 25% by 2030, through offsets and reductions versus 2020 levels."
SOURCES,"[202, 204, 223, 222, 41, 44, 36, 47, 205, 217, 26, 37, 203, 214, 218]","[46, 61, 105, 138, 202, 204, 205, 206, 214, 215, 217, 218, 221, 222, 223]","[221, 222, 223, 204, 205, 206, 202, 214, 218, 24, 26, 129, 128, 149, 251, 44, 138]","[223, 222, 218, 204, 205, 217, 214, 221, 206, 202, 46, 201, 26, 215, 61, 208, 44, 216]","[221, 222, 205, 218, 206, 202, 217, 215, 4]","[61, 222, 223, 204, 218, 221, 201, 202, 206, 23, 138, 145, 149, 128, 129]","[223, 222, 204, 218, 46, 138, 202, 221, 206, 61, 47, 215, 44, 21, 214, 217, 36, 149, 26]","[223, 222, 46, 204, 138, 202, 218, 221, 206, 60, 201, 149, 105, 26, 21, 47, 215, 24, 37]","[223, 204, 202, 61, 46, 24, 26, 138, 206, 218, 205, 201, 44, 221, 232, 214, 105, 4, 21]","[24, 26, 118, 202, 204, 206, 209, 225, 226, 237, 258]",[217]
PAGE,"[11, 15, 16, 17, 18, 58, 59]","[32, 41, 18, 20, 58, 59]","[64, 38, 41, 11, 44, 17, 58, 59]","[11, 17, 18, 20, 58, 59]","[2, 58, 59]","[38, 41, 11, 43, 44, 20, 58, 59]","[41, 9, 11, 44, 15, 17, 18, 20, 58, 59]","[32, 41, 9, 11, 44, 16, 18, 19, 58, 59]","[32, 2, 41, 9, 11, 17, 18, 20, 58, 59, 61]","[64, 35, 11, 58, 60, 62]",[59]
ANALYSIS,"The sustainability report provides some information on the board's oversight of climate-related risks and opportunities. The report mentions that the full Board of Directors has ultimate oversight responsibility for climate-related risks and opportunities, and additional oversight is provided by Board Committees. The report also mentions that the Risk Committee reviews climate-related risks on a quarterly basis. However, the report does not provide specific details on how the board considers climate-related issues when reviewing and guiding strategy, major plans of action, risk management policies, annual budgets, and business plans. The report also does not provide information on how the board monitors and oversees progress against goals and targets for addressing climate-related issues. Overall, the disclosure is partially satisfactory.","The disclosure provides some information on management's role in assessing and managing climate-related risks and opportunities. It mentions that the Executive Leadership Team has oversight of strategic risks and opportunities, and that the Risk Management committee identifies and monitors such risks. The disclosure also states that the Board of Directors has ultimate oversight responsibility for climate-related risks and opportunities. However, the disclosure lacks specific details on the organizational structure, processes by which management is informed about climate-related issues, and how management monitors climate-related issues. Therefore, the disclosure partially meets the requirements for high-quality disclosure pertaining to the critical element of management's role in assessing and managing climate-related risks and opportunities.","The sustainability report provides some information on climate-related risks and opportunities, but it lacks specificity and detail. The report mentions that climate-related risks are included in the enterprise risk register and are reviewed quarterly by the Risk Committee. However, the report does not provide a clear description of the specific climate-related issues that could have a material financial impact on the organization over the short, medium, and long term. The report also does not describe the process used to determine which risks and opportunities could have a material financial impact on the organization. Overall, the report lacks the necessary components for high-quality disclosure pertaining to the critical element.","The sustainability report provides some information on how climate-related risks and opportunities impact the organization's businesses strategy, economic and financial performance, and financial planning. The report discusses the impact of climate-related risks on the company's business, financial condition, and operations. It also mentions the company's efforts to reduce its carbon footprint and invest in lower carbon alternatives. However, the report lacks specific details on how climate-related issues serve as an input to the company's financial planning process, the time period used, and how these risks and opportunities are prioritized. The report also does not describe the impact of climate-related issues on the company's financial performance and financial position. Overall, the report partially meets the TCFD guidelines for high-quality disclosure pertaining to the TCFD recommendation point.","The sustainability report provides some information on the organization's resilience to climate-related risks and opportunities. The report mentions that climate-related risks are included in the enterprise risk register and are reviewed quarterly by the Risk Committee. The report also discusses the potential impact of climate-related issues on financial performance and the climate-related scenarios considered. However, the report lacks specific details on how the organization's strategy might change to address potential risks and opportunities, and how resilient their strategies are to physical climate-related risks. The report also does not mention any scenarios consistent with a 2°C or lower scenario. Overall, the disclosure is insufficient in meeting the TCFD guidelines.","The sustainability report provides some information on the organization's processes for identifying and assessing climate-related risks. The report mentions that climate-related risks are included in the company's enterprise risk register and are reviewed quarterly by the Risk Committee. The report also notes that the Board of Directors and Executive Leadership Team are focused on managing risks related to climate change. However, the report does not provide specific details on how the organization determines the relative significance of climate-related risks in relation to other risks, or whether it considers existing and emerging regulatory requirements related to climate change. The report also does not disclose the processes for assessing the potential size and scope of identified climate-related risks or definitions of risk terminology used or references to existing risk classification frameworks used. Overall, the disclosure is insufficient and lacks specific details.","The disclosure provides some information on the organization's processes for managing climate-related risks. The report mentions that climate-related risks are included in the company's enterprise risk register and are reviewed quarterly by the Risk Committee. However, the report does not provide sufficient details on how the organization makes decisions to mitigate, transfer, accept, or control those risks. The report also lacks information on how materiality determinations are made within the organization. Therefore, while the disclosure provides some information on the organization's processes for managing climate-related risks, it does not fully satisfy the TCFD guidelines.","The disclosure provides some information on how the organization integrates climate-related risks into its overall risk management. The report mentions that climate-related risks are included in the enterprise risk register and are reviewed quarterly by the Risk Committee. However, the disclosure lacks specific details on the processes for identifying, assessing, and managing climate-related risks. The report does not provide information on how the organization assesses the significance of climate-related risks or how it evaluates changes in risk rating or risk controls. Overall, the disclosure provides some information on the integration of climate-related risks into the organization's overall risk management, but it lacks specific details on the processes for identifying, assessing, and managing these risks.","The sustainability report provides limited information on the metrics used to assess climate-related risks and opportunities. While the report mentions that climate-related risks are identified and managed through the Risk Management process, it does not provide any specific metrics or methodologies used to measure and manage these risks. The report also lacks information on whether and how related performance metrics are incorporated into remuneration policies. However, the report does mention the company's commitment to reducing its net emissions intensity by 25% by 2030, which is a forward-looking metric. Overall, the report provides some information on climate-related risks and opportunities, but it lacks the necessary details to meet most of the TCFD guidelines.","The sustainability report provides some information on GHG emissions, but it does not meet the TCFD guidelines for high-quality disclosure. The report discloses Scope 1 and Scope 2 GHG emissions, but it does not provide Scope 3 GHG emissions and the related risks. The report does not provide a description of the methodologies used to calculate or estimate the metrics. The report does not provide GHG efficiency ratios. The report does not provide historical data for trend analysis. The report does not calculate GHG emissions in line with the GHG Protocol methodology. Overall, the report lacks transparency and comparability, which are essential for investors to evaluate the company's sustainability performance.","The given disclosure lacks specific details on the targets used by the organization to manage climate-related risks and opportunities and performance against targets. While the report mentions the organization's goal to reduce GHG intensity, it does not provide any specific details on the target's time frame, base year, or key performance indicators. The report also fails to describe the methodologies used to calculate targets and measures. The report does mention the Task Force on Climate-related Financial Disclosures framework and the organization's risk management process, but it does not provide any specific details on the targets used. Overall, the disclosure does not meet the majority of the requirements for high-quality disclosure pertaining to the critical element."
SCORE,60,60,30,60,50,40,60,60,40,30,20
