,"Company name: ITT Inc.
Company sector: Transportation, Industrial, and Oil and Gas Markets
Company location: White Plains, New York
Pages: 36","Company name: ITT Inc.
Company sector: Transportation, Industrial, and Oil and Gas Markets
Company location: White Plains, New York
Pages: 36","Company name: ITT Inc.
Company sector: Transportation, Industrial, and Oil and Gas Markets
Company location: White Plains, New York
Pages: 36","Company name: ITT Inc.
Company sector: Transportation, Industrial, and Oil and Gas Markets
Company location: White Plains, New York
Pages: 36","Company name: ITT Inc.
Company sector: Transportation, Industrial, and Oil and Gas Markets
Company location: White Plains, New York
Pages: 36","Company name: ITT Inc.
Company sector: Transportation, Industrial, and Oil and Gas Markets
Company location: White Plains, New York
Pages: 36","Company name: ITT Inc.
Company sector: Transportation, Industrial, and Oil and Gas Markets
Company location: White Plains, New York
Pages: 36","Company name: ITT Inc.
Company sector: Transportation, Industrial, and Oil and Gas Markets
Company location: White Plains, New York
Pages: 36","Company name: ITT Inc.
Company sector: Transportation, Industrial, and Oil and Gas Markets
Company location: White Plains, New York
Pages: 36","Company name: ITT Inc.
Company sector: Transportation, Industrial, and Oil and Gas Markets
Company location: White Plains, New York
Pages: 36","Company name: ITT Inc.
Company sector: Transportation, Industrial, and Oil and Gas Markets
Company location: White Plains, New York
Pages: 36"
,tcfd_1,tcfd_2,tcfd_3,tcfd_4,tcfd_5,tcfd_6,tcfd_7,tcfd_8,tcfd_9,tcfd_10,tcfd_11
ANSWER,"ITT's Board of Directors has two committees with primary responsibility for sustainability-related topics. The Nominating & Governance Committee maintains an informed status on sustainability and assesses the effectiveness of ITT’s Environment, Safety, Health & Security program, the Ethics and Compliance program, Risk Center of Excellence activities, and charitable initiatives. The Governance of Sustainability Committee ensures that corporate responsibility and sustainability play an important role in ITT's business and operating strategies. ITT engages in stakeholder dialogue with the Sustainability Accounting Standards Board on topics of most material impact to its business and the environment, including energy, greenhouse gases, water, and waste.","ITT Inc. recognizes the importance of corporate responsibility and sustainability in their business and operating strategies. The Board of Directors is responsible for overseeing the risk management policies and practices, including climate-related risks and opportunities. However, the report lacks specific information on the role of management in assessing and managing climate-related risks and opportunities.","ITT Inc. has identified energy and greenhouse gas emissions, water and waste as the most material environmental issues. However, the report lacks specificity on the most relevant climate-related risks and opportunities over the short, medium, and long term. The report also lacks quantifiable data to support its claims.","ITT Inc. acknowledges the importance of sustainability and its impact on the company's performance. The Board of Directors has two committees responsible for sustainability-related topics. The company uses external guidelines and measurement frameworks to inform the scope of its reporting. However, the report lacks concrete data and specific actions to address climate-related risks and opportunities.","The report does not provide sufficient information to determine the resilience of ITT Inc.'s strategy in different climate-related scenarios or physical risks. The report only mentions that the company is committed to sustainability and has governance mechanisms in place to support sustainability efforts. However, there is no concrete data or specific actions mentioned to demonstrate the company's resilience to climate risks.","ITT Inc. uses several external guidelines and measurement frameworks, including the Sustainability Accounting Standards Board  and the United Nations Global Compact, to identify and assess climate-related risks. The company also has a Risk Center of Excellence  committee of senior leaders that oversees a comprehensive risk management system to identify, mitigate, and monitor the most critical enterprise risks on an ongoing basis.","ITT manages climate-related risks by employing a comprehensive risk management system overseen by the ITT Risk Center of Excellence. The committee identifies, mitigates, and monitors the most critical enterprise risks on an ongoing basis. ITT also engages in stakeholder dialogue with the Sustainability Accounting Standards Board on topics of most material impact to their business and the environment. However, the report lacks concrete data on the specific actions taken to manage climate-related risks.","The report mentions that ITT is improving its risk management process and managing risk more proactively each year. The Board of Directors is charged with oversight of the risk management policies and practices, and the ITT Risk Center of Excellence  oversees a comprehensive risk management system. However, the report lacks specific information on how climate-related risks are integrated into the overall risk management process.","ITT Inc. uses external guidelines and measurement frameworks such as SASB and UNGC to inform the scope of their reporting. They engage with stakeholders to gauge their interest in ESG performance and have two committees of the Board of Directors with primary responsibility for sustainability-related topics. They also engage in stakeholder dialogue with SASB on topics of most material impact to their business and the environment. However, the report lacks specific information on the metrics used to assess climate-related risks and opportunities and how they help ensure performance is in line with their strategy and risk management process.","ITT Inc. discloses its Scope 1 and Scope 2 greenhouse gas emissions, but there is no mention of Scope 3 emissions. The report highlights an increase in energy intensity due to acquisitions and new energy-intensive operations. However, the report lacks specific figures on emissions and risks related to GHG emissions.","The report does not provide specific targets used by ITT to understand/quantify/benchmark climate-related risks and opportunities. However, the report mentions that the company uses external guidelines and measurement frameworks such as the Sustainability Accounting Standards Board  and the United Nations Global Compact  to inform the scope of their reporting. The report also states that ITT intends to initiate a comprehensive review of their sustainability strategy in 2019 to further inform their key priorities and make progress toward future sustainability initiatives."
SOURCES,"[35, 39, 41, 50, 33]","[10, 39, 9, 35, 38, 40]","[2, 13, 18, 50, 105]","[40, 15, 13, 39, 10, 35, 53, 18, 50, 6, 8, 28, 38, 36, 130, 43, 3]","[15, 39, 18, 40, 50, 53, 130, 13, 28, 4, 7]","[13, 37, 38, 35]","[35, 36, 37, 50]","[35, 36, 37, 38]","[2, 3, 6, 8, 10, 13, 15, 18, 28, 35, 36, 37, 39, 40, 41, 46, 50, 53, 130, 144]","[2, 13, 15, 18, 67]","[13, 15, 18, 39, 50, 144]"
PAGE,"[8, 9, 12, 7]","[8, 9, 2]","[1, 3, 4, 12, 22]","[1, 2, 3, 4, 6, 8, 9, 10, 12, 27]","[1, 2, 3, 4, 6, 9, 12, 27]","[8, 3]","[8, 12]",[8],"[1, 2, 3, 4, 6, 8, 9, 11, 12, 27, 30]","[1, 3, 4, 15]","[3, 4, 9, 12, 30]"
ANALYSIS,"The sustainability report provides limited information on how the company's board oversees climate-related risks and opportunities. While the report mentions that two committees of the Board of Directors have primary responsibility for sustainability-related topics, it does not provide any specific details on how the board is informed about climate-related issues, whether the board considers climate-related issues when reviewing and guiding strategy, risk management policies, and business plans, or how the board monitors and oversees progress against goals and targets for addressing climate-related issues. The report does mention that the Board has oversight responsibilities relating to the risk management policies and practices, but it does not provide any specific details on how the board oversees climate-related risks. Overall, the disclosure is insufficient to meet the TCFD guidelines.","The sustainability report provides limited information on management's role in assessing and managing climate-related risks and opportunities. While the report mentions the existence of a Risk Center of Excellence and two committees of the Board of Directors with primary responsibility for sustainability-related topics, it does not provide specific details on the responsibilities of these committees or how they assess and manage climate-related issues. The report also does not describe the organizational structure related to climate-related responsibilities or the processes by which management is informed about climate-related issues. Overall, the report lacks the necessary components for high-quality disclosure pertaining to the critical element of management's role in assessing and managing climate-related risks and opportunities.","The sustainability report does not provide sufficient information to meet the requirements for this critical element. The report does not describe the relevant short-, medium-, and long-term time horizons, nor does it provide a description of the specific climate-related issues potentially arising in each time horizon that could have a material financial impact on the organization. The report also does not describe the process used to determine which risks and opportunities could have a material financial impact on the organization. The report mentions risks and opportunities related to sustainability, but it is not clear how they are related to climate change. The report does not provide a description of risks and opportunities by sector and/or geography. Therefore, the report does not meet the requirements for high-quality disclosure pertaining to this critical element.","The given disclosure does not provide sufficient information to rate the quality of disclosure on how climate-related risks and opportunities impact the organization's business strategy, economic and financial performance, and financial planning. The disclosure does not discuss how identified climate-related issues have affected their businesses, strategy, and financial planning. It does not describe the impact of climate-related issues on their financial performance and financial position. The disclosure does not reflect a holistic picture of the interdependencies among the factors that affect their ability to create value over time. The disclosure does not describe the impact of climate-related issues on their investment in research and development, acquisitions or divestments, and access to capital. The disclosure does not describe their plans for transitioning to a low-carbon economy, which could include GHG emissions targets and specific activities intended to reduce GHG emissions in their operations and value chain or to otherwise support the transition.","The given sustainability report does not provide sufficient information to evaluate the resilience of the organization's strategy when considering different climate-related scenarios, including a 2°C target or lower scenario. The report does not discuss how the organization's strategies might change to address potential risks and opportunities, the potential impact of climate-related issues on financial performance and financial position, and the climate-related scenarios and associated time horizon considered. The report only briefly mentions the organization's commitment to sustainability and its governance structure. While the report mentions stakeholder engagement and the use of external guidelines and measurement frameworks, it does not provide any specific details on how the organization is addressing climate-related risks and opportunities.","The sustainability report provides limited information on the processes used by ITT to identify and assess climate-related risks. While the report mentions the existence of a Risk Center of Excellence  and the oversight of the Board of Directors, it does not provide any specific details on how the RCOE identifies and assesses climate-related risks. The report does not mention whether ITT considers existing and emerging regulatory requirements related to climate change or other relevant factors. The report does not disclose the processes for assessing the potential size and scope of identified climate-related risks or definitions of risk terminology used or references to existing risk classification frameworks used. Overall, the report lacks sufficient detail to meet the TCFD guidelines.","The sustainability report provides some information on how ITT manages climate-related risks. The report mentions that ITT has a Risk Center of Excellence that oversees a comprehensive risk management system to identify, mitigate, and monitor the most critical enterprise risks. However, the report lacks specific details on how ITT makes decisions to mitigate, transfer, accept, or control climate-related risks. The report also does not provide information on how ITT prioritizes climate-related risks or how materiality determinations are made within the organization. Overall, the disclosure is insufficient to meet the TCFD guidelines for high-quality disclosure pertaining to the TCFD recommendation point.","The report provides some information on how ITT integrates climate-related risks into its overall risk management. The report mentions the ITT Risk Center of Excellence , which oversees a comprehensive risk management system to identify, mitigate, and monitor the most critical enterprise risks. The RCOE regularly reports to the Board on the most critical enterprise risks. However, the report lacks specific details on how climate-related risks are integrated into the overall risk management process. The report does not provide information on how ITT identifies, assesses, and manages climate-related risks. Therefore, the report partially meets the TCFD guidelines.","The sustainability report lacks specific details on the metrics used to assess climate-related risks and opportunities. While the report mentions external guidelines and measurement frameworks, it does not provide any specific metrics or methodologies used to calculate or estimate climate-related metrics. The report does not provide metrics on climate-related risks associated with water, energy, land use, and waste management. The report does not mention whether and how related performance metrics are incorporated into remuneration policies. The report does not provide internal carbon prices or climate-related opportunity metrics such as revenue from products and services designed for a low-carbon economy. The report does not provide forward-looking metrics for the cross-industry, consistent with their business or strategic planning time horizons.","The sustainability report mentions greenhouse gas emissions and energy consumption, but it does not provide a clear disclosure of Scope 1, Scope 2, and Scope 3 GHG emissions and related risks. The report does not provide GHG emissions for historical periods, nor does it describe the methodologies used to calculate or estimate the metrics. The report mentions external guidelines and measurement frameworks, but it does not specify if the GHG emissions were calculated in line with the GHG Protocol methodology. The report does not provide generally accepted industry-specific GHG efficiency ratios. Overall, the report lacks the necessary components for high-quality disclosure pertaining to the critical element of GHG emissions.","The given disclosure does not provide any information on the targets used by the organization to manage climate-related risks and opportunities and performance against targets. The report only mentions that the organization uses external guidelines and measurement frameworks to inform the scope of their reporting. However, it does not provide any details on the targets set by the organization, such as whether they are absolute or intensity-based, time frames over which the target applies, base year from which progress is measured, and key performance indicators used to assess progress against targets. Therefore, the report fails to meet the requirements for high-quality disclosure pertaining to the critical element of targets used to understand/quantify/benchmark climate-related risks and opportunities and performance against these targets."
SCORE,20,20,0,0,10,20,40,60,20,20,0
