,"Company name: Consolidated Edison, Inc.
Company sector: Energy-delivery
Company location: New York
Pages: 50","Company name: Consolidated Edison, Inc.
Company sector: Energy-delivery
Company location: New York
Pages: 50","Company name: Consolidated Edison, Inc.
Company sector: Energy-delivery
Company location: New York
Pages: 50","Company name: Consolidated Edison, Inc.
Company sector: Energy-delivery
Company location: New York
Pages: 50","Company name: Consolidated Edison, Inc.
Company sector: Energy-delivery
Company location: New York
Pages: 50","Company name: Consolidated Edison, Inc.
Company sector: Energy-delivery
Company location: New York
Pages: 50","Company name: Consolidated Edison, Inc.
Company sector: Energy-delivery
Company location: New York
Pages: 50","Company name: Consolidated Edison, Inc.
Company sector: Energy-delivery
Company location: New York
Pages: 50","Company name: Consolidated Edison, Inc.
Company sector: Energy-delivery
Company location: New York
Pages: 50","Company name: Consolidated Edison, Inc.
Company sector: Energy-delivery
Company location: New York
Pages: 50","Company name: Consolidated Edison, Inc.
Company sector: Energy-delivery
Company location: New York
Pages: 50"
,tcfd_1,tcfd_2,tcfd_3,tcfd_4,tcfd_5,tcfd_6,tcfd_7,tcfd_8,tcfd_9,tcfd_10,tcfd_11
ANSWER,"The Environment, Health & Safety Committee of the Board of Directors oversees the company's EH&S efforts relating to the protection of the environment, sustainability, and the health and safety of Company employees and the public. The EH&S vice president, together with senior management, is responsible for developing strategic goals and programs to ensure compliance and support the Company’s commitment to and continued work to achieve EH&S excellence. The Office of the Corporate Ombudsman provides employees with an independent office to which they may confidentially report suspected violations of our Code of Conduct including ethical, legal, or EH&S concerns. The EH&S Review Board reviews the Company’s management of both regulatory and internal requirements and assesses whether its implementation is consistent with the Company’s commitment to strive for excellence.","The company plans to evaluate potential impacts of climate change on its energy systems and create a risk mitigation plan with a portfolio of solutions to provide the required resiliency. It is also conducting a study to understand the vulnerability of its energy systems to climate change and identify adaptation options to enhance system resiliency. However, the report lacks specific details on the role of management in assessing and managing climate-related risks and opportunities.","Consolidated Edison, Inc. has identified climate change as a risk and is conducting a study to understand the vulnerability of its energy systems to climate change. The company has invested $1 billion to fortify its energy-delivery systems against extreme weather. It is also preparing for a future beyond traditional forms of energy. However, the report lacks specific details on the identified risks and opportunities and their association with a horizon.","Consolidated Edison, Inc. acknowledges climate change risks and is conducting a study to understand the vulnerability of its energy systems to climate change and identify adaptation options to enhance system resiliency. The company has made investments to fortify its energy-delivery systems against extreme weather. However, the report lacks concrete data on the impact of climate-related risks and opportunities on the company's business strategy, economic and financial performance, and financial planning.","The report mentions that the company is conducting a study to understand the vulnerability of their energy systems to climate change and identify adaptation options to enhance system resiliency. They plan to evaluate potential impacts to their systems based on future weather scenarios and create a risk mitigation plan with a portfolio of solutions to provide the required resiliency. The report also mentions that the company has made investments to fortify their energy-delivery systems against extreme weather. However, there is no concrete evidence to suggest how resilient their strategy is when considering different climate-related scenarios or physical risks.","Consolidated Edison, Inc. is conducting a study to understand the vulnerability of their energy systems to climate change and identify adaptation options to enhance system resiliency. The study will use the latest available climate science to project future weather scenarios for their service territory out to the year 2080. Based on these impacts, they will evaluate adaptation options such as revisions to design standards and operating processes.","Consolidated Edison, Inc. is conducting a study to understand the vulnerability of their energy systems to climate change and identify adaptation options to enhance system resiliency. They have made investments to fortify their energy-delivery systems against extreme weather. They are also working with local, state, and federal agencies to identify and employ the latest technological tools to protect their customers and equipment. However, the report lacks concrete data on the effectiveness of these measures.","The report mentions that the company is conducting a study to understand the vulnerability of their energy systems to climate change and identify adaptation options to enhance system resiliency. The study will use the latest available climate science to project future weather scenarios for their service territory out to the year 2080. Based on these impacts, they will evaluate adaptation options such as revisions to design standards and operating processes. A risk mitigation plan will then be created with a portfolio of solutions to provide the required resiliency. However, it is unclear how these processes are integrated into the organization's overall risk management.","The company plans to evaluate potential impacts to its electric, gas, and steam systems based on weather scenario projections for the year 2080. Adaptation options will be identified, and a risk mitigation plan will be created. The company has also made investments to fortify its energy-delivery systems against extreme weather. However, the report does not provide specific metrics used to assess climate-related risks and opportunities or how they help ensure performance is in line with the company's strategy and risk management process.","Yes, Consolidated Edison, Inc. discloses its Scope 1 and Scope 2 GHG emissions. Scope 1 emissions are direct emissions from CEI owned or controlled sources, while Scope 2 emissions are indirect emissions associated with delivering products to customers. However, there is no information on Scope 3 emissions. The report does not provide any specific figures on these emissions. The related risks are not mentioned in the report.","Consolidated Edison, Inc. is conducting a study to understand the vulnerability of their energy systems to climate change and identify adaptation options to enhance system resiliency. The study will use the latest available climate science to project future weather scenarios for their service territory out to the year 2080. No specific targets were mentioned in the report."
SOURCES,"[101, 102, 125, 126, 127]","[101, 102]","[101, 99, 1, 16]","[101, 102, 99]","[101, 102, 99]","[101, 102]","[101, 102, 99, 93]","[101, 102]","[102, 16, 101, 13, 99, 93, 32, 124, 117, 123, 97, 12, 79, 157, 33, 26, 103]","[187, 188]","[101, 102]"
PAGE,"[24, 28]",[24],"[24, 0, 2]",[24],[24],[24],"[24, 22]",[24],"[2, 35, 5, 6, 17, 22, 23, 24, 25, 27, 28]","[44, 45]",[24]
ANALYSIS,"The sustainability report provides limited information on how the company's board oversees climate-related risks and opportunities. While the report mentions the Environment, Health & Safety Committee of the Board of Directors, it does not provide any details on the processes and frequency by which the board and/or board committees are informed about climate-related issues. The report also does not discuss whether the board and/or board committees consider climate-related issues when reviewing and guiding strategy, major plans of action, risk management policies, annual budgets, and business plans. Additionally, the report does not provide any information on how the board monitors and oversees progress against goals and targets for addressing climate-related issues. As a result, the report does not meet the TCFD guidelines for high-quality disclosure pertaining to the TCFD recommendation point.","The given disclosure does not provide sufficient information to evaluate the role of management in assessing and managing climate-related risks and opportunities. The disclosure does not mention whether the organization has assigned climate-related responsibilities to management-level positions or committees, the associated organizational structure, processes by which management is informed about climate-related issues, or how management monitors climate-related issues. The disclosure only provides information on the company's investments to fortify energy-delivery systems against extreme weather and a study to understand the vulnerability of energy systems to climate change. Therefore, the disclosure does not meet any of the requirements for high-quality disclosure pertaining to the critical element of management's role in assessing and managing climate-related risks and opportunities.","The given disclosure provides some information on the climate-related risks and opportunities that the organization has identified over the short, medium, and long term. However, the disclosure lacks specificity and does not meet all the requirements. The disclosure does not provide a clear description of the specific climate-related issues potentially arising in each time horizon that could have a material financial impact on the organization. Additionally, the disclosure does not provide a description of the process used to determine which risks and opportunities could have a material financial impact on the organization. The disclosure does not consider providing a description of their risks and opportunities by sector and/or geography, as appropriate. Overall, the disclosure is insufficient to provide a comprehensive understanding of the organization's climate-related risks and opportunities.","The sustainability report provides some information on how climate-related risks and opportunities impact the organization's businesses strategy, economic and financial performance, and financial planning. The report mentions that the company is conducting a study to understand the vulnerability of their energy systems to climate change and identify adaptation options to enhance system resiliency. The report also mentions that the company has made investments to fortify their energy-delivery systems against extreme weather. However, the report lacks specific details on how climate-related issues serve as an input to their financial planning process, the impact of climate-related issues on their financial performance and financial position, and their plans for transitioning to a low-carbon economy. Therefore, the report does not fully satisfy the TCFD guidelines and scores 50 out of 100.","The given disclosure mentions the company's efforts to evaluate potential impacts of climate-related risks and opportunities and to create a risk mitigation plan with a portfolio of solutions to provide the required resiliency. The company has also invested $1 billion to make its energy systems more resilient against extreme weather. However, the disclosure lacks details on how the company's strategies might change to address potential risks and opportunities, the potential impact of climate-related issues on financial performance and financial position, and the climate-related scenarios and associated time horizon considered. Therefore, the disclosure partially meets the requirements for the critical element of how resilient the organization's strategy is when considering different climate-related scenarios, including a 2°C target or lower scenario, and how resilient the organization's strategy is when considering climate physical risks.","The given disclosure does not provide sufficient information to rate the organization's processes for identifying and assessing climate-related risks. Although the report mentions a study to understand the vulnerability of energy systems to climate change and identify adaptation options, it does not provide any details on the risk management processes used to identify and assess climate-related risks. The report does not disclose whether the organization considers existing and emerging regulatory requirements related to climate change or other relevant factors. Additionally, the report does not provide any information on the processes for assessing the potential size and scope of identified climate-related risks or definitions of risk terminology used or references to existing risk classification frameworks used. Therefore, the report does not meet the requirements for high-quality disclosure pertaining to the critical element.","The report provides some information on how the organization manages climate-related risks. It mentions that the company is conducting a study to understand the vulnerability of its energy systems to climate change and identify adaptation options to enhance system resiliency. The report also highlights the company's investment to fortify its energy-delivery systems against extreme weather. However, the report lacks details on how the company makes decisions to mitigate, transfer, accept, or control climate-related risks. It also does not describe the company's processes for prioritizing climate-related risks, including how materiality determinations are made within the organization. Therefore, the report does not fully satisfy the TCFD guidelines for high-quality disclosure pertaining to the TCFD recommendation point.","The report provides some information on how the company is identifying, assessing, and managing climate-related risks. It mentions that the company is conducting a study to understand the vulnerability of its energy systems to climate change and identify adaptation options to enhance system resiliency. However, the report lacks specific details on how the processes for identifying, assessing, and managing climate-related risks are integrated into the organization's overall risk management. The report does not provide any information on how the company is integrating climate-related risks into its overall risk management. Therefore, the report does not fully satisfy the TCFD guidelines for high-quality disclosure pertaining to the TCFD recommendation point.","The sustainability report provides limited information on the metrics used to assess climate-related risks and opportunities. The report mentions a study to understand the vulnerability of energy systems to climate change and investments made to fortify energy-delivery systems against extreme weather. However, there is no mention of specific metrics used to measure and manage climate-related risks and opportunities. The report does not provide any information on whether and how related performance metrics are incorporated into remuneration policies. The report does not provide internal carbon prices or climate-related opportunity metrics. The report does not provide forward-looking metrics for the cross-industry. Overall, the report does not meet most of the TCFD guidelines.","The sustainability report of Con Edison, Inc. provides some information on its Scope 1 and Scope 2 GHG emissions, but it does not disclose its Scope 3 GHG emissions. The report does not provide any information on the related risks. The report does not mention the GHG Protocol methodology, and it does not provide any historical data on GHG emissions. The report does not provide any industry-specific GHG efficiency ratios. The report does not provide any description of the methodologies used to calculate or estimate the metrics. Overall, the report lacks transparency and specificity in disclosing its GHG emissions and related risks.","The sustainability report does not provide any specific targets or performance indicators to manage climate-related risks and opportunities. Although the report mentions the company's investment to fortify energy-delivery systems against extreme weather and a study to understand the vulnerability of energy systems to climate change, it does not provide any specific targets or performance indicators to measure progress against these initiatives. The report also lacks information on the methodologies used to calculate targets and measures. Overall, the report does not meet the requirements for high-quality disclosure pertaining to the critical element of targets used to manage climate-related risks and opportunities and performance against targets."
SCORE,20,0,40,50,60,0,50,40,20,30,10
