,"Company name: Anywhere
Company sector: Real Estate
Company location: Madison, New Jersey
Pages: 74","Company name: Anywhere
Company sector: Real Estate
Company location: Madison, New Jersey
Pages: 74","Company name: Anywhere
Company sector: Real Estate
Company location: Madison, New Jersey
Pages: 74","Company name: Anywhere
Company sector: Real Estate
Company location: Madison, New Jersey
Pages: 74","Company name: Anywhere
Company sector: Real Estate
Company location: Madison, New Jersey
Pages: 74","Company name: Anywhere
Company sector: Real Estate
Company location: Madison, New Jersey
Pages: 74","Company name: Anywhere
Company sector: Real Estate
Company location: Madison, New Jersey
Pages: 74","Company name: Anywhere
Company sector: Real Estate
Company location: Madison, New Jersey
Pages: 74","Company name: Anywhere
Company sector: Real Estate
Company location: Madison, New Jersey
Pages: 74","Company name: Anywhere
Company sector: Real Estate
Company location: Madison, New Jersey
Pages: 74","Company name: Anywhere
Company sector: Real Estate
Company location: Madison, New Jersey
Pages: 74"
,tcfd_1,tcfd_2,tcfd_3,tcfd_4,tcfd_5,tcfd_6,tcfd_7,tcfd_8,tcfd_9,tcfd_10,tcfd_11
ANSWER,"The sustainability report does not provide any specific information on how the company's board oversees climate-related risks and opportunities. The report only mentions that the board seeks perspectives of stockholders through the Investor Outreach Program and has made changes to the executive compensation program and corporate governance structure based on feedback received. However, there is no mention of any concrete actions taken by the board to address climate risks and opportunities.","The sustainability report does not provide any specific information on the role of management in assessing and managing climate-related risks and opportunities. However, the report mentions that the company is committed to mitigating its environmental impact and enhancing its efforts in this regard, especially during its recent transition to a hybrid workplace.","The sustainability report does not provide a clear identification of climate-related risks and opportunities over the short, medium, and long term. The report only mentions the company's small environmental impact and its efforts to mitigate it. There is no clear association of risks with a horizon. The report contains a lot of cheap talks and vague statements that lack concrete data to support them.","The sustainability report does not provide a clear and comprehensive analysis of how climate-related risks and opportunities impact Anywhere's business strategy, economic and financial performance, and financial planning. The report only mentions that the company is aspiring to find a better way to mitigate its environmental impact, but it does not provide any concrete data or quantifiable measures to support this claim. Additionally, the report contains several cheap talks and vague statements that are not grounded in specific actions or outcomes.","The sustainability report lacks information on the company's resilience to different climate-related scenarios, including a 2°C target or lower scenario. The report only mentions the company's efforts to mitigate its environmental impact, but it does not provide any concrete data on the effectiveness of these efforts. Therefore, it is unclear how resilient the company's strategy is when considering climate physical risks.","The report does not provide any specific information on the processes used by Anywhere to identify and assess climate-related risks. However, it mentions that Cartus reports global impact goals to the Carbon Disclosure Project  and EcoVadis, a third-party Corporate Social Responsibility evaluator that assesses sustainability, labor practices, ethics, and supplier management .","The report does not provide concrete information on how Anywhere manages climate-related risks. The only relevant information is that Cartus reports global impact goals to the Carbon Disclosure Project  and EcoVadis, and that Anywhere believes its environmental impact is small and continues to enhance its efforts, especially during its recent transition to a hybrid workplace.","The sustainability report does not provide sufficient information on how the company integrates climate-related risks into its overall risk management. The report only mentions third-party recognition and supplier management, which are not specific to climate-related risks. The report also lacks concrete data on the company's environmental impact and mitigation efforts, making it difficult to assess the effectiveness of its risk management practices.","The report does not provide specific metrics used to assess climate-related risks and opportunities. However, the company acknowledges its environmental impact and aims to mitigate it. The report does not provide evidence of how the metrics help ensure performance is in line with its strategy and risk management process.","The report does not disclose the company's Scope 1, Scope 2, and Scope 3 greenhouse gas emissions. The report only mentions that the company believes its environmental impact is small, but it is unclear if this is based on any quantifiable data. There is no specific information on related risks to GHG emissions.","The report does not provide any specific targets used by Anywhere to understand/quantify/benchmark climate-related risks and opportunities. The report only mentions that the company reports global impact goals to the Carbon Disclosure Project  and EcoVadis, a third-party Corporate Social Responsibility evaluator. There is no information on how the organization is performing against these targets."
SOURCES,"[18, 23, 24, 19]",[219],[219],"[23, 66, 87, 149, 219, 244, 251]","[23, 219]",[248],"[248, 251, 219]","[23, 219]","[87, 222]","[23, 219]","[248, 23, 251, 219, 48, 68, 60, 10, 71, 244, 66, 69, 127, 12, 250, 47, 39, 57, 73, 87]"
PAGE,"[8, 9]",[62],[62],"[70, 9, 73, 43, 19, 24, 62]","[9, 62]",[72],"[72, 73, 62]","[9, 62]","[24, 63]","[9, 62]","[3, 4, 70, 38, 72, 9, 73, 13, 16, 18, 19, 21, 22, 24, 62]"
ANALYSIS,"The sustainability report does not provide sufficient information on how the company's board oversees climate-related risks and opportunities. The report does not discuss the processes and frequency by which the board and/or board committees are informed about climate-related issues. There is no mention of whether the board and/or board committees consider climate-related issues when reviewing and guiding strategy, major plans of action, risk management policies, annual budgets, and business plans. The report also does not provide information on how the board monitors and oversees progress against goals and targets for addressing climate-related issues. The report provides some information on the board's engagement with investors and governance practices, but this information is not sufficient to meet the requirements for high-quality disclosure on this critical element.","The given sustainability report does not provide any information on the role of management in assessing and managing climate-related risks and opportunities. The report does not mention whether the organization has assigned climate-related responsibilities to management-level positions or committees, the associated organizational structure, processes by which management is informed about climate-related issues, or how management monitors climate-related issues. Instead, the report focuses on topics such as diversity, ethics, and compliance, and provides information on third-party recognition, development programs, and board engagement. Therefore, the report fails to meet any of the requirements for high-quality disclosure pertaining to the critical element of management's role in assessing and managing climate-related risks and opportunities.","The sustainability report does not provide any information on the most relevant climate-related risks and opportunities that the organization has identified over the short, medium, and long term. The report does not meet any of the requirements outlined for this critical element. Instead, the report focuses on the company's governance practices, employee development programs, and third-party recognition. The report mentions the company's environmental impact but does not provide any specific information on climate-related risks and opportunities. As a result, the report's disclosure quality on this critical element is poor.","The given sustainability report does not provide any information on how climate-related risks and opportunities impact the organization's businesses strategy, economic and financial performance, and financial planning. The report only contains information on the company's governance practices, wellness programs, and third-party recognition. The report does not meet any of the requirements for high-quality disclosure pertaining to the critical element of climate-related risks and opportunities. Therefore, the report receives a score of 0.","The sustainability report does not provide any information on how resilient the organization's strategy is when considering different climate-related scenarios, including a 2°C target or lower scenario. The report does not discuss how the organization's strategies might change to address potential climate-related risks and opportunities. There is no mention of the potential impact of climate-related issues on financial performance and financial position. The report does not provide any information on the climate-related scenarios and associated time horizon considered. The report only briefly mentions the organization's environmental impact and efforts to mitigate it. Overall, the report does not meet the requirements for high-quality disclosure pertaining to the critical element of the organization's strategy's resilience when considering different climate-related scenarios and physical risks.","The sustainability report provided no information on the processes used by Cartus to identify and assess climate-related risks. Instead, the report focused on third-party recognition, supplier management, diversity, and inclusion, employee engagement, and other topics. The report did not describe the organization's risk management processes for identifying and assessing climate-related risks, nor did it provide information on how the organization determines the relative significance of climate-related risks in relation to other risks. The report did not disclose whether the organization considers existing and emerging regulatory requirements related to climate change or other relevant factors. The report did not provide any information on the potential size and scope of identified climate-related risks or definitions of risk terminology used or references to existing risk classification frameworks used.","The given disclosure does not provide sufficient information on how the organization manages climate-related risks. The report does not describe the organization's processes for managing climate-related risks, including how they make decisions to mitigate, transfer, accept, or control those risks. Additionally, the report does not describe the organization's processes for prioritizing climate-related risks, including how materiality determinations are made within their organizations. The report only mentions the organization's efforts to reduce waste and conserve energy, but it does not provide any specific details on how these efforts are related to climate-related risks. Overall, the disclosure lacks the necessary components for high-quality disclosure pertaining to the critical element of how the organization manages climate-related risks.","The given disclosure does not provide any information on how the organization integrates its processes for identifying, assessing, and managing climate-related risks into its overall risk management. Instead, the report focuses on various other aspects such as third-party recognition, supplier management, governance practices, environment, ethics and compliance, diversity and inclusion, wellness, and employee engagement. As a result, the report fails to meet the requirements for high-quality disclosure pertaining to the critical element of how climate-related risks are integrated into the organization's overall risk management. Therefore, the score for this disclosure is 0.","The sustainability report provided no information on the metrics used by the organization to assess climate-related risks and opportunities in line with its strategy and risk management process. Instead, the report focused on third-party recognition, governance practices, employee engagement, and diversity and inclusion. The report did not provide any metrics on climate-related risks associated with water, energy, land use, and waste management. The report also did not provide any information on whether and how related performance metrics are incorporated into remuneration policies. The report did not provide any internal carbon prices or climate-related opportunity metrics such as revenue from products and services designed for a low-carbon economy. The report did not provide any historical or forward-looking metrics for the cross-industry, consistent with their business or strategic planning time horizons. The report did not provide a description of the methodologies used to calculate or estimate climate-related metrics.","The sustainability report provided by Cartus lacks disclosure on its Scope 1, Scope 2, and Scope 3 greenhouse gas  emissions and the related risks. The report does not provide any information on the GHG emissions and associated metrics for historical periods, nor does it describe the methodologies used to calculate or estimate the metrics. The report does not meet the requirements for high-quality disclosure pertaining to the critical element. Instead, the report focuses on third-party recognition, supplier management, employee engagement, and sustainability in design. While these are important aspects of sustainability, they do not provide a comprehensive picture of the organization's environmental impact. As a result, the report scores 0 out of 100.","The given sustainability report does not provide any information on the targets used by the organization to manage climate-related risks and opportunities and performance against targets. The report only mentions third-party recognition and supplier management. The report does not describe any key climate-related targets, whether they are absolute or intensity-based, time frames over which the target applies, base year from which progress is measured, or key performance indicators used to assess progress against targets. The report does not provide any description of the methodologies used to calculate targets and measures. Therefore, the report does not meet any of the requirements for high-quality disclosure pertaining to the critical element of targets used to understand/quantify/benchmark climate-related risks and opportunities and performance against targets."
SCORE,20,0,0,0,0,0,0,0,0,0,0
